seller_id,total_orders,total_sales,avg_price,avg_review_score,category_count,avg_photos_qty,seller_state,active_months,monthly_avg_sales,freight_ratio,low_review_rate,on_time_rate,avg_delivery_days
0015a82c2db000af6aaaf3ae2ecb0532,3,2685.0,895.0,3.6666666666666665,1,2.0,SP,2,1342.5,0.02348603351955307,0.3333333333333333,1.0,10.793885030864198
001cca7ae9ae17fb1caed9dfb1094831,200,25080.03,104.9373640167364,3.902542372881356,2,1.794979079497908,ES,18,1393.335,0.36118443376818055,0.18828451882845187,0.9444444444444444,13.096631647673313
001e6ad469a905060d959994f1b41e4f,1,250.0,250.0,1.0,1,5.0,RJ,1,250.0,0.07176,1.0,,
002100f778ceb8431b7a1020ff7ab48f,51,1234.5,22.445454545454545,3.981818181818182,1,1.0,SP,8,154.3125,0.7711030782149153,0.14545454545454545,0.8333333333333334,16.192371399176952
003554e2dce176b5555353e4f3555ac8,1,120.0,120.0,5.0,0,,GO,1,120.0,0.1615,0.0,1.0,4.646805555555556
004c9cd9d87a3c30c522c48c4fc07416,158,19712.71,115.95711764705882,4.1437125748503,1,1.0379746835443038,SP,17,1159.5711764705882,0.19144257695363612,0.12352941176470589,0.9226190476190477,14.43036361882716
00720abe85ba0859807595bbf045a33b,13,1007.5,38.75,3.6538461538461537,1,2.230769230769231,SP,8,125.9375,0.5379509176326153,0.15384615384615385,0.9230769230769231,8.532746171652422
00ab3eff1b5192e5f1a63bcecfee11c8,1,98.0,98.0,5.0,1,1.0,SP,1,98.0,0.12326530612244899,0.0,1.0,9.052488425925926
00d8b143d12632bad99c0ad66ad52825,1,86.0,86.0,5.0,1,1.0,MG,1,86.0,0.5941860465116279,0.0,1.0,7.233344907407408
00ee68308b45bc5e2660cd833c3f81cc,135,20260.0,117.79069767441861,4.3274853801169595,2,1.0930232558139534,SP,12,1688.3333333333333,0.18838419715810562,0.09883720930232558,0.9186046511627907,9.16644191429802
00fc707aaaad2d31347cf883cd2dfe10,103,12684.9,93.96222222222222,3.791044776119403,1,1.0,PR,6,2114.15,0.187924353279953,0.23703703703703705,0.9555555555555556,15.77124777091907
010543a62bd80aa422851e79a3bc7540,2,1416.0,708.0,4.5,1,6.0,SP,2,708.0,0.022563559322033896,0.0,1.0,9.085081018518519
010da0602d7774602cd1b3f5fb7b709e,1,849.5,169.9,1.0,1,4.0,SP,1,849.5,0.27104178928781636,1.0,1.0,26.114687499999995
011b0eaba87386a2ae96a7d32bb531d1,1,99.98,49.99,4.0,1,1.0,SP,1,99.98,0.29185837167433487,0.0,1.0,25.1803125
01266d4c46afa519678d16a8b683d325,3,90.25,30.083333333333332,5.0,1,1.0,PR,1,90.25,0.7800764637590114,0.0,1.0,5.922897376543209
013900e863eace745d3ec7614cab5b1a,23,1619.7,62.29615384615385,4.730769230769231,3,3.5384615384615383,PR,14,115.69285714285715,0.29837053324892904,0.038461538461538464,1.0,11.491611467236469
014c0679dd340a0e338872e7ec85666a,14,7058.0,470.53333333333336,3.6666666666666665,3,2.8,MG,19,371.4736842105263,0.1039511249051866,0.2,0.8666666666666667,19.02018364197531
014d9a685fd57276679edd00e07089e5,11,729.88,60.82333333333333,3.8333333333333335,2,1.0,PR,10,72.988,0.2067191580457549,0.16666666666666666,1.0,8.83783275462963
0176f73cc1195f367f7b32db1e5b3aa8,38,4733.1,121.36153846153847,4.0256410256410255,1,1.1025641025641026,SP,10,473.31000000000006,0.26291872250082327,0.1794871794871795,0.8947368421052632,13.377644066764132
01bcc9d254a0143f0ce9791b960b2a47,11,1521.21,138.29181818181817,4.4,1,2.909090909090909,GO,7,217.31571428571428,0.1872705507168486,0.0,1.0,12.787733796296298
01c97ebb5cdac52891c0ed1c37ba0012,9,577.5,48.125,4.083333333333333,1,2.8333333333333335,SP,16,36.09375,0.42904492638176767,0.16666666666666666,1.0,12.708532986111111
01cf7e3d21494c41fb86034f2e714fa1,61,9729.36,145.21432835820897,4.212121212121212,8,1.4153846153846155,PR,17,572.3152941176471,0.22844912271581472,0.1044776119402985,0.9538461538461539,11.565541132478632
01ed254b9ff8407dfb9d99ba1e17d923,5,1465.99,293.198,5.0,1,3.6,SP,4,366.4975,0.06156098348887048,0.0,1.0,6.675569444444444
01fd077212124329bac32490e8ef80d9,31,1208.0,30.974358974358974,4.3076923076923075,7,3.41025641025641,SP,5,241.6,0.5811420388208961,0.1282051282051282,0.9743589743589743,7.986924857549857
01fdefa7697d26ad920e9e0346d4bd1b,129,14921.43,113.90404580152672,4.346153846153846,1,3.49618320610687,PR,17,877.7311764705883,0.2132208615803045,0.061068702290076333,0.9384615384615385,10.75119756054131
0241d4d5d36f10f80c644447315af0bd,238,31397.7,127.6329268292683,4.3061224489795915,1,1.0284552845528456,PR,11,2854.336363636364,0.2715588002559513,0.11788617886178862,0.943089430894309,10.94086523261066
0249d282d911d23cb8b869ab49c99f53,11,393.0,35.72727272727273,4.2727272727272725,1,1.1818181818181819,SP,7,56.142857142857146,0.4476523046050769,0.18181818181818182,0.8181818181818182,10.258965698653197
024b564ae893ce8e9bfa02c10a401ece,2,706.4000000000001,88.30000000000001,4.75,2,1.75,SP,5,141.28000000000003,0.309903803288198,0.0,1.0,18.18716724537037
028872bfa080090a9d0abd4f1af168f8,1,70.5,23.5,5.0,0,,MG,1,70.5,0.6719148936170213,0.0,1.0,16.481273148148148
02a2272692e13558373c66db98f05e2e,2,54.98,27.49,3.0,1,1.5,RJ,2,27.49,0.7292755715157021,0.5,,
02b72cdeb9cfcc429f1af6f4e3f3b737,4,522.65,130.6625,4.75,1,3.75,SP,2,261.325,0.4315855764039368,0.0,1.0,12.510251736111112
02c988090b766852e088c69d7fb3b551,13,1618.65,95.21470588235294,4.6875,2,3.2941176470588234,SP,14,115.61785714285715,0.3868198711995596,0.058823529411764705,1.0,8.518108362268519
02d35243ea2e497335cd0f076b45675d,14,5794.0,362.125,2.6875,1,1.125,RN,17,340.8235294117647,0.1259431114139046,0.375,0.625,25.812436342592594
02dcd3e8e25bee036e32512bcf175493,14,1491.9,87.75882352941177,3.588235294117647,1,1.588235294117647,MG,11,135.62727272727273,0.2122771415471668,0.35294117647058826,0.6666666666666666,17.230233796296297
02ecc2a19303f05e59ce133fd923fff7,21,5264.19,219.34124999999997,4.541666666666667,3,1.8333333333333333,SP,15,350.94599999999997,0.09886188980301276,0.08333333333333333,1.0,10.815350597993827
02f5837340d7eb4f653d676c7256523a,30,3883.05,129.435,4.833333333333333,1,1.0,PR,10,388.305,0.1509043655224856,0.03333333333333333,0.9666666666666667,9.659020061728395
02f623a8eb246f3c5f7c2f96462654e6,44,6378.0,144.95454545454547,4.558139534883721,2,1.1136363636363635,SP,5,1275.6,0.13851285965172505,0.045454545454545456,0.9090909090909091,8.482709648569024
0307f7565ff85b299b6e5ef162b1b1a9,7,4728.8,675.5428571428572,3.142857142857143,3,4.142857142857143,SP,8,591.1,0.28235711341061615,0.42857142857142855,1.0,15.198894675925926
0336182e1b3e92f029d5354832045fdf,1,29.8,14.9,2.0,1,2.0,SP,1,29.8,0.5895973154362416,1.0,1.0,13.061111111111112
034b9387752bfa309f350a70cd45ffa3,8,96.0,12.0,4.5,1,4.125,SC,5,19.2,1.5027083333333333,0.0,1.0,8.508582175925927
038b75b729c8a9a04b0d07cba7eabe86,2,467.0,233.5,3.5,1,1.0,SP,1,467.0,0.19453961456102783,0.0,0.5,22.549861111111113
039b29ff3b3473435d0cd59040575de9,9,114.9,12.766666666666667,4.444444444444445,2,1.0,SP,5,22.98,0.908071242616469,0.0,1.0,9.107943672839506
039e6ad9dae79614493083e241147386,5,12925.0,2585.0,4.0,1,1.0,SP,4,3231.25,0.0297906540736081,0.2,0.8,14.593856481481481
03a2a6dcbe45d639c4dc2a0d24769c40,9,1078.41,119.82333333333334,4.111111111111111,1,2.7777777777777777,SP,6,179.735,0.19347534627571575,0.1111111111111111,0.8888888888888888,10.4471579218107
03bd479e1d9484cdb14104d3023f7321,3,359.70000000000005,119.90000000000002,4.333333333333333,1,3.0,MG,3,119.90000000000002,0.16046705587989993,0.0,0.6666666666666666,20.46724151234568
0417b067eeab773d2f7061a726dc477f,13,1859.18,143.01384615384615,3.923076923076923,1,1.5384615384615385,SC,6,309.86333333333334,0.4535495138899593,0.23076923076923078,0.6923076923076923,17.55735933048433
042573af89b6d931f672efaf789d8358,3,413.48,137.82666666666668,3.6666666666666665,2,1.6666666666666667,SP,2,206.74,0.16801335123420946,0.3333333333333333,0.6666666666666666,20.024783950617284
04308b1ee57b6625f47df1d56f00eedf,94,60130.6,639.6872340425532,3.882978723404255,1,2.265957446808511,SC,10,6013.0599999999995,0.05693101614663254,0.2127659574468085,0.8804347826086957,18.87600291867955
0432ead42b6c8a0bdf68154add917fdf,85,7792.1,86.5788888888889,4.477777777777778,3,1.3111111111111111,SP,16,487.00625,0.1795833894835434,0.08888888888888889,0.9655172413793104,8.863279320987655
044668ccd5316b12a7cf0d54a156e3e9,3,137.8,34.45,5.0,1,1.0,SP,1,137.8,0.38515982462810117,0.0,1.0,7.197418981481482
04843805947f0fc584fc1969b6e50fe7,1,1400.0,700.0,5.0,1,2.0,RS,1,1400.0,0.0534,0.0,0.0,15.037071759259259
048c2757535328e0d7dac690ad3c0aae,51,9264.78,181.6623529411765,4.18,1,3.823529411764706,SP,18,514.71,0.1438130301311464,0.1568627450980392,0.86,18.514625925925927
04aa0a1c5ce6b222003403a3e11c3cc0,11,5518.0,324.5882352941176,3.5294117647058822,2,3.6470588235294117,SP,11,501.6363636363636,0.1854428761981829,0.29411764705882354,0.8823529411764706,16.365153867102396
04aba03279157f6d4e0fe8ccaf21963c,16,2575.9,160.99375,4.3125,1,1.0625,RJ,16,160.99375,0.1462043802404254,0.125,0.9333333333333333,11.624953703703705
04e38a233f726ef161074ab1c9b0399a,23,1352.2,48.292857142857144,3.7857142857142856,3,1.3928571428571428,SP,9,150.24444444444444,0.4135803990113421,0.17857142857142858,0.875,11.575084394290123
04ee0ec01589969663ba5967c0e0bdc0,1,289.49,289.49,5.0,1,3.0,RS,1,289.49,0.08577152924107913,0.0,1.0,3.0675925925925926
04fdea0c111866e6cf812f1570d6b5bd,10,1055.0,105.5,3.2,2,2.2,SP,4,263.75,0.20753552631578948,0.3,0.875,18.002058738425927
0509040ea3fe50071181bbc359eb7738,89,3737.95,38.14234693877551,4.5,3,1.3061224489795917,MG,16,233.621875,0.47717122954446295,0.01020408163265306,0.9375,11.378378785686728
052577151711aec5c744fe12e66db3e1,4,2748.0,687.0,2.25,1,1.0,SC,3,916.0,0.08093886462882097,0.75,1.0,14.03383101851852
054694fa03fe82cec4b7551487331d74,21,9983.1,453.77727272727276,3.3636363636363638,4,3.5,SP,16,623.94375,0.08086854247634352,0.3181818181818182,0.7142857142857143,30.169812610229275
056b4ada5bbc2c50cc7842547dda6b51,65,12333.390000000001,186.86954545454546,4.123076923076923,2,1.0757575757575757,RJ,9,1370.3766666666668,0.12542848173582602,0.15151515151515152,0.8923076923076924,12.71058992165242
0570350b23eda5444f8d1d9544932058,6,626.9,56.99090909090909,5.0,2,1.8181818181818181,SP,2,313.45,0.2061803958727218,0.0,1.0,4.799916877104376
05730013efda596306417c3b09302475,4,952.0,238.0,5.0,2,5.0,SC,2,476.0,0.22759453781512606,0.0,1.0,9.451623263888889
058cb5aeb36d7c0fcae20fc85d5e0a59,12,1328.0,102.15384615384616,3.3846153846153846,1,2.6153846153846154,RJ,12,110.66666666666667,0.5388282659369616,0.3076923076923077,0.9166666666666666,9.675294174382715
058fd0aa2bfdb2274e05e1ae971dabb6,61,7667.9,119.8109375,4.390625,2,1.0,SP,11,697.0818181818181,0.11823009016063735,0.09375,0.9206349206349206,10.220733575837741
05a48cc8859962767935ab9087417fbb,1,42.9,42.9,5.0,1,3.0,SP,1,42.9,0.38438228438228433,0.0,1.0,11.276516203703704
05a940b4ecae36cadfd8e93bd9c43257,10,952.0,95.2,3.9,3,2.4,GO,8,119.0,0.4211318672913739,0.2,1.0,14.254607767489713
05aebce0b5c8f0d41b29b686f2d05fd3,2,74.99000000000001,37.495000000000005,5.0,2,2.0,SP,6,12.498333333333335,0.5903417047727921,0.0,0.5,6.0006712962962965
05ca864204d09595ae591b93ea9cf93d,1,179.9,179.9,5.0,1,3.0,SP,1,179.9,0.04735964424680378,0.0,0.0,5.168472222222222
05d2173d43ea568aa0540eba70d2ca76,62,5759.66,87.26757575757576,4.0,3,1.0606060606060606,MG,12,479.97166666666664,0.45837260853359707,0.16666666666666666,0.9393939393939394,14.65211595117845
05e107217c7266362fd44b75b2cd4cc4,5,193.38,24.1725,4.125,1,1.0,SP,3,64.46,0.5826684398380568,0.0,0.5,6.803227719907407
05f51e13da97139648b8125c31e5f51b,60,13769.01,218.5557142857143,4.095238095238095,3,2.0952380952380953,MG,9,1529.89,0.17363102772908473,0.1746031746031746,0.85,12.294118248456789
05feb94f19d094d4b0f9281f0b1d4c99,6,9353.0,1558.8333333333333,4.5,2,3.0,SP,7,1336.142857142857,0.07642643228547365,0.0,1.0,15.371317515432098
05ff92fedb5be47920fea08e501238b9,59,21992.78,354.7222580645161,4.209677419354839,3,5.147540983606557,RS,23,956.2078260869565,0.11801941697587978,0.06451612903225806,0.95,12.246267746913581
062c325cd6a2b87845fab56b4ec2eeae,2,133.22,66.61,5.0,2,2.5,SP,4,33.305,0.19577318900244534,0.0,1.0,5.495763888888889
062ce95fa2ad4dfaedfc79260130565f,55,7521.0,125.35,3.966666666666667,5,1.8666666666666667,RS,9,835.6666666666666,0.2755688205738928,0.13333333333333333,0.9661016949152542,13.336690207156309
06532f10282704ef4c69168b914b77be,8,10220.5,1135.611111111111,4.222222222222222,2,2.4444444444444446,PR,6,1703.4166666666667,0.11630080796573873,0.1111111111111111,1.0,16.55254195601852
06579cb253ecd5a3a12a9e6eb6bf8f47,62,4727.2,65.65555555555555,3.763888888888889,3,1.6805555555555556,SP,13,363.6307692307692,0.3297182364794934,0.25,0.8428571428571429,10.958568783068785
066a6914e1ebf3ea95a216c73a986b91,68,9410.380000000001,127.16729729729731,3.9726027397260273,7,1.8918918918918919,PR,23,409.1469565217392,0.34978842264661586,0.14864864864864866,0.9583333333333334,14.171297743055554
0691148aee60ca47977c187804f935ae,47,5868.51,110.72660377358491,3.990566037735849,6,2.0377358490566038,PR,10,586.851,0.37526690092303644,0.18867924528301888,0.9622641509433962,13.014661949685536
0692610d8abe24f287e9fae90ea0bbee,4,173.99,43.4975,4.0,2,1.0,SP,3,57.99666666666667,0.23851542785026628,0.0,0.75,6.603399884259259
06a2c3af7b3aee5d69171b0e14f0ee87,392,36408.95,89.89864197530864,4.0,1,1.0,MA,8,4551.11875,0.35552644448390763,0.16049382716049382,0.763681592039801,17.7378431338677
06bb3a2fe5e7b7a845b13e8fb91bd944,17,1536.19,85.3438888888889,4.611111111111111,1,2.0,MG,11,139.65363636363637,0.24887158561279468,0.0,1.0,8.900171039094651
06df0c10d34e459d9672bc77388742eb,26,9070.0,302.3333333333333,4.366666666666666,1,3.0,PR,6,1511.6666666666667,0.057973004571110966,0.06666666666666667,0.9,9.701925925925927
06e5eefc71ec47ae763c5c6f8db7064f,92,22188.56,233.56378947368424,3.903225806451613,6,4.105263157894737,RS,17,1305.209411764706,0.11242061870737556,0.15789473684210525,0.978494623655914,10.9686506869773
07017df32dc5f2f1d2801e579548d620,8,946.49,105.16555555555556,4.111111111111111,1,4.0,PB,17,55.67588235294118,0.2281272239050878,0.2222222222222222,1.0,10.179305555555555
070d165398b553f3b4b851c216b8a358,32,3393.16,87.00410256410257,3.5,1,1.0256410256410255,SP,13,261.0123076923077,0.31310439905487736,0.3076923076923077,0.868421052631579,11.01272508528265
0725b8c0f3f906e58f70cbe76b7c748c,17,2190.3,59.197297297297304,3.581081081081081,5,1.135135135135135,SP,20,109.51500000000001,0.5914140090453448,0.2702702702702703,0.8055555555555556,11.780044688786008
0743a0239d764b9a0f959a57d07e36ab,4,336.96,84.24,4.75,2,1.25,SP,2,168.48,0.21008043106100444,0.0,1.0,5.358070023148148
0747d5bb69f0586cc869d8af4c50f93e,14,346.59999999999997,23.106666666666666,3.466666666666667,2,2.3333333333333335,RJ,9,38.511111111111106,0.7988844648851898,0.3333333333333333,0.9230769230769231,14.296866096866097
0761743cbffb25d7148189e9f1a5f03a,3,241.2,34.457142857142856,4.285714285714286,2,1.0,SP,4,60.3,0.3601709581658387,0.0,1.0,14.52374007936508
077c5fae4bea9500e3737b16f71b9d3a,4,106.80000000000001,17.8,4.666666666666667,1,1.0,SP,10,10.680000000000001,1.0590277777777777,0.0,1.0,7.973985339506172
0791d9fc1e30678ecf03d3e55fa108d3,5,842.0,76.54545454545455,2.727272727272727,1,1.1818181818181819,MG,3,280.6666666666667,0.22216887448594766,0.5454545454545454,1.0,6.251305765993266
079d295dcbf06ee8bb1b65ba964eb2b6,5,349.3,34.93,4.8,1,1.0,SP,3,116.43333333333334,0.55021734650617,0.0,1.0,6.923537037037038
07a9bc7f61396b658ddf3ac534efe44c,1,119.9,119.9,3.5,1,3.0,SP,1,119.9,0.1300250208507089,0.0,1.0,5.995138888888889
07bf9669d84d1f11be443a9dd938f698,18,1776.0,74.0,3.25,2,2.0,SP,16,111.0,0.3700009645061728,0.4166666666666667,1.0,8.712097800925926
07d75e33f2750d97d467fb57e4dfdd8a,2,722.4,361.2,2.5,2,1.5,SP,3,240.79999999999998,0.3775759394199172,0.5,1.0,11.796643518518518
07de60b03d150fb3ea09eab5da5e4c8b,9,719.1,79.9,4.333333333333333,1,4.0,SP,8,89.8875,0.23808438401225007,0.1111111111111111,0.8888888888888888,13.419634773662551
07e8e8fc5222bb358e6f259da3197074,2,51.8,25.9,4.0,0,,SP,7,7.3999999999999995,0.4451737451737452,0.0,1.0,8.63806712962963
080102cd0a76b09e0dcf55fcacc60e05,124,5716.78,43.97523076923077,4.492307692307692,5,1.176923076923077,MG,14,408.34142857142854,0.5707603633209689,0.046153846153846156,0.9609375,9.722531919126157
080199a181c46c657dc5aa235411be3b,79,14504.2,174.74939759036147,4.609756097560975,1,2.8313253012048194,SP,12,1208.6833333333334,0.07291283265373188,0.012048192771084338,0.9759036144578314,8.108475011155734
08061dc0fc165ed41288cc7acde738ee,4,123.80000000000001,30.950000000000003,4.5,1,3.0,SP,9,13.755555555555556,1.398748363160192,0.0,0.75,20.068133680555555
08084d990eb3f53af056ccbc1730c8a7,12,372.5,31.041666666666668,4.454545454545454,1,2.0,SP,7,53.214285714285715,0.6347686750888425,0.0,1.0,8.503523341049382
081acf3de680d554796c9cf041be7bc2,4,1597.3,199.6625,4.125,2,1.375,MG,7,228.18571428571428,0.5873083135320756,0.125,0.875,13.57564525462963
082e0bf4cb865a6533b1e8e498cc0255,11,2073.3,90.14347826086957,3.3043478260869565,2,1.0869565217391304,SP,11,188.4818181818182,0.517030214228195,0.30434782608695654,0.8695652173913043,13.150716082930758
085f6f7e049c996695fb2074fe38d45e,6,305.4,38.175,3.625,4,1.3333333333333333,SP,4,76.35,0.9169189103589843,0.25,1.0,10.334759837962963
08633c14ef2db992c11f840f04fad4cd,74,7644.3,78.80721649484536,4.237113402061856,5,1.0618556701030928,SP,9,849.3666666666667,0.27685733161729853,0.1134020618556701,0.9381443298969072,10.11452796869034
0873d9f8f36123f8d910f4760e788cfb,6,7265.59,1210.9316666666666,3.1666666666666665,2,4.0,SP,4,1816.3975,0.023935290362912347,0.3333333333333333,0.5,13.130835262345679
0885aaf116795758dfeb5f1032487bcd,28,2648.0,88.26666666666667,4.2,2,1.4333333333333333,SP,9,294.22222222222223,0.20847883531618294,0.1,0.9655172413793104,5.738515325670498
0887a9f087bcd5d9f6642b52f897fc6c,12,1642.0,136.83333333333334,4.416666666666667,3,7.416666666666667,SP,7,234.57142857142858,0.1410572610652091,0.0,0.9166666666666666,14.240796682098766
08ad4ac1388e4420ca531c3edfc46198,6,221.61999999999998,31.659999999999997,2.7142857142857144,1,1.0,SP,3,73.87333333333332,0.4401890526497248,0.5714285714285714,1.0,7.046665013227513
08cdbae123ff67ca4e36d9d641ce0119,4,3098.99,516.4983333333333,2.5,1,1.1666666666666667,MG,6,516.4983333333333,0.37085575783503266,0.6666666666666666,0.3333333333333333,29.354342206790122
08d0949a9a17c027262db1f3c450c26c,12,324.8,27.066666666666666,3.7083333333333335,1,1.0,PR,13,24.984615384615385,1.013129201819036,0.25,1.0,14.330144675925924
08d1c9478fb0d7d7fcac9c0da4e82fc7,1,538.0,538.0,5.0,1,4.0,MG,1,538.0,0.12559479553903344,0.0,1.0,10.392372685185185
08d2d642cf72b622b14dde1d2f5eb2f5,17,914.0,43.523809523809526,4.45,5,2.3157894736842106,SP,11,83.0909090909091,1.258883663133517,0.0,0.85,14.932358796296295
08f5819815f3d06545011850bd70f0a8,3,452.0,150.66666666666666,4.666666666666667,1,1.3333333333333333,SP,3,150.66666666666666,0.16003531292127626,0.0,1.0,8.471766975308642
091065b789659bc3cd9af9cb3a6253ff,2,1359.0,679.5,3.5,1,2.0,RS,4,339.75,0.06334402417625268,0.5,1.0,11.264837962962964
0936e1837d0c79253456bbb2ffaaef10,1,38.9,19.45,5.0,1,1.0,SP,1,38.9,0.8,0.0,1.0,18.366805555555555
093805f8f2aeb63881444571e1f48f30,22,1215.79,45.029259259259256,3.814814814814815,1,1.4444444444444444,SP,6,202.63166666666666,0.30749768245157005,0.18518518518518517,0.9629629629629629,8.16587877229081
094ced053e257ae8cae57205592d6712,19,1519.2,79.9578947368421,4.052631578947368,2,1.7894736842105263,SP,4,379.8,0.4154251784608414,0.15789473684210525,1.0,12.158787158869396
0951a6e282947e09cd47969f4ed0b47f,7,492.3,70.32857142857144,4.857142857142857,2,1.0,SP,2,246.15,0.23811563544249875,0.0,1.0,4.719513888888889
09883d9ab71c8fe8a9bfc7fc3075b07e,5,329.5,65.9,3.4,1,1.0,SP,8,41.1875,0.2346003375198528,0.4,0.75,14.43830150462963
099095b050cfe8eb1ddff5317587e96e,17,5193.83,259.6915,2.95,8,1.4,SP,9,577.0922222222222,0.15468488028651214,0.5,0.8421052631578947,10.407467714424952
09bad886111255c5b5030314fc7f1a4a,5,487.5,97.5,5.0,1,2.0,SP,1,487.5,0.14945641025641027,0.0,1.0,6.468912037037038
09f952a5f58d2285b0372551ae8f9b01,50,11821.5,211.09821428571428,3.875,2,3.232142857142857,SP,12,985.125,0.13933792353039373,0.16071428571428573,0.9464285714285714,13.147993138227514
0a198e95d32b1be2da9424c962a6ebfa,1,69.99,69.99,5.0,1,5.0,MG,1,69.99,0.2383197599657094,0.0,1.0,16.04769675925926
0a82f5fb06a4fe4ac2cf7cb412ec71b8,2,462.0,231.0,5.0,1,2.5,SP,2,231.0,0.04963776963776964,0.0,1.0,5.281736111111111
0a85ebe4e328db81ac9109781205e2f7,12,667.9,55.65833333333333,4.583333333333333,2,2.0,SP,4,166.975,0.2173017072305542,0.0,0.9166666666666666,5.248940007716049
0aa124728afc1131dff5655f4c6f487b,2,850.92,425.46,1.0,2,4.5,MG,2,425.46,0.19085739879009006,1.0,,
0aa2205ca24f113f4658a5c536667426,4,815.62,74.14727272727272,2.8181818181818183,1,2.5454545454545454,SP,5,163.124,0.3906765586963783,0.5454545454545454,1.0,6.862206439393939
0ac4201fda2c68ebc0e47cb9423cf3c9,13,1676.88,119.77714285714286,4.285714285714286,3,2.142857142857143,SP,13,128.99076923076925,0.35663633901488895,0.14285714285714285,0.9285714285714286,12.482843915343917
0ad80de75c811326389cfb1daba7d45e,6,1449.3999999999999,241.56666666666663,5.0,1,1.3333333333333333,RJ,4,362.34999999999997,0.08373347050132977,0.0,1.0,8.998383487654321
0adac9fbd9a2b63cccaac4f8756c1ca8,110,15960.95,112.40105633802817,3.8865248226950353,5,2.0422535211267605,SP,20,798.0475,0.5550336439468926,0.14084507042253522,0.9477611940298507,12.779218663626313
0ade5cc4a305ed7093a23f68ca47519c,2,158.88,79.44,5.0,1,2.0,PR,3,52.96,0.26651384069350575,0.0,1.0,6.875769675925927
0aea4c6ae1505b3228ddf3dd7822ee5b,8,1427.91,178.48875,3.875,1,2.625,SP,7,203.98714285714286,0.11790622889176075,0.125,0.75,18.434872685185184
0af2ab31141893d26aca5a404a537dab,1,59.0,59.0,5.0,1,4.0,SP,1,59.0,0.2628813559322034,0.0,1.0,5.809513888888889
0af977692321d895349eded183341d28,2,257.75,128.875,4.5,1,2.0,SP,5,51.55,0.0814398485146567,0.0,1.0,2.5402256944444446
0afccdb8a34ee5c79f7c06faf2b4d56e,25,1225.5,49.02,4.041666666666667,1,1.0,MG,13,94.26923076923077,0.35174169379949727,0.12,0.9166666666666666,13.473533468364197
0b09101900100c0e9d312861fad5a1b9,1,153.75,153.75,4.0,1,1.0,SP,1,153.75,0.09502439024390244,0.0,1.0,18.53783564814815
0b0ddbc7b9d9584f442c7ac92b0ff6c9,3,1416.76,472.25333333333333,4.666666666666667,1,5.333333333333333,SP,4,354.19,0.13170104980740635,0.0,1.0,11.944313271604939
0b18d63d0cd1d723567903fd34a07df2,9,1678.1399999999999,119.86714285714285,4.785714285714286,2,4.142857142857143,SP,15,111.87599999999999,0.47139429804364424,0.0,1.0,6.88448578042328
0b1ca3ef18a63d7eb0c8897fa0849c08,1,55.0,55.0,5.0,1,1.0,SP,1,55.0,0.1430909090909091,0.0,1.0,6.710289351851852
0b35c634521043bf4b47e21547b99ab5,51,13533.65,173.50833333333333,3.4935064935064934,1,1.0,PR,9,1503.7388888888888,0.17828163113988788,0.2564102564102564,0.8831168831168831,17.4247843013468
0b36063d5818f81ccb94b54adfaebbf5,1,765.0,51.0,5.0,1,2.0,SC,1,765.0,0.02352941176470588,0.0,1.0,14.543993055555555
0b3f27369a4d8df98f7eb91077e438ac,2,146.51,73.255,4.0,1,1.0,SP,1,146.51,0.18987850917198743,0.0,1.0,7.161655092592593
0b46f784306be7200ca1700aa55d819f,1,19.9,19.9,5.0,1,9.0,MG,1,19.9,0.5507537688442212,0.0,1.0,3.2436574074074076
0b64bcdb0784abc139af04077d49a20e,4,137.6,34.4,4.75,1,1.0,RS,4,34.4,0.4979176176856933,0.0,1.0,8.495092592592592
0b90b6df587eb83608a64ea8b390cf07,164,28592.32,136.15390476190476,4.002392344497608,1,1.0,PR,11,2599.3018181818184,0.164765172897799,0.1761904761904762,0.9665071770334929,14.400937832270069
0bae85eb84b9fb3bd773911e89288d54,137,7482.21,51.24801369863014,4.205479452054795,13,3.643835616438356,SP,18,415.67833333333334,0.4505200181115582,0.0821917808219178,0.993103448275862,10.269420977011494
0bb27263628258b8111a0262769fa9db,1,22.2,22.2,5.0,1,1.0,SP,1,22.2,0.49369369369369376,0.0,1.0,41.68077546296296
0bb738e4d789e63e2267697c42d35a2d,30,2388.3,77.04193548387097,4.580645161290323,2,1.0,SP,17,140.48823529411766,0.4070495082975852,0.0,0.9333333333333333,11.943653815453384
0be8ff43f22e456b4e0371b2245e4d01,161,11805.5,65.58611111111111,3.8944444444444444,13,2.611111111111111,SP,16,737.84375,0.3133350458134237,0.2,0.9371428571428572,10.33649470899471
0bebbb2cea103a4a020c95d43fd7d754,9,1367.2,151.91111111111113,4.888888888888889,2,1.0,SP,3,455.73333333333335,0.120636074843089,0.0,1.0,5.9149704218106995
0bf0150d5b9d60d9cd2906003332f085,39,5774.6,93.13870967741936,3.711864406779661,2,2.7419354838709675,SP,18,320.81111111111113,0.20028456346158544,0.22580645161290322,0.8064516129032258,14.129168533452807
0bfd0b434243adc5c2e1aa6baf19c6aa,6,371.20000000000005,61.866666666666674,3.6666666666666665,4,2.4,RJ,5,74.24000000000001,0.19947014650707628,0.16666666666666666,1.0,8.463200231481482
0c7533c71df861ec58ad7ff999ed0e8d,61,2989.2999999999997,40.94931506849315,4.082191780821918,1,1.178082191780822,SP,13,229.94615384615383,0.4769027244895405,0.1643835616438356,0.958904109589041,10.596120306950786
0c7f30ae9b147eca07affbef92832a6a,5,479.5,95.9,5.0,3,2.25,PR,2,239.75,0.23255266145471404,0.0,1.0,8.54264814814815
0c8380b62e38e8a1e6adbeba7eb9688c,182,17348.79,78.85813636363636,4.032110091743119,3,1.2592592592592593,MG,23,754.2952173913044,0.3051892227258637,0.15,0.9495412844036697,12.583845300288822
0cab2da43793a6f3c5ed8514c5f54627,3,309.70000000000005,103.23333333333335,5.0,2,3.0,PR,3,103.23333333333335,0.19565183671180442,0.0,1.0,5.005370370370371
0cbcee27c791afa0cdcb08587a2013a8,39,5324.15,129.85731707317072,3.8536585365853657,3,6.853658536585366,MG,22,242.00681818181818,0.16414443031447626,0.17073170731707318,0.8974358974358975,12.96724626068376
0d33a55da925bbf1ff02af5f6059fc7f,22,547.3,22.804166666666664,4.5,4,2.4166666666666665,SP,10,54.73,0.7531928892210721,0.08333333333333333,0.9583333333333334,8.80104118441358
0d4c8269e7f0401201794deef160edd6,3,792.64,198.16,4.0,1,1.0,SP,2,396.32,0.12807183003512257,0.25,1.0,18.80715277777778
0d83f8e03188682112cc0d93523705cc,4,696.26,87.0325,2.75,1,1.0,RS,3,232.08666666666667,0.17941052738740262,0.5,0.5,25.21679976851852
0d85bbda9889ce1f7e63778d24f346eb,51,4845.2,83.53793103448275,4.211538461538462,3,3.7758620689655173,MG,13,372.7076923076923,0.37821427021698295,0.10344827586206896,0.8103448275862069,18.322939814814813
0daf5180aa44356f60f8effa533b55a2,2,144.8,72.4,5.0,1,1.5,GO,2,72.4,0.3340891552045032,0.0,0.5,8.025891203703704
0db783cfcd3b73998abc6e10e59a102f,132,9077.4,66.25839416058393,4.213235294117647,5,1.5182481751824817,SP,19,477.7578947368421,0.24923850173734766,0.12408759124087591,0.9635036496350365,11.658036631522032
0dd184061fb0eaa7ca37932c68ab91c5,161,18446.92,95.57989637305698,3.953125,3,2.528497409326425,SP,9,2049.6577777777775,0.3183798879230562,0.15025906735751296,0.9015544041450777,11.247586475724429
0ddefe3c7a032b91f4e25b9c3a08fca1,9,402.9,40.29,4.5,4,2.4,SP,5,80.58,0.6221526226053267,0.0,1.0,8.622295138888889
0df3984f9dfb3d49ac6366acbd3bbb85,87,10021.49,112.60101123595506,4.303370786516854,2,1.3146067415730338,MG,16,626.343125,0.2133490385569885,0.11235955056179775,0.9886363636363636,9.61155579229798
0dfbed20065e425d2eaefb101f9816c0,3,84.35,28.116666666666664,2.6666666666666665,2,2.3333333333333335,SP,2,42.175,0.5894214397341397,0.6666666666666666,0.6666666666666666,21.56864197530864
0e44d110fa6a54e121cb2c095a77762f,6,223.32,37.22,4.333333333333333,1,1.0,SP,11,20.30181818181818,1.3522949375417614,0.16666666666666666,0.8333333333333334,12.001626157407408
0e72c1a751b496722a6cb1f10653b62a,3,140.8,46.93333333333334,4.666666666666667,2,1.0,SP,3,46.93333333333334,0.4685792514049016,0.0,1.0,6.891940586419753
0e982cff76cc0579f632cea8a0e38c9d,7,1307.34,108.945,3.25,1,1.0,SC,8,163.4175,0.2421035108135834,0.4166666666666667,1.0,8.335092592592593
0ea22c1cfbdc755f86b9b54b39c16043,237,10711.7,39.82044609665428,4.3226415094339625,9,4.380228136882129,MG,23,465.7260869565218,0.4901950173207291,0.08178438661710037,0.9849056603773585,11.021397274633124
0eaa7e33d73809f1f925f7d07c506cbd,15,1552.0,103.46666666666667,4.714285714285714,2,1.1333333333333333,SP,17,91.29411764705883,0.15282833809209573,0.06666666666666667,1.0,5.903765432098766
0ebd97a106433a45a4aebe57c1799778,31,3046.8,95.2125,4.5,1,3.78125,MG,15,203.12,0.22363350247604297,0.0625,1.0,9.262953559027778
0ec28cec4046a4a199b6de9b4c891d97,3,296.6,74.15,5.0,1,2.5,GO,2,148.3,0.21552417292038129,0.0,1.0,8.863423032407407
0ed6ce5d87fd9c69eaacaeb778d67235,43,2141.42,49.80046511627907,4.404761904761905,4,1.7906976744186047,SP,11,194.67454545454547,0.5203076276128091,0.046511627906976744,0.8571428571428571,15.995893132716049
0ee4fb99ac55ffbbc98795aa01b7f8fa,1,59.9,59.9,5.0,1,3.0,SP,1,59.9,0.18414023372287144,0.0,1.0,6.882916666666667
0ef83d7d83ed97cd2a0049ac8be5f88a,48,4421.01,80.382,4.2407407407407405,2,1.018181818181818,PR,10,442.101,0.263149652615188,0.16363636363636364,0.9818181818181818,9.616123106060606
0f0c984a4a955310903b6b6008660bad,4,369.81,92.4525,3.75,2,2.5,SP,2,184.905,0.30446695270224133,0.25,0.75,14.240300925925926
0f519b0d2e5eb2227c93dd25038bfc01,1,79.9,79.9,5.0,1,5.0,SP,1,79.9,0.2878598247809762,0.0,1.0,12.271921296296297
0f7eea709efdf942b5f95c7516dbacd7,3,195.74,65.24666666666667,4.0,1,1.0,SP,2,97.87,0.3335008657612801,0.0,1.0,8.043919753086419
0f80a40c312b2472dca482cf50f5186f,1,129.9,129.9,3.0,1,2.0,SP,1,129.9,0.15473441108545036,0.0,1.0,5.3246064814814815
0f94588695d71662beec8d883ffacf09,1,9.0,9.0,5.0,1,1.0,SC,1,9.0,2.0655555555555556,0.0,1.0,14.887152777777779
0fe2d9733ed841eb064503920015a8c0,3,389.64,129.88,4.666666666666667,1,2.0,SP,3,129.88,0.27756483991990294,0.0,1.0,8.665925925925926
0ff83046c3fa22efee8ecf291888b191,10,768.9000000000001,69.9,4.818181818181818,1,1.0,RS,13,59.14615384615385,0.3309663155156717,0.0,1.0,12.322455808080809
0ffa40d54288e4f3499b8780dd0f144f,33,2162.8,61.79428571428572,4.4,2,1.1428571428571428,SP,5,432.56000000000006,0.3484641454402799,0.11428571428571428,0.8571428571428571,13.458394841269842
10076e5788b8ee532724bcd460baf762,23,821.48,31.595384615384617,4.615384615384615,2,1.8846153846153846,SP,15,54.76533333333334,0.4991879084807786,0.038461538461538464,0.9615384615384616,9.809331374643874
10089e9f2fd0c668a8fd4e52e1698888,3,1139.9,379.9666666666667,4.333333333333333,1,1.0,SP,9,126.65555555555557,0.05294768960370128,0.0,1.0,7.632048611111112
101921376b577a4540dc30e9009133ca,1,373.0,373.0,2.0,1,1.0,SP,1,373.0,0.057613941018766754,1.0,,
101a3a003516bc11253298b2fad3cb65,5,450.0,75.0,4.833333333333333,2,1.0,SP,2,225.0,0.2491574074074074,0.0,1.0,6.880599922839505
1025f0e2d44d7041d6cf58b6550e0bfa,915,138968.55,97.31691176470588,3.853107344632768,4,1.1218487394957983,SP,14,9926.324999999999,0.33098894594462197,0.19887955182072828,0.9077464788732394,12.051349105046949
10264f60a8f0a4d2f30810f5c661c673,4,284.6,71.15,5.0,1,1.0,SP,3,94.86666666666667,0.14613886963363504,0.0,1.0,4.128816550925926
1099a00e0ee3a50935e6c2447ca090c5,3,849.6999999999999,283.2333333333333,3.6666666666666665,1,3.6666666666666665,RJ,3,283.2333333333333,0.07142520006780083,0.3333333333333333,0.6666666666666666,15.039498456790126
10cdd491d1dbea8fb4ead97b19c334ce,3,208.9,69.63333333333334,5.0,1,2.6666666666666665,MG,2,104.45,0.39809662950147384,0.0,1.0,7.089984567901234
10ff823eda2b032e2c93d17a7d294736,9,1294.97,143.88555555555556,3.888888888888889,2,2.2222222222222223,SP,11,117.72454545454546,0.14948122278982665,0.2222222222222222,1.0,9.76951244212963
112453736dbe3889cfb74e1aaa0ba0c1,7,1890.0,135.0,4.071428571428571,2,3.5714285714285716,SP,3,630.0,0.1400899470899471,0.21428571428571427,1.0,13.670192625661375
1127b7f2594683f2510f1c2c834a486b,114,6851.33,51.90401515151515,4.090909090909091,4,1.3863636363636365,SP,19,360.5963157894737,0.45675558646638326,0.18181818181818182,0.9375,10.25074951171875
11305281b50fff20ae8bb473f8e11876,35,6528.7,163.2175,4.35,5,2.4054054054054053,MG,23,283.8565217391304,0.244161127139991,0.075,0.875,14.009434317129628
113e3a788b935f48aad63e1c41dac1bd,39,847.35,17.653125,4.404255319148936,1,1.0625,SP,14,60.525,1.1950526633906156,0.041666666666666664,0.9583333333333334,12.03533733603395
116ccb1a1604bc88e4d234a8c23f33de,61,2004.89,27.464246575342468,4.602739726027397,5,2.6527777777777777,SP,10,200.489,0.779663994221525,0.0410958904109589,0.9452054794520548,8.779757420091324
11742f81550ac064cc9a40f67151d9ad,2,781.9,390.95,5.0,1,2.0,SP,1,781.9,0.06297113231862718,0.0,1.0,9.095063657407408
117cfc326c6d50da67ca858ff5c0c852,5,454.6,90.92,4.6,2,1.0,RJ,1,454.6,0.18184443976115205,0.0,1.0,6.073467592592593
11938fcc75f6902fea1d0a6f72b54a57,2,594.98,297.49,3.0,1,1.5,SC,5,118.99600000000001,0.27473708821102777,0.5,1.0,22.36358796296296
119c7f1a00ef43fad0e57604e76a747c,2,189.8,94.9,4.5,1,1.0,SP,5,37.96,0.12831428136719383,0.0,1.0,5.977835648148148
119d1aef1b4144adba89163f6cd9f5d4,4,1094.0,273.5,4.75,2,1.25,SP,7,156.28571428571428,0.1859950543383795,0.0,1.0,4.477740162037037
11bfa66332777660bd0640ee84d47006,76,3925.87,38.48892156862745,3.784313725490196,2,1.0196078431372548,SP,12,327.1558333333333,1.01685156974416,0.2647058823529412,0.8235294117647058,16.1661926969862
11d4c477d09821164bca4f70a2eae031,3,83.04,20.76,5.0,1,1.0,SP,2,41.52,0.932624976596143,0.0,1.0,6.707725694444444
11eac105f3f90a9b87b19c89d91e24f3,5,802.89,160.578,3.6,2,3.4,SP,3,267.63,0.15887393372737818,0.2,1.0,9.12383101851852
11fb6f6d341adbe19e81733701704635,3,1197.0,399.0,5.0,1,2.0,SP,1,1197.0,0.3338847117794486,0.0,1.0,5.362199074074074
120476eb7a04c149d14772edaf5d9bf2,4,2368.8,394.8,3.8333333333333335,3,3.0,RJ,2,1184.4,0.10427682760386775,0.0,1.0,6.561263503086419
1284de4ae8aa26997e748c851557cf0e,3,1459.97,486.6566666666667,2.6666666666666665,1,2.3333333333333335,SP,6,243.32833333333335,0.06194662048911274,0.6666666666666666,1.0,19.269425154320988
128639473a139ac0f3e5f5ade55873a5,533,11908.849999999999,21.26580357142857,4.176895306859206,6,1.082142857142857,PR,16,744.3031249999999,0.8984852512107564,0.11428571428571428,0.9368231046931408,14.412933066753578
128f9bfbe4c7d5185033914b1de3d39a,14,1277.29,79.830625,4.75,1,1.0,SP,10,127.729,1.20145640915089,0.0,0.9333333333333333,12.833652006172839
12a8eb0f8d1cd3270695bf2a99f55966,2,397.0,198.5,3.5,1,3.5,SP,3,132.33333333333334,0.09956573367260389,0.5,0.5,20.976712962962964
12b9676b00f60f3b700e83af21824c0e,135,26774.0,198.32592592592593,4.522388059701493,3,1.0518518518518518,RS,18,1487.4444444444443,0.13588599924737352,0.044444444444444446,0.9849624060150376,15.053846247563353
12c2ed9cded6138cf0c75f525f565fc7,4,314.96,78.74,4.25,3,1.0,SP,10,31.496,0.22017641795843276,0.0,0.5,13.442248263888889
13074f016982ff2bd6c58ced8682f000,14,2116.0,141.06666666666666,3.933333333333333,2,1.4666666666666666,RS,9,235.11111111111111,0.4726616682262213,0.13333333333333333,0.7142857142857143,14.536311177248677
131fcb0a0c9a47bba4474aacff0f14b7,4,369.8,92.45,4.0,1,2.5,SP,3,123.26666666666667,0.10836872586872587,0.0,1.0,4.300601851851852
1336efc61c316ddf92c899eb817f7cae,74,4837.31,56.90952941176471,3.9411764705882355,8,1.8352941176470587,SP,20,241.86550000000003,0.4434064849310357,0.16470588235294117,0.9058823529411765,11.714715005446623
134285d1f41da5c13a756ee8142c8a4e,3,1572.6999999999998,393.17499999999995,2.75,1,3.75,SP,3,524.2333333333332,0.06369770073108208,0.5,1.0,8.562575231481482
134a288e7de827ec5ec62e3ec9c3a295,9,877.45,97.49444444444445,4.777777777777778,2,1.0,SP,5,175.49,0.2099883142474463,0.0,1.0,9.450118312757203
134b867a0f7f8bbe6abf10f91874891e,1,789.89,789.89,4.0,1,3.0,SP,1,789.89,0.16831457544721415,0.0,1.0,12.933530092592592
13511db12ac61e2f89c53b72a944a60b,6,798.0,133.0,3.5,2,5.333333333333333,RS,5,159.6,0.33277090164036766,0.3333333333333333,0.8333333333333334,9.17029899691358
1352e06ae67b410cdae0b2a22361167b,4,696.0,174.0,2.3333333333333335,1,1.0,RJ,3,232.0,0.13337360635113443,0.5,0.0,34.307094907407404
1354d51653f645349064725ed204e85e,18,2410.0,120.5,3.8,3,1.0,SP,15,160.66666666666666,0.16212147295321638,0.25,0.95,9.203769675925926
138dbe45fc62f1e244378131a6801526,49,1125.56,19.406206896551723,3.9827586206896552,7,1.8620689655172413,SP,4,281.39,0.8963248668808488,0.1724137931034483,0.9655172413793104,6.209949113984674
139157dd4daa45c25b0807ffff348363,1,29.9,29.9,4.0,1,2.0,SP,1,29.9,0.2602006688963211,0.0,1.0,1.2141782407407407
13c2ed7698b3ca92dad49e849219da59,8,498.61,55.40111111111111,4.444444444444445,1,1.0,PR,8,62.32625,0.4578939754123607,0.1111111111111111,1.0,11.545720164609055
13d058e4eeac2ce8217660b2f8a05812,23,3829.77,166.5117391304348,4.217391304347826,1,1.4782608695652173,SP,15,255.318,0.24115502115592707,0.13043478260869565,0.8636363636363636,11.403861531986532
13d95f0f6f73943d4ceffad0fc2cd32c,1,249.99,249.99,3.0,1,1.0,GO,1,249.99,0.23732949317972718,0.0,0.0,22.338900462962965
13dd308f81fea30cc670c656b2b46cc3,3,117.69999999999999,39.23333333333333,5.0,1,1.0,SP,2,58.849999999999994,0.2849273999050755,0.0,0.6666666666666666,3.6380208333333335
13e85aac53340018b40c2af68001b7e0,1,17.8,17.8,5.0,1,2.0,SP,1,17.8,0.793258426966292,0.0,1.0,17.718125
13f57c12a00ed4610db646b913a7f5c6,7,645.2,49.63076923076923,4.769230769230769,1,1.0,SP,9,71.6888888888889,0.295788416779279,0.0,0.8461538461538461,12.88323896011396
13fa2a6c6b9d0f43cb588d7c82117a12,9,4528.0,452.8,4.0,1,3.2,SP,4,1132.0,0.042417893706711035,0.1,0.7,20.52068634259259
141440cad9341e553f8401c574a2aa38,11,1288.2,107.35000000000001,4.166666666666667,2,1.5833333333333333,PR,4,322.05,0.27547421368419284,0.16666666666666666,1.0,6.876103395061729
1430239a858e7682bbc43b20758af153,18,660.79,28.729999999999997,3.9565217391304346,3,3.3043478260869565,SP,13,50.83,0.4733233208588994,0.13043478260869565,1.0,7.269936868686869
1444c08e64d55fb3c25f0f09c07ffcf2,1,2749.0,2749.0,1.0,1,3.0,BA,1,2749.0,0.025369225172790104,1.0,1.0,10.39494212962963
1464afc72f696af775557a821c2e253f,29,1059.36,35.312,4.166666666666667,2,2.1666666666666665,RJ,17,62.315294117647056,0.4664016299683776,0.13333333333333333,0.9666666666666667,11.263420910493828
14a08204d03bb6b6bde8029f801ae0eb,28,2185.4,57.51052631578948,3.8157894736842106,6,1.9736842105263157,SP,6,364.23333333333335,0.5004069508182688,0.21052631578947367,1.0,8.629664656432748
14d7985702e72162bbf13b6beb74ab2b,37,3887.0,102.28947368421052,4.342105263157895,1,1.868421052631579,SP,18,215.94444444444446,0.17445741835092562,0.07894736842105263,0.868421052631579,11.145243055555556
14ee35374a7876217954b5fa08e50463,6,809.0,134.83333333333334,4.333333333333333,1,2.0,SP,4,202.25,0.14340980273059886,0.0,0.8333333333333334,17.1668074845679
14f2b3587172b9db894c9bad8dab520b,2,244.0,122.0,2.5,1,3.0,RS,5,48.8,0.35270491803278686,0.5,1.0,14.027887731481481
152ee17e4c8aaf53dac99f3462e4999b,6,308.96000000000004,51.49333333333334,4.333333333333333,2,1.1666666666666667,SC,4,77.24000000000001,0.6855471383706222,0.0,1.0,10.735235339506174
154bdf805377afea75a3bd158e9eab10,1,89.9,89.9,1.0,1,1.0,SP,1,89.9,0.22046718576195773,1.0,0.0,24.920844907407407
1554a68530182680ad5c8b042c3ab563,247,29052.53,108.00197026022305,4.2434456928838955,5,2.003717472118959,MG,24,1210.5220833333333,0.3126399604790225,0.12267657992565056,0.9288389513108615,14.082570138021916
157c3e4b42f81ac4a44e8b1ca2fe9876,23,2548.5,82.20967741935483,3.967741935483871,2,1.2903225806451613,SP,11,231.6818181818182,0.5058435966363386,0.16129032258064516,0.9354838709677419,10.383809363799283
1588ac4010787100dddef64568f0ae35,3,599.97,199.99,3.0,1,1.0,PR,2,299.985,0.07667050019167625,0.3333333333333333,1.0,19.871010802469137
15aac934c58d886785ac1b17953ea898,25,4353.9,167.4576923076923,4.115384615384615,11,4.458333333333333,ES,9,483.76666666666665,0.48568010092157404,0.11538461538461539,0.8461538461538461,15.578190883190883
15ac3c501e2599e4917316fde5c5669a,1,144.2,144.2,1.0,1,1.0,SP,1,144.2,0.35790568654646326,1.0,,
15aec03fe4cf30dfa574cf550f5ff5ff,1,28.9,28.9,1.0,1,1.0,RJ,1,28.9,0.37923875432525955,1.0,,
15b3b1b81484422eb41df68ac87f1f50,2,78.35,39.175,1.0,1,1.0,SP,3,26.116666666666664,0.3156524962926347,1.0,1.0,14.629606481481481
15cd6eefe58588619aaed41dfa6621b1,16,1622.74,90.15222222222222,4.333333333333333,0,,MG,11,147.5218181818182,0.46111178478400155,0.16666666666666666,0.9444444444444444,14.40606802983539
15ead3a5037a918ddb520dfe39a3d2b9,7,275.5,34.4375,4.375,1,1.0,MG,4,68.875,0.7662558093661185,0.125,0.7142857142857143,18.74991071428571
15fa791d5e017f66402dc28c44480657,8,1802.0,225.25,4.25,1,1.125,SP,5,360.4,0.14921845533817263,0.125,0.875,11.574577546296297
160851d3ece7aa1a510f8d1a4bb8a8af,2,102.05,51.025,5.0,1,3.0,SP,2,51.025,0.3856182112362678,0.0,1.0,5.577158564814814
16090f2ca825584b5a147ab24aa30c86,402,25716.44,62.7230243902439,4.044226044226044,7,2.026829268292683,SP,20,1285.822,0.3885634861704558,0.14390243902439023,0.8916256157635468,9.222865951696772
160e4f13fd3a64b1b86807be88b5ffb0,4,886.0,221.5,4.25,2,2.75,PR,4,221.5,0.10472799378911815,0.25,1.0,14.298266782407408
164a5a8794e6d42e14f55e447b12a3bc,1,73.99,73.99,5.0,1,2.0,PR,1,73.99,0.8483578862008381,0.0,1.0,13.407523148148147
165b1235e9e9942cb5fae67103576fb0,11,2085.15,130.321875,4.3125,3,1.25,SP,4,521.2875,0.3228724372393762,0.0,0.9375,7.1597316261574075
165fc07beebdcb6190fba8a06db2a449,50,17481.4,273.146875,3.6875,2,1.0,PR,13,1344.723076923077,0.13655650999487945,0.265625,0.875,13.493607494212963
1660ad786c27fd935378b6192a90b417,12,1570.0,120.76923076923077,4.615384615384615,1,3.076923076923077,SP,12,130.83333333333334,0.16621696252465484,0.07692307692307693,0.9230769230769231,8.91480146011396
166e8f1381e09651983c38b1f6f91c11,2,78.8,39.4,5.0,0,,SC,2,39.4,0.383310461243082,0.0,1.0,14.728483796296295
167fd940acebc789debd6eb418c46e38,5,1077.58,215.516,3.0,1,1.2,SP,8,134.6975,0.1810266653398285,0.4,0.8,15.500854166666667
1690cada046eb7e92c12f98b1f8a8167,11,1959.0,178.0909090909091,4.545454545454546,1,3.5454545454545454,SP,5,391.8,0.12814507415527976,0.09090909090909091,0.9,7.352841435185185
16bdc8cefd0e32a6f0824d296c5ad14a,1,41.76,41.76,5.0,1,1.0,SP,1,41.76,0.46264367816091956,0.0,1.0,9.316840277777779
1703bc09972dab9782e7a9194943b69f,1,249.9,249.9,5.0,1,1.0,MG,1,249.9,0.4250100040016006,0.0,1.0,12.12505787037037
1710c3aaa9c6b44ec3883ee0fe300e21,2,1188.9,594.45,5.0,2,1.5,SP,2,594.45,0.03892405842834072,0.0,1.0,6.127557870370371
17306570e772e7718c92a562d33f5f1d,29,9669.8,302.18125,3.625,1,1.84,SP,15,644.6533333333333,0.10472887711502246,0.21875,0.9333333333333333,13.959468750000001
173d56ffbd4c56cb80fc3615487d712b,2,358.0,179.0,5.0,1,8.0,SP,1,358.0,0.11064245810055867,0.0,1.0,6.838940972222222
1746c1ae87ac63d530c7c943d0ac42e2,1,229.9,229.9,5.0,1,4.0,SP,1,229.9,0.09765115267507611,0.0,1.0,23.021400462962962
1771297ac436903d1dd6b0e9279aa505,28,2881.27,80.03527777777778,4.628571428571429,3,1.2777777777777777,SP,20,144.0635,0.37913911369614106,0.0,0.9722222222222222,9.42039448302469
1782ce2db72c3dda627d5e7c898104e1,9,2010.8,201.07999999999998,4.3,2,3.111111111111111,SP,16,125.675,0.11154142893162973,0.0,0.9,27.23991550925926
17908cf9b444ee34047cadd5c0f4a516,11,1993.99,181.2718181818182,4.545454545454546,1,2.3636363636363638,GO,12,166.16583333333332,0.27380959042806724,0.0,0.9090909090909091,18.88040298821549
17998cf586426bf0f2c3726cb0a4b211,2,69.8,34.9,4.0,2,1.0,MG,7,9.971428571428572,0.7775994199454185,0.0,1.0,8.385243055555556
179d859f51292aac5c10806a356f7af9,18,404.46999999999997,21.287894736842105,4.315789473684211,1,1.0,SP,3,134.82333333333332,0.9687341638831213,0.05263157894736842,0.8421052631578947,9.148045199805068
17a053fcb14bd219540cbde0df490be0,125,40703.14,273.1754362416107,4.204081632653061,1,1.0,SP,14,2907.367142857143,0.2251392000140733,0.11409395973154363,0.918918918918919,11.984233061186186
17adeba047385fb0c67d8e90b4296d21,1,809.6999999999999,269.9,1.0,1,1.0,SP,1,809.6999999999999,0.3552056317154502,1.0,,
17ca9b9e9b9ef8fdb529001b49ebb50f,116,9754.83,75.61883720930233,4.007751937984496,4,1.6666666666666667,MG,14,696.7735714285715,0.3474421947266026,0.15503875968992248,0.9765625,8.056528862847223
17e34d8224d27a541263c4c64b11a56b,255,56363.24,210.31059701492538,4.139097744360902,12,2.1343283582089554,SP,19,2966.486315789474,0.171264352842994,0.13805970149253732,0.9192307692307692,14.041841435185184
17eea220a40cc0d2c0c5346379682398,4,1414.98,353.745,3.75,1,2.0,SP,2,707.49,0.09540760281118836,0.25,0.3333333333333333,25.364583333333332
17f51e7198701186712e53a39c564617,56,48019.0,787.1967213114754,4.344262295081967,1,1.0163934426229508,SP,19,2527.315789473684,0.20880796797694323,0.08196721311475409,0.9180327868852459,22.76142418032787
180c3376aff0e43dd5788709df48a843,5,4513.0,451.3,4.7,2,1.6,SP,6,752.1666666666666,0.1898714502423517,0.1,0.9,16.273858796296295
1835b56ce799e6a4dc4eddc053f04066,423,33344.21,59.75664874551971,3.591485507246377,2,1.0053763440860215,SP,12,2778.6841666666664,0.3391242236613514,0.25448028673835127,0.8947368421052632,12.770313550278953
1838dd9b8977065acf51d95e0053ea7a,64,2820.3,42.094029850746274,4.2388059701492535,3,3.5074626865671643,MG,14,201.45000000000002,0.4837700174733902,0.14925373134328357,0.9538461538461539,12.563077635327636
184725737946a1a938bbbd1a9e978103,3,359.70000000000005,119.90000000000002,4.666666666666667,2,3.3333333333333335,SP,1,359.70000000000005,0.1239538916544215,0.0,1.0,8.57604938271605
184a67a8f9f63234d3a92340bbdb727f,8,268.66,24.423636363636366,3.6363636363636362,1,1.0,SC,14,19.19,0.7832671400434902,0.36363636363636365,1.0,16.158923611111113
186cdd1b2df32caa72cfb410bba768d3,6,1341.45,223.57500000000002,5.0,1,1.1666666666666667,SC,4,335.3625,0.2694379967626404,0.0,1.0,8.898485725308642
189ca3538ce9f920cacf0f982cbe223b,4,419.0,83.8,3.8,1,3.2,SP,3,139.66666666666666,0.31104254035571194,0.4,1.0,4.781097222222223
18a349e75d307f4b4cc646a691ed4216,121,8711.53,58.86168918918919,3.3945578231292517,17,1.8918918918918919,SP,13,670.1176923076923,0.4427020874162474,0.3310810810810811,0.9453125,11.065197663483795
18e694e0e48ed6f7aa3f24aade5fd697,31,701.54,20.633529411764705,4.676470588235294,3,2.6176470588235294,SP,3,233.84666666666666,0.7486785480066892,0.0,0.9705882352941176,6.078709490740741
1900267e848ceeba8fa32d80c1a5f5a8,411,24982.53,47.22595463137996,3.8550863723608444,3,1.2967863894139886,SP,16,1561.408125,0.4340668755502614,0.19281663516068054,0.9005736137667304,12.79522909142412
191d55f7edb8524d525ed01b20fe32e8,3,747.0,249.0,2.3333333333333335,1,3.3333333333333335,DF,3,249.0,0.08808567603748325,0.6666666666666666,0.6666666666666666,22.529178240740745
1927cdb9fa74f5270097f6250e8e8f34,1,120.0,120.0,5.0,1,1.0,SP,1,120.0,0.491,0.0,1.0,8.128900462962964
19484c79cef6c062cb177aa4ef2fcc3c,1,201.9,201.9,1.0,1,1.0,SP,1,201.9,0.05032194155522536,1.0,0.0,21.42582175925926
1961c3e1272bfeceb05d0b78b5bbfdaf,3,896.0,224.0,3.75,1,3.75,SP,2,448.0,0.055431545060277795,0.25,1.0,5.429124228395062
1967a9e2ad6f51802b093147d861df58,2,380.0,190.0,1.0,1,2.0,SP,1,380.0,0.12042105263157896,1.0,,
1976a05ecf2996d6ffb7b5430e635fe7,8,1796.2,199.57777777777778,4.0,4,3.4444444444444446,SP,8,224.525,0.21687010101640858,0.2222222222222222,0.7777777777777778,16.67528034979424
1987cd4be10fe09ee50454f9c354d1c6,14,2877.7,179.85625,4.25,1,1.125,MG,6,479.6166666666666,0.11874231615287661,0.0625,0.9375,15.736322337962962
198c7ea11960a9844b544d9bcdca860c,25,1733.75,69.35,3.88,2,3.12,MG,8,216.71875,0.6135138670112948,0.24,0.88,14.513364814814816
1992f8fb6b19fcccd97ca819811e7267,1,28.8,28.8,1.0,1,3.0,SP,1,28.8,0.38958333333333334,1.0,,
1996942dc085d7773ba77a529b163cd0,10,2943.51,294.351,3.9,3,2.0,SP,4,735.8775,0.09998400397227022,0.2,1.0,11.793770576131687
19a7c9f66ffa6452ff4b4c0cca71da27,1,279.0,279.0,5.0,1,5.0,PR,1,279.0,0.21412186379928316,0.0,1.0,25.18634259259259
19d62d484cba71963c93f0f00ab42013,1,139.9,139.9,4.0,1,5.0,SC,1,139.9,0.16218727662616156,0.0,1.0,13.946666666666667
19e0f40a907ec568c34bfac15de4f4a1,4,178.0,44.5,5.0,1,3.0,SP,10,17.8,0.23382022471910113,0.0,1.0,5.835399305555556
1a3df491d1c4f1589fc2b934ada68bf2,167,23302.7,130.91404494382022,4.165730337078652,1,1.9831460674157304,SC,17,1370.7470588235294,0.19630988293117269,0.11235955056179775,0.9473684210526315,15.035251380766733
1a6245add4353f18ed55138808906979,1,30.0,30.0,3.0,0,,SP,1,30.0,0.31133333333333335,0.0,,
1a8e2d9c38b84a9702ac7922924b0573,1,80.0,80.0,5.0,0,,SC,1,80.0,0.2125,0.0,1.0,15.598125
1a932caad4f9d804097d7f8e615baed1,20,4661.0,155.36666666666667,3.566666666666667,1,1.0,SP,4,1165.25,0.29408928466612294,0.3333333333333333,0.8666666666666667,8.8093487654321
1acde099eb406aa220b1169b188b42da,9,311.1,31.110000000000003,4.3,1,1.1,SP,3,103.7,0.7750974656693089,0.1,1.0,12.417634259259259
1b0b0f4f95e962d6f32fe90c759d0479,2,139.8,69.9,5.0,1,2.0,SP,9,15.533333333333335,0.1671673819742489,0.0,1.0,9.46238425925926
1b1ae47a313a825a7ccceb8e2e30fa9d,11,2243.9,203.9909090909091,3.9,4,4.2727272727272725,PR,8,280.4875,0.12071226543443174,0.2727272727272727,1.0,10.654221064814815
1b45169b635ef59425637e9a33eb5fb3,7,308.9,38.6125,4.625,4,1.375,PR,7,44.128571428571426,0.42634263858195254,0.125,1.0,7.7693084490740745
1b4b28463457a256e9a784ebe2a8f630,1,699.42,699.42,1.0,1,8.0,SP,1,699.42,0.0227617168511052,1.0,0.0,14.144814814814815
1b4c3a6f53068f0b6944d2d005c9fc89,113,14760.300000000001,126.15641025641027,4.103448275862069,9,3.5128205128205128,SC,18,820.0166666666668,0.25553798358745783,0.13675213675213677,0.9391304347826087,14.341758756038647
1b61fb1f0f2185d89e9a126c498e9cc7,1,49.7,49.7,5.0,1,2.0,PR,1,49.7,0.32414486921529173,0.0,1.0,11.358564814814814
1b65c144b17e607c0f37f10bb7dfec8d,5,1109.5,221.9,2.0,1,1.8,SC,3,369.8333333333333,0.14948345772688512,0.6,1.0,8.770837962962963
1b7e5006cb25dd23ce8686691013b121,11,2636.74,239.70363636363635,4.363636363636363,1,1.0,SP,12,219.72833333333332,0.09575145403417826,0.09090909090909091,0.8181818181818182,15.486682449494948
1b8356dabde1d35e17cef975c3f82730,56,3426.39,56.17032786885245,4.081967213114754,4,2.981132075471698,SP,10,342.639,0.3384710462118509,0.11475409836065574,0.9833333333333333,10.25928761574074
1b8b75e227c9a9c100d0c210fb6176ce,19,1914.8300000000002,100.78052631578949,3.3684210526315788,1,9.714285714285714,SP,11,174.07545454545456,0.18834757540841976,0.3684210526315789,0.9333333333333333,14.996113425925925
1b938a7ec6ac5061a66a3766e0e75f90,30,3987.6,120.83636363636363,4.242424242424242,6,3.878787878787879,SP,12,332.3,0.3536348715460357,0.12121212121212122,0.967741935483871,11.376438172043011
1bb2bdb95f4841f1bba2c0d2cd83d3c9,81,5002.71,58.855411764705885,4.583333333333333,5,1.411764705882353,SP,20,250.1355,0.4676594064698847,0.047058823529411764,0.927710843373494,12.310494477911647
1bb3812d5f0747a3ab7348f199001a10,9,834.4000000000001,92.71111111111112,4.888888888888889,1,3.5555555555555554,SP,10,83.44000000000001,0.47559728144707236,0.0,1.0,12.761235853909463
1bc2e21de46adfea6b98cc96b00f3b40,3,1039.95,207.99,3.6,1,4.0,SC,4,259.9875,0.09835365153524059,0.2,1.0,16.773094907407405
1c129092bf23f28a5930387c980c0dfc,201,9553.619999999999,43.42554545454545,4.168949771689498,2,4.763636363636364,SP,11,868.510909090909,0.3273413963829417,0.12727272727272726,0.9497716894977168,11.589614673177744
1c40343cc5d18c2d8248ac2f3366de34,21,2461.41,111.88227272727272,4.545454545454546,7,1.0909090909090908,SP,4,615.3525,0.2499856247447722,0.0,0.9090909090909091,7.398569549663299
1c56ffe0e9dea2657fc6e95b53f40b13,3,183.0,61.0,4.333333333333333,1,1.0,SP,2,91.5,0.449238591916558,0.0,1.0,6.678163580246913
1c5e4e49b9079480255b49d50aac1aa9,12,10173.11,847.7591666666667,4.333333333333333,3,4.416666666666667,SP,18,565.1727777777778,0.12020450020654228,0.08333333333333333,1.0,8.798226273148147
1c68394e931a64f90ea236c5ea590300,142,24832.75,145.22076023391813,3.9298245614035086,2,1.0,PR,14,1773.767857142857,0.15895065874623035,0.15204678362573099,0.9649122807017544,15.752728909465022
1c742ac33582852aaf3bcfbf5893abcf,1,97.9,97.9,5.0,1,1.0,MG,1,97.9,0.16128702757916238,0.0,1.0,6.017256944444444
1c83418358f249c9d6affa52d579db0e,1,24.9,24.9,5.0,1,2.0,SP,1,24.9,0.5831325301204819,0.0,1.0,10.189027777777778
1ca4bdb0cd7fc48e949bac066188ed26,4,1520.0,380.0,4.5,1,2.0,MG,5,304.0,0.2915,0.0,0.6666666666666666,14.298279320987655
1ca7077d890b907f89be8c954a02686a,115,13341.57,97.38372262773723,2.198529411764706,2,1.528301886792453,SP,8,1667.69625,0.1845995011823206,0.6496350364963503,0.8031496062992126,15.028811242344707
1caf283236cd69af44cbc09a0a1e7d32,33,917.6,24.8,4.54054054054054,4,2.6216216216216215,RJ,16,57.35,0.8405469328612035,0.08108108108108109,0.8918918918918919,14.053003003003003
1cbcd2ee0afb3fc09963b87eb65e7e4f,1,90.0,30.0,5.0,1,1.0,PR,1,90.0,0.4516666666666667,0.0,1.0,4.318333333333333
1cbd32d00d01bb8087a5eb088612fd9c,11,1045.47,87.1225,4.25,5,1.3333333333333333,SP,4,261.3675,0.2872927636211216,0.08333333333333333,0.9166666666666666,12.195066550925924
1cbd50a8c52e6cf8e315c5709fab386f,9,785.97,87.33,3.7777777777777777,5,1.5555555555555556,PR,7,112.28142857142858,0.4973915546246124,0.1111111111111111,0.8888888888888888,19.0249537037037
1cbdc7cf130a41fd13a3c2a7d2fcfda7,2,165.8,82.9,5.0,1,1.0,MG,3,55.26666666666667,0.36073582629674306,0.0,1.0,8.690578703703704
1cd9e0cc1839d55516843def5600816d,5,825.0,165.0,5.0,1,2.6,SP,3,275.0,0.13665922381711854,0.0,1.0,7.781398148148147
1ce3ae5a399804d1a87e706f8a813c3e,40,2563.0,58.25,3.727272727272727,1,1.8409090909090908,SC,13,197.15384615384616,0.38445944435791196,0.22727272727272727,0.9090909090909091,13.677545244107744
1d0646a72178a6fb37ee8082140e06ec,2,61.0,30.5,5.0,2,1.0,SC,2,30.5,0.6003278688524589,0.0,1.0,7.651782407407408
1d0997ff06b524ce9289ffd75114ecd3,3,3747.0,1249.0,3.6666666666666665,2,2.3333333333333335,PE,11,340.6363636363636,0.05280325867677673,0.3333333333333333,0.6666666666666666,17.01238425925926
1d139e3a3b14025640d8df1b230aace0,2,36.49,18.245,3.5,1,1.0,SP,3,12.163333333333334,1.3470004811175198,0.0,1.0,7.653206018518519
1d1bbb8ac1581824986f582583fff01d,4,166.88,41.72,3.5,2,1.0,SC,5,33.376,0.3955461875216025,0.25,0.75,9.16330439814815
1d2732ef8321502ee8488e8bed1ab8cd,4,1148.0,229.6,3.2,1,1.2,RJ,14,82.0,0.1396700251465865,0.2,0.8,11.34351388888889
1d29dfba02015238dfbe2449a5eaa361,12,612.8,51.06666666666666,4.5,1,1.0,MG,16,38.3,0.28846730614399846,0.08333333333333333,0.9166666666666666,15.374400077160495
1d4587203296c8f4ad134dc286fa6db0,42,2323.3,54.03023255813954,4.3023255813953485,1,1.9069767441860466,SP,9,258.14444444444445,0.5423773002310236,0.09302325581395349,0.9512195121951219,9.532752371273713
1d503743d2526f03f0c2c89540ee008c,12,516.04,30.355294117647055,4.235294117647059,5,2.0588235294117645,SP,7,73.72,0.461283530865609,0.11764705882352941,0.9411764705882353,8.949377723311546
1d8dbc4f32378d715c717c1c1fc57bae,92,11315.89,115.46826530612245,3.8958333333333335,1,2.0,PR,16,707.243125,0.18969405974751763,0.1836734693877551,0.9072164948453608,15.572452510500192
1d953075c2f0dd990bacf27b83b330f1,1,59.0,59.0,5.0,1,1.0,MG,1,59.0,0.32745762711864407,0.0,1.0,7.282638888888889
1da366cade6d8276e7d8beea7af5d4bf,43,6917.589999999999,141.17530612244897,3.9375,3,3.2857142857142856,MG,11,628.8718181818181,0.3936377486018785,0.1836734693877551,0.875,17.411914544753085
1da3aeb70d7989d1e6d9b0e887f97c23,265,8823.52,26.9009756097561,4.079754601226994,21,2.1402439024390243,SP,18,490.1955555555556,0.6914031576110362,0.15548780487804878,0.9506172839506173,8.350644397290809
1dc2de47ee26a0a5b12dc14fd6dc0dea,25,1670.3,61.86296296296296,4.518518518518518,1,1.0,SP,7,238.6142857142857,0.376649014716104,0.037037037037037035,0.8888888888888888,14.691942301097393
1dcfa3835714681d4ba4a93bc1e0fd41,13,1278.5,85.23333333333333,3.857142857142857,1,2.0,SP,10,127.85,0.25830486076343556,0.2,1.0,15.82355076058201
1dd33b8119b3cb1056ed5dc88cd0aaf4,8,1513.0,189.125,3.75,1,1.0,SP,4,378.25,0.08731370393634841,0.125,0.875,10.906626157407407
1de62b6f2fd96227629786db492433db,2,208.8,104.4,5.0,1,2.0,SP,3,69.60000000000001,0.13211054115307205,0.0,1.0,8.235648148148147
1dfe5347016252a7884b694d4f10f5c4,21,1693.5,62.72222222222222,3.1923076923076925,1,1.0,SP,7,241.92857142857142,0.256067158122171,0.3333333333333333,0.7692307692307693,19.4560385505698
1e26c56af8d48424e1df0140a2401f83,2,258.9,129.45,5.0,2,2.0,SP,3,86.3,0.19220405030159143,0.0,1.0,5.251145833333333
1e47d8b6546eb3a77b1acddcc9406242,1,149.9,149.9,1.0,1,2.0,SP,1,149.9,0.11214142761841227,1.0,1.0,35.493993055555556
1e47defeeadeca0e9a18fa5a9311e735,3,234.12,78.04,5.0,2,1.6666666666666667,SP,2,117.06,0.2750546952972242,0.0,1.0,12.017928240740739
1e483cc5c76fef08d3ca05f9a8af7d01,10,171.99,15.635454545454547,4.090909090909091,3,1.6363636363636365,SP,4,42.9975,1.4913308530835194,0.09090909090909091,1.0,7.953118055555555
1e8b33f18b4f7598d87f5cbee2282cc2,123,17309.06,123.63614285714287,4.282608695652174,1,1.6428571428571428,SP,10,1730.9060000000002,0.16682385090820645,0.14285714285714285,0.9568345323741008,7.793638339328537
1e8c6a4c538f286aee9573239740a4b4,5,359.7,71.94,3.8,3,1.0,SP,5,71.94,0.2581802541544477,0.2,1.0,7.40725925925926
1e9d5a33694bddb76316fd1f54734d20,2,318.0,159.0,4.5,1,6.0,MT,2,159.0,0.47465408805031445,0.0,1.0,12.253842592592592
1eade46fba20122dc4aefb379f8c636b,58,3635.37,48.471599999999995,4.306666666666667,1,1.28,SP,18,201.965,0.44335050594150127,0.09333333333333334,0.8666666666666667,12.068996913580246
1f1bb1f0859883505541bdd6606193e5,27,16040.84,553.1324137931034,4.310344827586207,2,1.5714285714285714,SP,16,1002.5525,0.05364253498475952,0.06896551724137931,0.896551724137931,14.172133620689655
1f2eebc0e970fd3c463e4f5d9652687a,1,44.99,44.99,5.0,1,1.0,SP,1,44.99,0.18848633029562126,0.0,0.0,11.451400462962964
1f50f920176fa81dab994f9023523100,1404,106939.20999999999,55.380222682547895,3.987259490379615,3,1.9948213360952873,SP,17,6290.541764705882,0.3320561908896327,0.17918177110305541,0.9055036344755971,15.571830969241567
1f7dfad2cb384ea4d2d7e1ffbd78c407,1,49.0,49.0,1.0,1,2.0,SP,1,49.0,0.16918367346938773,1.0,1.0,6.361909722222222
1f7fd2a6fcd5a6fa5d8a4dabc72aaae0,3,531.8,177.26666666666665,5.0,1,2.0,RS,14,37.98571428571428,0.19199138673557278,0.0,1.0,7.109780092592593
1f867308a0ce13133a4e639ff4de0c02,7,875.1,67.31538461538462,4.538461538461538,1,1.5384615384615385,PR,10,87.51,1.431897955407448,0.07692307692307693,1.0,10.371266025641026
1f9ab4708f3056ede07124aad39a2554,78,13602.73,172.18645569620253,4.089743589743589,1,4.0,SP,18,755.7072222222222,0.1822688362401805,0.0759493670886076,0.948051948051948,14.565484607984606
1fa2d3def6adfa70e58c276bb64fe5bb,1,6.9,6.9,1.0,1,1.0,SP,1,6.9,1.3043478260869565,1.0,1.0,6.255381944444444
1fbe10c70e30765ed1de86d9f7e98409,2,98.75,16.458333333333332,1.5,1,1.0,SP,2,49.375,1.0562814841383708,0.8333333333333334,1.0,8.043780864197531
1fdc574883ef3b33ad41562d93f3a74a,18,4251.0,236.16666666666666,4.444444444444445,1,2.888888888888889,SP,9,472.3333333333333,0.07011944532204298,0.0,0.9444444444444444,11.25219843106996
1fddcb7b326905d3ad5efe82187db347,1,92.0,92.0,1.0,1,1.0,SP,1,92.0,0.14369565217391306,1.0,,
1fe5540d7c1c37a595fefbacd5570d9e,20,4537.6,181.50400000000002,4.28,1,1.0,RJ,1,4537.6,0.12888597459995438,0.08,0.96,11.997797222222223
1fe61aa5494bd3ae92a2c13e067c810f,1,537.76,268.88,4.0,1,3.0,SC,1,537.76,0.18748140434394525,0.0,1.0,7.990543981481482
2009a095de2a2a41626f6c6d7722678d,8,388.89,32.4075,3.9166666666666665,2,4.0,SP,8,48.61125,0.5876622545197864,0.25,1.0,9.82987750771605
2039c5e51785b5dde7cf93ccb3b7be2c,1,159.9,159.9,5.0,1,1.0,SP,1,159.9,0.08617886178861787,0.0,1.0,8.269247685185185
204b4e07bddef3c9b317f70189135b22,1,73.4,73.4,5.0,1,3.0,MG,1,73.4,0.20068119891008174,0.0,1.0,10.187997685185184
2059c39f76271d4ca3f15b5ffaccc8b8,12,604.9,50.40833333333333,4.5,1,1.0,PR,8,75.6125,0.3592810483753531,0.0,1.0,9.585923032407408
20611af7866c6068fd5ae1f9dbe15c92,2,219.8,109.9,4.5,2,1.0,SP,1,219.8,0.5209281164695178,0.0,1.0,8.539311342592592
2063dd1b9f568df1c16741ea7d3e6adb,3,763.1,254.36666666666667,5.0,1,3.0,PR,9,84.78888888888889,0.08461274953595398,0.0,1.0,12.651215277777778
2075d8cd4dd63ff12df0749a5866bb06,3,184.70000000000002,61.56666666666667,5.0,1,2.0,PR,1,184.70000000000002,0.31232048277689317,0.0,1.0,4.744471450617284
2078fe5066350e7d220c0ad3a3bbc6c1,1,29.9,29.9,2.0,1,1.0,PR,1,29.9,1.2755852842809365,1.0,,
2089a6d640999f9b9141ac719b2af596,44,8830.82,200.70045454545453,3.727272727272727,3,1.5454545454545454,SP,16,551.92625,0.10749114756730656,0.29545454545454547,0.8536585365853658,19.527540932700994
20a7efa9721046319bdde5d60b6b5365,3,501.20000000000005,83.53333333333335,5.0,1,1.0,SP,2,250.60000000000002,0.19985753208127952,0.0,1.0,15.33033564814815
20a8b0dc55da94fe74d112082427c84f,7,407.4,58.199999999999996,4.285714285714286,2,2.5714285714285716,SP,2,203.7,0.29599610868286363,0.14285714285714285,0.8571428571428571,8.23525462962963
20b54c376b794ed028df09a3cd88e8dc,11,1342.95,122.08636363636364,3.0,5,2.090909090909091,SP,11,122.08636363636364,0.12576655199023737,0.36363636363636365,0.7142857142857143,21.161888227513227
20cb7c2fde3e5bf10f0bbe7394e1c6a9,32,861.9,16.9,3.843137254901961,1,1.0,PR,18,47.88333333333333,0.9263023552616314,0.19607843137254902,0.9,12.152555787037036
20d53aad4fe5ee93a64f8839609d3586,2,51.9,25.95,2.5,1,3.0,MG,7,7.414285714285714,0.7252646136824636,0.5,0.0,39.27744212962963
20d83f3ef0e6925fd74bfd59170babf7,40,2903.6,53.770370370370365,4.351851851851852,1,1.0,SP,18,161.3111111111111,0.2365533155747222,0.07407407407407407,0.9629629629629629,8.516469478737998
20f0aeea30bc3b8c4420be8ced4226c0,1,14.9,14.9,,1,1.0,SP,1,14.9,0.9744966442953019,0.0,0.0,44.71587962962963
20fd2d2080ed85fa67fad3fcbb2c1813,1,85.9,85.9,1.0,1,2.0,PR,1,85.9,0.22782305005820722,1.0,,
2138ccb85b11a4ec1e37afbd1c8eda1f,396,12357.03,28.804265734265737,3.897196261682243,7,3.380841121495327,SP,23,537.2621739130435,0.5749114461225534,0.1794871794871795,0.9451073985680191,11.263819941660037
213b25e6f54661939f11710a6fddb871,155,15379.5,79.27577319587628,3.7853403141361257,3,6.036082474226804,SP,10,1537.95,0.26093363970147954,0.20618556701030927,0.8894736842105263,15.226612816764133
213fafb0ca06fb3d5886579c2565791b,3,189.70000000000002,63.23333333333334,2.3333333333333335,3,3.0,MG,3,63.23333333333334,0.1747985498007051,0.6666666666666666,1.0,4.259791666666667
2156f2671501a81034d7d07f217609d0,22,2981.5,135.52272727272728,3.8636363636363638,4,1.3636363636363635,SP,12,248.45833333333334,0.22965147160090105,0.18181818181818182,0.8571428571428571,15.281910824514991
217f005bb37ff3aeef5b2ae1788e75ba,3,74.97,24.99,3.3333333333333335,1,2.0,SP,3,24.99,0.6035747632386288,0.3333333333333333,1.0,14.454687499999999
218d46b86c1881d022bce9c68a7d4b15,388,55093.28,129.024074941452,4.149411764705882,3,1.0140515222482436,SP,20,2754.6639999999998,0.18184675048203797,0.1288056206088993,0.9095238095238095,13.80322260802469
218f991754f360af9c2daa5e0b8e990c,14,3554.32,209.07764705882354,3.5294117647058822,1,4.0,SP,9,394.9244444444445,0.07447587999927513,0.23529411764705882,0.8823529411764706,13.213410947712418
2199e7fe213c16213bf5d6a7eadc9a5d,25,4078.29,131.55774193548388,4.290322580645161,8,1.4516129032258065,SP,23,177.31695652173912,0.1975432164392496,0.0967741935483871,0.9666666666666667,11.14721913580247
21c62b998a043ebe31161d38f84929fc,4,750.49,187.6225,4.5,1,1.5,CE,2,375.245,0.12563244165543563,0.0,1.0,13.303304398148148
21d59342ba150175ca2aa4f8faddeca6,2,259.9,129.95,4.5,1,1.0,SP,1,259.9,0.271798248905566,0.0,1.0,8.62144675925926
21e83881401b92b49fb09a16d3852291,14,3588.0499999999997,239.20333333333332,4.333333333333333,2,2.6666666666666665,MG,11,326.18636363636364,0.17944076485043384,0.13333333333333333,1.0,10.997335292022793
2235cf78d3e2073a88146a9cb60f0dd0,1,178.99,178.99,5.0,1,1.0,SP,1,178.99,0.14397452371640873,0.0,1.0,14.215081018518518
226b05fe067266c59c15dae208213d06,10,1056.9,96.08181818181819,4.181818181818182,1,1.0,PR,2,528.45,0.20923534895909662,0.18181818181818182,1.0,9.617001262626262
228e4c1a0be164f613d41c24345f9d2c,5,539.7,107.94000000000001,5.0,1,3.6,PR,4,134.925,0.4265808218343251,0.0,1.0,11.118863425925927
229c3efbfb0ea2058de4ccdfbc3d784a,121,15744.0,106.37837837837837,3.643835616438356,1,1.277027027027027,MG,23,684.5217391304348,0.18279681619593965,0.25,0.9793103448275862,10.838898148148148
22a23e5ac7061fc538cc2a019afaaf16,1,95.0,95.0,3.0,1,1.0,MG,1,95.0,0.15178947368421053,0.0,1.0,11.029351851851851
22c32ec35d0116ef02c281798a25bf8b,4,119.58,19.93,3.5,1,2.0,PR,2,59.79,0.7751628835645229,0.0,1.0,9.717814429012346
2305ab43e846518f58dd9d59f3f54e96,3,788.89,262.9633333333333,3.6666666666666665,1,1.6666666666666667,SP,3,262.9633333333333,0.05422603912429728,0.3333333333333333,1.0,11.829328703703704
232a6014e7b10cba61c6c2b2ea6bb4b0,33,3919.87,108.88527777777777,4.085714285714285,1,1.2222222222222223,SP,18,217.77055555555555,0.43715718916560486,0.1388888888888889,0.9428571428571428,13.63965939153439
23613d49c3ac2bd302259e55c06c050c,70,4293.0,53.6625,3.6582278481012658,1,2.4266666666666667,SP,23,186.65217391304347,0.6535832094002948,0.2875,0.8607594936708861,13.88935785864979
236585a4ddb5fea9fa40233e2249ed91,11,649.53,59.04818181818182,4.090909090909091,2,1.2727272727272727,RS,10,64.953,0.2922600231638933,0.09090909090909091,0.9090909090909091,13.136474116161617
2379bdc3888025689a9deb7b141507d5,9,999.5,111.05555555555556,4.333333333333333,2,1.1111111111111112,SP,8,124.9375,0.6689109902727379,0.1111111111111111,0.6666666666666666,18.42511059670782
238fac594e170b59c6d228f5a4f4f1d9,29,3126.0,104.2,3.9655172413793105,1,1.1333333333333333,SP,11,284.1818181818182,0.4498677746324174,0.13333333333333333,0.8666666666666667,12.48156674382716
23a0ffca143a15b9b5bbdb7d552f626a,23,3718.51,154.93791666666667,3.9583333333333335,2,2.4166666666666665,SP,6,619.7516666666667,0.2115565675431825,0.20833333333333334,0.875,11.143974729938272
23c38debaffe4a25a30fdbd9b586a13f,41,5382.18,117.00391304347826,4.304347826086956,6,1.9782608695652173,SP,5,1076.4360000000001,0.19605716140214047,0.021739130434782608,0.8478260869565217,11.556786936392914
23ca5f678e0b3ea6c630b30fa8bf51ea,6,183.0,26.142857142857142,5.0,1,1.0,SP,3,61.0,0.5375132275132276,0.0,1.0,7.506428571428572
23d7c96d4a1160db1c726b248601b25a,53,11766.94,213.94436363636365,3.8173076923076925,11,1.8727272727272728,SP,14,840.4957142857144,0.15061047224038768,0.18181818181818182,0.8846153846153846,13.258936075498575
23ff42c4bf1f8f16cddb19d8b972974a,2,174.70000000000002,58.23333333333334,4.333333333333333,1,1.0,MG,3,58.23333333333334,0.3857804158333378,0.0,1.0,12.354687499999999
240b9776d844d37535668549a396af32,36,13592.08,377.5577777777778,4.277777777777778,5,1.5833333333333333,RJ,2,6796.04,0.12015070246189143,0.1111111111111111,0.9428571428571428,11.357760582010583
244b04680fdbded0acf5aebd9c92b44a,3,3477.7000000000003,1159.2333333333333,1.0,1,1.0,SP,4,869.4250000000001,0.04412706929065158,0.6666666666666666,0.5,38.01493055555555
244c2f1bff6afe1f2eaf9bfe9b2aed38,23,2580.0,95.55555555555556,3.814814814814815,1,4.851851851851852,SP,13,198.46153846153845,0.4656240029889371,0.14814814814814814,0.8518518518518519,15.374535322359396
247587846358bb1d2e4c6522020b36fe,1,99.0,99.0,5.0,1,2.0,SP,1,99.0,0.2273737373737374,0.0,1.0,4.81011574074074
2493dc3f20131696a0ecdb9948051a8d,4,504.38,126.095,4.75,1,1.0,DF,2,252.19,0.1491352626468541,0.0,1.0,9.174956597222222
249f0e9905a6e06ad6c6bea7547ab9f6,3,347.95,115.98333333333333,3.6666666666666665,2,1.6666666666666667,RJ,3,115.98333333333333,0.1305261723430405,0.3333333333333333,1.0,6.271500771604939
24a6daf925d9d591870a66660416de31,2,60.0,30.0,4.5,1,1.5,SP,5,12.0,0.5054393770856508,0.0,1.0,13.617193287037036
24c1de8d9551c0b4fbc53317d53efda8,1,355.0,355.0,5.0,1,1.0,PB,1,355.0,0.16090140845070422,0.0,1.0,12.779282407407408
2528513dd95219a6013d4d05176e391a,161,32689.1,195.74311377245508,3.9451219512195124,3,2.4011976047904193,SP,18,1816.0611111111111,0.16691624247010547,0.17365269461077845,0.9457831325301205,10.570914839915217
2528744c5ef5d955adc318720a94d2e7,5,6245.0,1249.0,2.4,1,6.2,SP,9,693.8888888888889,0.044934301055277404,0.6,1.0,10.070645833333334
252e76235acb79183cfca6e34f13337d,3,261.2,65.3,3.75,2,1.25,SP,17,15.36470588235294,0.2315968222953517,0.25,1.0,14.787332175925926
253c025bab43881055aeecde5e2d8b77,2,94.82,47.41,4.5,1,3.0,PR,9,10.535555555555554,0.3128097245247396,0.0,0.5,16.56265625
253f95b3a0e6983ae18aed49fbc2b845,5,799.5,159.9,4.4,1,1.0,SP,4,199.875,0.13436454319960078,0.0,1.0,9.206965277777778
257e61d3251fb5efb9daadddbc2cf7ca,12,7729.0,644.0833333333334,4.75,2,3.3333333333333335,PR,5,1545.8,0.1468155085047283,0.0,1.0,8.095081018518519
258447aad3f7b01e2643c89f64dc5647,1,51.9,51.9,5.0,1,2.0,PR,1,51.9,0.37668593448940274,0.0,1.0,7.945914351851852
259f7b5e6e482c230e5bfaa670b6bb8f,138,8526.04,51.6729696969697,4.213414634146342,2,3.5515151515151517,SP,18,473.66888888888894,0.34155758395149427,0.1393939393939394,0.9814814814814815,8.603689700502972
25be943a321c8938947bdaabca979a90,5,769.0,153.8,3.0,1,1.2,SP,5,153.8,0.17404933406312714,0.4,1.0,3.203792438271605
25c5c91f63607446a97b143d2d535d31,158,54679.22,203.26847583643124,3.718283582089552,1,1.0,MG,13,4206.093846153846,0.15182816473341992,0.21933085501858737,0.9398496240601504,13.9284769649819
25cf099de44674fde97473224f9d59ab,50,1654.36,33.087199999999996,4.326530612244898,1,1.02,SP,15,110.29066666666667,0.5821240168815954,0.1,0.96,9.392387962962964
25debeafbce801fdd479539350185eee,6,302.84000000000003,43.26285714285715,2.4285714285714284,2,1.0,SP,12,25.236666666666668,0.4035517512574459,0.5714285714285714,1.0,14.713342978395062
25e47381a6c510ddeb36084e33b89f0c,16,1289.6000000000001,75.85882352941178,4.0588235294117645,1,1.1666666666666667,SP,2,644.8000000000001,0.3412309256303833,0.11764705882352941,1.0,9.804970043572984
25e6ffe976bd75618accfe16cefcbd0d,108,11691.61,99.9282905982906,4.384615384615385,6,1.9145299145299146,SP,21,556.7433333333333,0.25078238336128367,0.09401709401709402,0.9478260869565217,9.97521205716586
262237171f48e85819065498cac80d7b,4,599.0,59.9,4.3,1,1.0,SC,13,46.07692307692308,0.25041736227045075,0.0,1.0,8.981194444444444
2646baaf662d4d92ac48f047e35db92d,15,1263.05,70.16944444444444,4.555555555555555,4,1.5,SP,5,252.60999999999999,0.38317480532608783,0.1111111111111111,0.8888888888888888,5.476682741769547
26562f211dd1364af2a8596dc945e8ae,2,99.0,49.5,5.0,2,1.0,SP,1,99.0,0.1708958151700087,0.0,1.0,2.2555555555555555
265fdc289dffa9f1ad801c74f7d0de47,1,495.0,495.0,5.0,1,5.0,SP,1,495.0,0.10414141414141413,0.0,1.0,7.357453703703704
26785a546900236d66f2e4197c211158,15,1019.2,67.94666666666667,4.666666666666667,1,1.4,SP,9,113.24444444444445,0.23666300277193492,0.06666666666666667,1.0,5.767207561728395
269c5fc9fcadee614364c3620c30a1f9,3,209.6,34.93333333333333,5.0,1,6.666666666666667,SP,2,104.8,0.22314926297534995,0.0,0.6666666666666666,4.606662808641976
269cff2d3c8d205c11f37a52402ea93b,4,1281.59,256.318,4.4,2,1.0,SP,3,427.19666666666666,0.12728075557082236,0.0,1.0,7.116787037037037
26af45f5dfd967225a832838aa4e24a3,10,573.1,52.1,4.181818181818182,1,1.0,PR,8,71.6375,0.4259854075010312,0.18181818181818182,1.0,9.170877525252525
26b482dccfa29bd2e40703ba45523702,3,344.78,86.195,5.0,2,1.25,SP,2,172.39,0.2222758745880461,0.0,1.0,3.457259837962963
26bad72add1f86e08a776ce4ffdaf1ca,7,622.0,88.85714285714286,4.428571428571429,1,1.0,SP,9,69.11111111111111,0.42766966366966364,0.0,1.0,10.942886904761906
26d6bbee02420494d471c9f6436929c0,12,434.51,33.423846153846156,4.6923076923076925,4,1.9230769230769231,PR,5,86.902,0.8352420736123249,0.0,1.0,7.9719079415954415
26d8a1c7c75d513045798992ead43aa2,36,8244.12,216.9505263157895,4.2368421052631575,3,1.3421052631578947,PR,13,634.163076923077,0.1215082230837504,0.13157894736842105,0.9166666666666666,12.476636766975309
26e13b6ff5b641b329e5524241ee2c93,4,119.69999999999999,29.924999999999997,4.0,2,2.0,SP,1,119.69999999999999,0.5846067447045709,0.25,1.0,6.638492476851852
26e2c91ef821e1ff8985f408788fe35b,12,1649.4,117.81428571428572,3.0,1,1.7142857142857142,SP,6,274.90000000000003,0.2180514997869907,0.35714285714285715,0.6428571428571429,24.875859788359787
26e2e5033827d2ba53929f43e03d8ffe,1,139.49,139.49,5.0,1,1.0,SP,1,139.49,0.10961359237221305,0.0,1.0,5.269074074074074
26f6b7ab07be3e9e69ce82a6552efc19,2,54.8,27.4,3.0,2,3.5,RJ,1,54.8,0.4954634591879223,0.5,0.5,10.984780092592594
270297ead4c65a6cd2593960d2af6b21,18,9422.4,471.12,3.736842105263158,3,1.25,SP,18,523.4666666666667,0.09855310609475329,0.3,1.0,14.4933089668616
270572bb714b00531be85e16e1550f26,1,96.99,96.99,5.0,1,2.0,SP,1,96.99,0.1522837405918136,0.0,1.0,11.073055555555555
2709af9587499e95e803a6498a5a56e9,26,1279.56,27.22468085106383,2.5652173913043477,2,3.1914893617021276,SP,19,67.34526315789473,3.1873716535733343,0.574468085106383,0.5,12.697238828502414
270d3ef21830ad0ecf3a6c53d08a533a,6,509.0,28.27777777777778,2.2222222222222223,1,1.9444444444444444,SP,5,101.8,0.4794894087069525,0.4444444444444444,1.0,11.425807461873639
271b8923c6a549e02d3c9fd1f8c0422b,1,105.19,105.19,4.0,1,2.0,SP,1,105.19,0.12738853503184713,0.0,0.0,14.175335648148149
271c58a1d139c45eaf3316107c6d3a3b,29,3897.52,134.39724137931034,4.068965517241379,1,3.103448275862069,SP,4,974.38,0.17867619395698167,0.1724137931034483,0.9259259259259259,13.15568329903978
272f092de69afedd4d2969440b37f18f,26,1935.3300000000002,48.383250000000004,3.986842105263158,4,1.725,SP,10,193.53300000000002,0.3724951678361429,0.2,1.0,9.34806564577398
2745f798279e0ed033addcc1474776d7,32,3668.53,114.6415625,3.967741935483871,1,2.71875,SP,10,366.853,0.19714517792576317,0.125,0.90625,13.36188548900463
276677b5d08786d5dce7c2149dcce48b,33,3522.0,74.93617021276596,3.8085106382978724,6,2.851063829787234,MG,7,503.14285714285717,0.3777101200953525,0.2553191489361702,0.9333333333333333,11.097764146090535
278b6e0b20c4f61fefaa0577943d7a35,1,1078.0,539.0,1.0,1,1.0,SC,1,1078.0,0.06922077922077922,1.0,,
27a56ff04b34c2ba34ce6ba4d3b9d616,8,349.28999999999996,43.661249999999995,4.125,2,1.125,SP,7,49.89857142857142,0.30048373083802604,0.125,0.875,12.881733217592593
282c7480173bb9c01dd41cc739fec010,5,4274.2,534.275,4.428571428571429,2,3.125,SP,1,4274.2,0.067680745763744,0.125,0.875,13.806019965277779
282f23a9769b2690c5dda22e316f9941,99,6505.08,59.13709090909091,4.3,6,2.036363636363636,MG,14,464.6485714285714,0.3812726923770995,0.045454545454545456,0.9541284403669725,11.209118459055386
28405831a29823802aa22c084cfd0649,7,245.0,35.0,4.285714285714286,1,4.0,SP,3,81.66666666666667,0.3599183673469388,0.0,1.0,7.19403163580247
28872dc528e978a639754bc8c2ce5a4c,1,1009.9,1009.9,5.0,1,5.0,RS,1,1009.9,0.028715714427171007,0.0,1.0,4.039108796296296
289cdb325fb7e7f891c38608bf9e0962,110,13544.95,107.49960317460318,4.579365079365079,4,1.007936507936508,SP,7,1934.9928571428572,0.1947996368983829,0.047619047619047616,0.984,6.65641787037037
28a26ebce31d5918b181ede016fd693b,1,29.9,29.9,5.0,1,1.0,MG,1,29.9,0.5732441471571906,0.0,1.0,11.071064814814815
28c7d8743fbc8679f484868cc0fcaefb,3,201.5,67.16666666666667,5.0,1,1.0,SP,4,50.375,0.3415901069205369,0.0,1.0,13.52462962962963
28d162ab86bb49d719c32f0ee6186eaa,1,109.99,109.99,4.0,1,1.0,SP,1,109.99,0.15646876988817165,0.0,1.0,16.388842592592592
28ea411b354f14b1a494be4e79f0ce02,6,820.0,136.66666666666666,4.666666666666667,2,3.1666666666666665,SP,12,68.33333333333333,0.09529023714153025,0.0,0.8333333333333334,8.916840277777778
28f10b1c5e5abb9d4857745bede6147c,28,835.0,29.821428571428573,4.0,3,2.0,SP,5,167.0,0.6337485856044546,0.17857142857142858,0.7857142857142857,7.637304894179894
28fb0829fd777877cdc350d25cb5bd5b,4,499.6,124.9,3.75,1,1.0,SP,4,124.9,0.13913384258041847,0.25,1.0,14.081875
293dee954235e4e4e43f129313625ebe,8,1778.92,222.365,5.0,1,3.0,DF,4,444.73,0.3153056146468668,0.0,1.0,14.440222800925927
2953ce3a88f5e3c3b696d77fc9e4c8eb,14,470.0,31.333333333333332,4.666666666666667,2,1.0,SP,11,42.72727272727273,0.3456680965880966,0.06666666666666667,0.7333333333333333,8.075856481481482
296729ffb9b684050dd24836dac4494a,2,114.0,57.0,5.0,2,3.0,SP,4,28.5,0.31231895223420647,0.0,1.0,7.2698784722222225
297d5eccd19fa9a83b2630071ff105e4,8,834.97,104.37125,5.0,1,1.375,PR,2,417.485,0.16925435729992494,0.0,1.0,6.882055844907407
299c89a525fee36c567f4fe72f038100,2,658.0,329.0,2.0,2,5.0,CE,2,329.0,0.19110992655768777,0.5,1.0,9.31943287037037
29c322e3f09f886f8bacbe91dfbd979e,1,48.98,24.49,5.0,1,1.0,RS,1,48.98,1.2167862343442197,0.0,1.0,6.673425925925926
29e6e05b65f93bc224c644319dc52ecf,4,475.6,118.9,4.75,1,6.0,MG,3,158.53333333333333,0.1771301981509378,0.0,1.0,6.916348379629629
29fe9f200d3fa0c668d2aa1ec7e08dfb,5,400.0,80.0,4.0,1,1.0,SC,4,100.0,0.2854,0.2,1.0,10.749125000000001
2a1348e9addc1af5aaa619b1a3679d6b,52,2843.0,51.69090909090909,3.0,12,1.7272727272727273,MG,20,142.15,0.44710770100114405,0.4,0.7058823529411765,27.20355324074074
2a167ca73899c85001a837d8fb4962f6,2,4097.0,1365.6666666666667,4.333333333333333,1,6.0,SP,1,4097.0,0.026514183110916894,0.0,1.0,7.400652006172838
2a261b5b644fa05f4f2700eb93544f2c,51,5355.0,65.3048780487805,3.3536585365853657,1,1.3048780487804879,SP,11,486.8181818181818,0.422337435289417,0.36585365853658536,0.7804878048780488,14.461137929087624
2a50b7ee5aebecc6fd0ff9784a4747d6,1,199.8,99.9,1.0,1,2.0,DF,1,199.8,0.3225225225225225,1.0,0.0,39.73696759259259
2a5b78b41cd05baeac8df54c6606b92c,49,19025.36,317.08933333333334,4.083333333333333,1,1.7166666666666666,MG,14,1358.9542857142858,0.1211905444377372,0.13333333333333333,0.9821428571428571,9.337563657407406
2a61c271b1ac763450d846849783e922,18,1516.76,65.94608695652174,3.652173913043478,2,1.0434782608695652,SP,6,252.79333333333332,0.37478364432485156,0.21739130434782608,0.8636363636363636,19.742697285353536
2a6fbeaa7ab9e5d59a35841a8da71ce4,30,1632.79,54.42633333333333,3.9310344827586206,4,1.8666666666666667,SC,17,96.0464705882353,0.5418295301730144,0.16666666666666666,0.9333333333333333,14.512402777777776
2a73cba571d90c694b7caca072ccf6ce,1,342.78,171.39,5.0,1,2.0,SP,1,342.78,0.1129004025905829,0.0,0.0,21.333020833333332
2a7c6c0b0d5efde2bf75ec1e1cec2d41,3,147.6,49.199999999999996,3.3333333333333335,1,1.6666666666666667,PR,2,73.8,0.3056609351070543,0.3333333333333333,1.0,10.607287808641976
2a7dc43cecabf23403078e2188437d1d,52,4795.91,88.81314814814814,4.092592592592593,5,2.217391304347826,SP,8,599.48875,0.3689669139035668,0.1111111111111111,0.9259259259259259,12.95549575617284
2a84855fd20af891be03bc5924d2b453,164,15819.1,94.16130952380952,4.2379518072289155,8,3.7023809523809526,MG,9,1757.677777777778,0.30520950912049216,0.1130952380952381,0.9685534591194969,8.543380066387142
2aa3443d7bf9d9bb11133f420d75e083,10,647.0,64.7,3.0,3,2.0,RJ,10,64.7,0.22226887346709887,0.4,0.8,10.573586805555555
2aafae69bf4c41fbd94053d9413e87ee,2,94.0,47.0,4.5,1,4.0,RS,3,31.333333333333332,0.320138014527845,0.0,1.0,8.844872685185186
2addf05f476d0637864454e93ba673d5,12,4552.0,379.3333333333333,5.0,1,2.5,DF,8,569.0,0.0876349458697302,0.0,1.0,10.398473186728395
2b03ac196f5ed62ac483960fe0fa3b65,7,843.1,120.44285714285715,4.142857142857143,2,1.0,SP,7,120.44285714285715,0.1189336055343456,0.14285714285714285,0.8571428571428571,12.89291832010582
2b1a40c1daabc6ca280c4b815c101841,23,12732.6,363.78857142857146,3.6285714285714286,1,1.0571428571428572,MG,21,606.3142857142857,0.14979980894652073,0.22857142857142856,0.9696969696969697,13.906648779461278
2b2fed75b8e5ea3a052fc4c0825da485,3,510.9,127.725,5.0,1,1.0,MG,4,127.725,0.14823291251884196,0.0,1.0,4.906539351851852
2b3b9ce054da76a7428df143a567b156,5,301.0,50.166666666666664,3.1666666666666665,1,4.0,SP,3,100.33333333333333,0.21166496938837365,0.3333333333333333,1.0,7.049924768518519
2b3e4a2a3ea8e01938cabda2a3e5cc79,52,23629.15,437.57685185185187,4.388888888888889,1,1.5925925925925926,SP,15,1575.2766666666669,0.0931864302490813,0.07407407407407407,1.0,8.700260845336077
2b402d5dc42554061f8ea98d1916f148,1,299.89,299.89,5.0,1,2.0,BA,1,299.89,0.21307812864717063,0.0,1.0,6.000300925925926
2b5ed0c9139dae8883a200dfcb272ece,4,85.41,21.3525,4.25,1,1.0,SP,8,10.67625,0.6909692396656169,0.0,0.75,16.871241319444444
2ba91c7ad80ff88b23b7db823b43c233,6,740.4,123.39999999999999,3.8333333333333335,2,1.1666666666666667,SP,5,148.07999999999998,0.15512575278254223,0.16666666666666666,0.6666666666666666,18.654373070987656
2bd05d410a8fd26dc4184a15f4f2f588,6,1316.73,188.1042857142857,5.0,2,2.5,MG,10,131.673,0.3006663337335655,0.0,1.0,9.337569444444444
2bdb95a56a36ebbc6640337ac5eac174,1,89.9,89.9,5.0,1,1.0,SP,1,89.9,0.20022246941045604,0.0,1.0,5.851944444444444
2be17df1c49978426251562096c3cc09,16,2165.0,135.3125,4.1875,3,5.375,SC,18,120.27777777777777,0.16564739226359287,0.0625,0.9375,12.265654658564815
2bf28e311bba65237358230cabac3f15,7,294.0,36.75,3.875,3,1.0,PR,5,58.8,0.6371978991596638,0.25,0.75,12.415434027777778
2bf6a2c1e71bbd29a4ad64e6d3c3629f,30,50628.9,1633.1903225806452,4.193548387096774,2,1.8064516129032258,RJ,10,5062.89,0.02180119537487726,0.12903225806451613,0.9032258064516129,13.368179510155317
2c00c85d30361cd2ced2969cffbbffa3,1,49.8,49.8,5.0,1,5.0,MG,1,49.8,0.15481927710843374,0.0,1.0,1.8740625
2c2c9832d1bb38c5b0034a3b47d313ee,1,49.9,49.9,3.0,1,1.0,RS,1,49.9,0.3697394789579158,0.0,1.0,12.09361111111111
2c3d56f92f360fb89d849b84e8f50eae,8,465.6,58.2,3.125,3,1.0,SP,6,77.60000000000001,0.352224722824559,0.5,0.7142857142857143,13.617607473544975
2c43fb513632d29b3b58df74816f1b06,3,858.0,286.0,3.6666666666666665,2,1.6666666666666667,MG,2,429.0,0.1357659099481204,0.3333333333333333,1.0,4.594564043209877
2c4c47cb51acd5ea5db5e0ae0e26542a,12,2575.9,171.72666666666666,4.6,1,1.0666666666666667,SP,11,234.1727272727273,0.13518641633594755,0.0,1.0,10.8107237654321
2c538755f1ca9540af144f266e70df6c,1,334.99,334.99,5.0,1,4.0,MG,1,334.99,0.07439028030687483,0.0,1.0,6.557847222222223
2c54051840f19eca309a5423cf22df36,2,23.7,11.85,4.5,1,1.5,PR,5,4.74,1.2105423674401186,0.0,1.0,8.931585648148149
2c9005d8043aff18b8557ffb7b13cda4,1,109.9,109.9,5.0,1,3.0,ES,1,109.9,0.17961783439490445,0.0,1.0,7.852303240740741
2c9e548be18521d1c43cde1c582c6de8,126,6109.44,35.111724137931034,3.9239766081871346,5,3.632183908045977,SP,11,555.4036363636363,0.6831206665949578,0.19540229885057472,0.8304093567251462,13.734119693523933
2cb4700db635baa1c0d4f90ed27b6669,2,199.8,99.9,2.0,1,3.0,PR,1,199.8,0.14474474474474475,0.5,1.0,16.483385416666668
2cb6eb1b7185064167657fa09f541105,6,1217.9,173.9857142857143,4.571428571428571,4,3.2857142857142856,MG,7,173.9857142857143,0.17907550837118463,0.14285714285714285,1.0,8.328468915343915
2cb98e27ce1c18abdb42209b34c382a7,1,62.49,62.49,4.0,1,1.0,SP,1,62.49,0.9155064810369659,0.0,1.0,19.064525462962962
2d20f1cd18725c91147da0791d498022,1,99.8,99.8,5.0,1,3.0,PR,1,99.8,0.19929859719438878,0.0,1.0,9.953344907407407
2d22fc3089eb907b29ebff50581fb472,3,317.70000000000005,105.90000000000002,3.6666666666666665,1,1.0,RJ,1,317.70000000000005,0.18842690434559464,0.0,1.0,9.620108024691358
2d2322d842118867781fc737e96d59a1,8,176.4,17.64,4.9,1,1.5,SP,3,58.800000000000004,0.9330731952323656,0.0,0.9,7.23734837962963
2d2c62bef4c8ba0dd74e0e228e808539,16,3749.0,234.3125,4.125,4,3.625,SP,10,374.9,0.13117811620445255,0.1875,0.875,10.30731987847222
2d34636518ba88f5349b732fcf8ba2e4,1,150.0,150.0,5.0,1,3.0,SP,1,150.0,0.12419999999999999,0.0,1.0,10.83261574074074
2d378dbb39815785238c0139c7647fb7,2,1154.0,577.0,5.0,1,1.0,SC,2,577.0,0.2563128088237544,0.0,1.0,19.639346064814816
2d42ebcda99fd55f6f4bc2f1ca035d50,10,921.5,83.77272727272727,4.0,2,1.0,GO,3,307.1666666666667,0.3251090306631407,0.18181818181818182,1.0,9.647195917508418
2d50d6282f8aa2257819a77bfaa0efe0,44,3353.48,74.52177777777777,3.6444444444444444,3,1.0,SP,13,257.96,0.274612487032626,0.24444444444444444,0.8604651162790697,13.762621393195522
2d518637f53161b973e01f56ea4bb88e,13,1219.8899999999999,93.8376923076923,4.923076923076923,1,1.4615384615384615,SP,4,304.97249999999997,0.26475405889591574,0.0,1.0,13.663798967236467
2d8cfba3fcd3170555941605edaa196a,1,45.0,45.0,5.0,1,1.0,SP,1,45.0,0.24355555555555558,0.0,1.0,4.953564814814815
2d9e8987a2ea5cf88dce330249043ff1,2,239.8,119.9,4.5,1,1.5,SP,1,239.8,0.4352376980817348,0.0,1.0,8.896828703703704
2dcf93836ae3ce0d7c93e2f10876467a,9,1443.8,120.31666666666666,4.166666666666667,2,2.6666666666666665,SP,3,481.26666666666665,0.18191556357053804,0.08333333333333333,0.8333333333333334,6.535892168209877
2dd1fb6f0e42a2243b8a01e40cd41216,4,845.89,169.178,2.6,1,1.4,PR,3,281.9633333333333,0.11927003516718182,0.6,1.0,15.735182291666666
2dee2ce60de9709b1a24083217181a1f,54,7784.5,141.53636363636363,4.363636363636363,1,1.8363636363636364,MT,12,648.7083333333334,0.2707694915974369,0.07272727272727272,0.9636363636363636,14.45154356060606
2e0dba2da448400b1c11d7b4b22f32a4,7,235.87,18.143846153846155,3.769230769230769,1,3.1538461538461537,SP,4,58.9675,0.7608559757701384,0.23076923076923078,1.0,8.837432336182337
2e13c71026e1a39ba5cc1b86dcb679aa,24,3793.0,135.46428571428572,4.25,1,3.5357142857142856,SP,9,421.44444444444446,0.17087813040716873,0.10714285714285714,0.9285714285714286,10.368659060846563
2e1a7d075abe038c1b2743005fe42ff1,19,1396.7,60.72608695652174,3.6956521739130435,2,1.0434782608695652,SP,13,107.43846153846154,0.2721048889494093,0.30434782608695654,0.7272727272727273,14.954498106060607
2e1c9f22be269ef4643f826c9e650a52,167,12687.68,73.33919075144509,4.158823529411765,3,1.329479768786127,SP,14,906.2628571428571,0.25279119926636495,0.12716763005780346,0.9341317365269461,9.716660983588378
2e2f44824ab87a0cb961f68bf4073e7f,1,48.0,48.0,2.0,0,,PR,1,48.0,0.37354166666666666,1.0,1.0,10.955590277777778
2e3be8a987a30d7544dbbda6861cc14e,18,4430.84,233.2021052631579,3.0526315789473686,1,2.8421052631578947,MG,18,246.1577777777778,0.13061826957127132,0.3684210526315789,0.9333333333333333,14.025557098765432
2e7ea2aafec5835e781b21d6d1faf1f1,7,528.4,75.48571428571428,4.5,1,1.4285714285714286,SP,2,264.2,0.2519662907898202,0.0,0.8571428571428571,7.159899140211641
2e90cb1677d35cfe24eef47d441b7c87,127,13894.710000000001,101.42124087591242,4.036496350364963,3,6.029197080291971,SP,18,771.9283333333334,0.24287672403066904,0.1678832116788321,0.8759124087591241,12.098287037037037
2ea0861cc19e94cad86438c984c52da4,6,165.6,27.599999999999998,3.3333333333333335,5,2.6666666666666665,SP,3,55.199999999999996,0.5132370401357028,0.16666666666666666,1.0,5.2506057098765435
2eb70248d66e0e3ef83659f71b244378,202,42628.61,201.07834905660377,2.7139423076923075,11,2.3062200956937797,SP,6,7104.768333333333,0.11370414607472991,0.49056603773584906,0.8578680203045685,17.974676865952247
2ec6e37d992a95eaddb3369dcbcc76d9,2,159.8,79.9,1.5,1,2.0,RS,3,53.26666666666667,0.15106382978723404,1.0,1.0,9.651765046296296
2ee0a0689f2f6a72f35a7cb6033f6e7e,4,272.0,68.0,4.0,1,1.0,SP,1,272.0,0.19421275270547322,0.0,1.0,9.681559606481482
2eeb6531ee027a48d401e72bebdd87d3,3,38.7,12.9,4.333333333333333,1,1.0,SP,1,38.7,1.113997113997114,0.0,1.0,12.211415895061728
2ef086a599b597572aca4433b7ed6b3d,1,49.0,49.0,5.0,1,2.0,SC,1,49.0,0.3081632653061224,0.0,1.0,11.24431712962963
2f09f7d37a97956d11cc1a7cadd5262b,11,2005.0,167.08333333333334,3.0833333333333335,2,2.5,SP,8,250.625,0.2541154926658023,0.4166666666666667,0.875,13.084930555555555
2f1e7b90e01d9f086cbcb301c0c3d406,1,59.0,59.0,5.0,1,4.0,SC,1,59.0,0.21457627118644068,0.0,1.0,7.110335648148149
2f3d8b4c9e2ee165075331fea3f3095a,1,130.0,130.0,5.0,0,,SC,1,130.0,0.13346153846153846,0.0,1.0,12.331180555555555
2f4b0d3b9634b647d4edee577d7ebb7e,10,337.9,30.718181818181815,4.909090909090909,1,1.0,SP,3,112.63333333333333,0.2942859769591608,0.0,1.0,6.510919612794613
2f4b9d112bfa44a214bc6cef085d17c8,5,293.99,48.998333333333335,4.333333333333333,3,2.6666666666666665,ES,7,41.99857142857143,0.6448609411980075,0.0,1.0,14.16099151234568
2f73e04d12cdf0c945ded66bb3fcf6c7,3,1359.0,453.0,3.3333333333333335,1,2.3333333333333335,ES,19,71.52631578947368,0.0840563042402348,0.3333333333333333,1.0,13.595486111111109
2f74af7a0ee5636f12c2336f9fffed47,13,560.6999999999999,43.130769230769225,4.3076923076923075,3,3.076923076923077,SP,6,93.44999999999999,0.30703308789931794,0.07692307692307693,1.0,9.696574964387464
2f9b7ce230a057a98a9f5df5893ee36c,2,141.82,70.91,4.5,1,3.0,SP,2,70.91,0.5315221629031549,0.0,1.0,10.458252314814814
2fa13c8bd5705d279f7ed5cc9ec61c68,2,87.4,21.85,5.0,2,1.25,SP,4,21.85,0.6828301649250913,0.0,1.0,5.193368055555556
2fb25ab44bdbeae6a4d816e0d0c9d500,5,683.08,136.616,4.8,2,2.6,RJ,11,62.09818181818182,0.1538825287127627,0.0,1.0,8.520905092592592
2fdde51ad3e12f297da656d4fbd5d0b5,10,6252.0,625.2,4.7,2,4.6,SC,7,893.1428571428571,0.11004785356846478,0.0,1.0,15.266977880658438
2ff6b7bff164ef05590a52734e1296da,7,1803.59,257.6557142857143,4.714285714285714,4,1.8571428571428572,PR,7,257.6557142857143,0.11687950633155716,0.0,1.0,11.747468584656085
2ff97219cb8622eaf3cd89b7d9c09824,89,4476.9,46.634375,4.541666666666667,14,3.40625,SP,7,639.5571428571428,0.41527471620327905,0.03125,0.9361702127659575,8.793597690110323
3076499bbc033a927bf4a8a41bcf7fd4,7,359.33,39.925555555555555,4.444444444444445,2,2.6666666666666665,SP,4,89.8325,0.4393790268801019,0.1111111111111111,1.0,7.121721965020577
3078096983cf766a32a06257648502d1,59,8285.42,129.4596875,4.203125,10,1.7543859649122806,SP,13,637.34,0.2245788326720966,0.140625,0.9508196721311475,12.082166818457802
30829ded4523ab9224b93bc49a62c95f,18,6911.71,222.9583870967742,3.5806451612903225,1,1.0,RS,8,863.96375,0.11900775220677161,0.2903225806451613,0.967741935483871,10.493247834528075
3092c0b297aacfb4bb6e056ebe13b9b8,19,1623.9,77.32857142857144,3.5714285714285716,7,3.6666666666666665,SP,6,270.65000000000003,0.4216348660783252,0.2857142857142857,1.0,13.56010552832244
30a2f535bb48308f991d0b9ad4a8c4bb,71,4731.3,54.38275862068966,4.252873563218391,1,3.3908045977011496,SP,18,262.85,0.23223814970105802,0.13793103448275862,0.9655172413793104,8.407107279693486
30a81d8cf85fb2ada1b1b094c9583a95,17,1245.42,62.271,4.85,1,1.15,SP,7,177.91714285714286,0.17373325168501622,0.0,1.0,4.0252054398148145
30c7f28fd3a5897b2c82d152bb760c17,7,2178.27,311.18142857142857,1.6666666666666667,4,2.4285714285714284,RJ,8,272.28375,0.1286605194678813,0.5714285714285714,0.5,20.652399691358024
312ba1d77e9c332ef21f9598b7f64cd7,9,756.0,75.6,2.7,2,1.4,SP,7,108.0,0.18603637226970562,0.6,0.42857142857142855,25.699447751322754
31344c16881c08a8a72c6d2eb29918c1,43,9615.7,223.62093023255815,4.348837209302325,1,2.813953488372093,MG,20,480.785,0.24251857441115962,0.11627906976744186,0.9523809523809523,15.696046075837742
31561f325664a8a7aba4c8d0c3a9b3db,36,2702.19,71.11026315789474,4.578947368421052,2,3.1315789473684212,SP,3,900.73,0.30005589523750004,0.05263157894736842,0.9736842105263158,7.351872867933724
318f287a62ab7ac10b703ac37435a231,52,2517.48,40.604516129032255,3.870967741935484,2,1.032258064516129,SP,19,132.49894736842106,0.5759587864658201,0.20967741935483872,0.8852459016393442,12.170947366423801
31ae0774c17fabd06ff707cc5bde005f,11,6719.85,610.8954545454545,4.0,3,5.363636363636363,SP,16,419.990625,0.13424741396727116,0.18181818181818182,0.9090909090909091,11.775554503367005
31be790e64fc99f8ff48ec2bd18a3104,6,241.39999999999998,40.23333333333333,4.333333333333333,1,2.0,SP,2,120.69999999999999,0.3224387661651918,0.0,0.6666666666666666,6.493200231481481
31da954dc0855f2495c6310f70a2f931,29,4583.0,152.76666666666668,4.233333333333333,2,3.3,SP,12,381.9166666666667,0.1541428632309173,0.1,0.9,8.123554012345679
31e60bf8d103ce47932a85f5562deb16,1,181.0,181.0,5.0,1,4.0,GO,1,181.0,0.3206629834254144,0.0,1.0,14.461574074074074
31eec405c9bb71dec8e2629a92e764fa,5,256.89,51.378,4.6,5,1.6,ES,3,85.63,0.6596312727632163,0.0,1.0,8.572550925925926
323ce52b5b81df2cd804b017b7f09aa7,30,2554.2,85.14,4.310344827586207,1,1.7142857142857142,SP,8,319.275,0.20015589303161938,0.1,0.8275862068965517,17.057155970625796
324583d68897f5ddbaf38f6248322176,2,84.0,28.0,1.0,1,1.0,SP,1,84.0,0.5236904761904762,1.0,0.3333333333333333,25.36692901234568
325f3178fb58e2a9778334621eecdbf9,36,981.6999999999999,21.341304347826085,4.456521739130435,3,1.0,SP,11,89.24545454545454,0.5227954712526685,0.08695652173913043,1.0,6.277807467793881
327b89b872c14d1c0be7235ef4871685,3,1177.0,392.3333333333333,2.3333333333333335,1,3.0,AM,2,588.5,0.1484668379765712,0.6666666666666666,0.3333333333333333,47.8408024691358
3289d8c3eef4873f91ce0b1343c0dd58,1,199.99,199.99,5.0,1,2.0,SP,1,199.99,0.09640482024101205,0.0,1.0,13.827824074074075
328acb143b4a73aad6bee8e734f5d20d,2,699.98,349.99,4.0,2,3.0,PR,1,699.98,0.05088068591427776,0.0,1.0,12.058634259259259
3296662b1331dea51e744505065ae889,1,517.8,517.8,5.0,1,1.0,SP,1,517.8,0.053514870606411746,0.0,1.0,3.404826388888889
32b8764b4ef628b53608fc34011fcc13,36,8884.0,233.78947368421052,4.2368421052631575,1,2.3421052631578947,SC,6,1480.6666666666667,0.34720439393210006,0.05263157894736842,0.9210526315789473,11.274994212962964
32e5635e63cb374eb63afdd242fb6134,1,910.0,910.0,5.0,1,1.0,RJ,1,910.0,0.019582417582417584,0.0,1.0,7.309675925925926
32f1bb9dfa65bc7df5c0d9d95a616be4,5,276.39,46.065,3.4,3,2.8333333333333335,SP,6,46.065,0.24649827971813817,0.3333333333333333,0.6,6.5551157407407405
32f83ffe11cd40f7adcf4eef171f52d9,1,29.99,29.99,5.0,1,1.0,RS,1,29.99,0.5035011670556853,0.0,1.0,10.574085648148149
32fdd5d44ecb43dfd6a24b9369eca144,8,479.2,59.9,4.375,1,2.0,MG,3,159.73333333333332,0.28939899833055094,0.0,1.0,16.070402199074074
3338e7a0710a195872be80e0d2423867,1,45.0,45.0,1.0,1,2.0,SP,1,45.0,0.454,1.0,,
333c4210e76a1aa2ab817b99437e3ff1,2,335.0,167.5,5.0,1,2.0,SP,2,167.5,0.6166266098313078,0.0,1.0,7.161348379629629
3340ef1913fb70d28420f6ceb685c339,32,6731.15,160.2654761904762,4.333333333333333,1,1.0,PR,11,611.9227272727272,0.13881385594172943,0.07142857142857142,0.9047619047619048,15.509944334215168
334cab711dee080b079fa5779b584783,11,1069.7,41.142307692307696,4.961538461538462,1,2.0,SP,5,213.94,0.7241130140972682,0.0,1.0,6.984309561965812
33576ec5412fb5905d876f12f33bfde6,31,2718.0,84.9375,4.125,1,7.0,PR,12,226.5,0.20992310837718675,0.09375,0.96875,14.648119936342592
3361277dc30b7cccdb0c286b24219756,29,3905.05,92.97738095238095,4.214285714285714,3,1.4761904761904763,PR,19,205.52894736842106,0.4689928274377233,0.047619047619047616,0.8809523809523809,13.870902226631394
3364a91ec4d56c98e44174de954b94f6,6,3579.94,596.6566666666666,3.8333333333333335,1,3.3333333333333335,RO,5,715.988,0.13693445450816566,0.3333333333333333,1.0,14.826041666666669
33a17d60c64393351ebf1ef860f4e0f2,43,8152.4800000000005,173.45702127659575,4.617021276595745,1,2.0851063829787235,RS,14,582.32,0.17316528774181175,0.02127659574468085,0.9787234042553191,10.582687894011032
33a6f4b1e7cdc205511e76ba1b6e0186,105,10295.01,81.70642857142857,4.357142857142857,2,1.126984126984127,SP,8,1286.87625,0.19171463075329975,0.10317460317460317,0.9841269841269841,8.538114987507349
33ab10be054370c254ddfcf0a6253422,4,213.2,53.3,5.0,1,1.0,RJ,3,71.06666666666666,0.2498373816632892,0.0,1.0,5.813640046296296
33ac3e28642ab8bda860a2f693000e78,34,3661.03,104.60085714285715,4.228571428571429,2,2.8,SP,18,203.39055555555558,0.1412360813507431,0.11428571428571428,1.0,8.664377314814816
33c51922b6e3c16b24a8f28e5833c99d,18,6657.87,332.8935,4.277777777777778,4,1.15,PR,9,739.7633333333333,0.11520406066129182,0.1,0.95,14.790471064814815
33cbbec1e7e1044aaf11d152172c776f,15,730.67,45.666875,4.6875,1,3.125,RS,5,146.134,0.5738550240030911,0.0,1.0,8.12800853587963
33cbda8716511e27e556dff9d8418bf2,5,507.40000000000003,84.56666666666668,4.833333333333333,3,1.3333333333333333,SC,16,31.712500000000002,0.2820969219682946,0.0,1.0,13.241147762345678
33d677f27a69b84051204ee4ae76eaca,9,165.0,16.5,4.6,3,1.0,SC,5,33.0,1.0642523347892474,0.1,1.0,9.246046296296296
33dd941c27854f7625b968cc6195a552,5,6787.5,1357.5,4.4,1,3.0,ES,4,1696.875,0.05633024744193976,0.2,1.0,11.700719907407407
33fd411ed63a7c2f9005e3f065d9f85d,1,24.9,24.9,4.0,1,1.0,RS,1,24.9,0.7321285140562249,0.0,1.0,8.134837962962964
34056b8b55c1775a22af2331670a799c,78,6455.4,82.76153846153845,4.0,1,4.0,SP,10,645.54,0.3127833945174158,0.15384615384615385,0.8831168831168831,12.927642496392497
340636a908b13bbe0f4fb63fbe1d0c03,5,823.2,137.20000000000002,3.0,1,1.0,SP,4,205.8,0.23704230612605745,0.5,1.0,7.826103395061729
343e716476e3748b069f980efbaa294e,17,922.5999999999999,38.44166666666666,4.0,1,1.0,SP,17,54.27058823529411,0.34505931645258864,0.20833333333333334,0.9166666666666666,15.760446356682769
3442033154be05bac582e173ef54fd12,1,161.0,161.0,5.0,1,5.0,SP,1,161.0,0.05211180124223603,0.0,1.0,3.9064699074074074
344223b2a90784f64136a8a5da012e7f,1,10.9,10.9,2.0,1,1.0,SC,1,10.9,1.5403669724770641,1.0,0.0,32.62399305555556
3442f8959a84dea7ee197c632cb2df15,3,218.70000000000002,72.9,3.0,1,2.0,SP,4,54.675000000000004,0.1568772487301561,0.3333333333333333,0.6666666666666666,13.018587962962963
34675b28b826facfde119785bf287dc1,1,21.99,21.99,4.0,1,1.0,PR,1,21.99,0.6866757617098681,0.0,1.0,5.948611111111111
3481aa57cd91f9f9d3fa1fa12d9a3bf7,25,1773.03,70.9212,3.88,2,1.875,SP,11,161.18454545454546,0.4349778200477236,0.2,1.0,10.194835185185186
3492e68f37fd1df87f4f2f2ea247f445,8,787.86,87.54,3.5555555555555554,3,1.8888888888888888,SP,4,196.965,0.2880310332923063,0.3333333333333333,0.8888888888888888,10.19298353909465
34a557286ead8fe75c989e0afcf7d98c,4,414.9,103.725,4.75,1,1.0,SP,4,103.725,0.16487404300420572,0.0,1.0,8.269539930555556
34aefe746cd81b7f3b23253ea28bef39,1,8.0,8.0,1.0,1,1.0,PR,1,8.0,1.815,1.0,,
34d1ca11b242c0fee2c834ae8d788566,40,13422.24,327.3717073170732,4.3,1,2.317073170731707,MG,18,745.68,0.10294475710502397,0.04878048780487805,1.0,13.131423893405602
34f563c82a85b99ae9e6d60db5fc2e28,8,2332.3,291.5375,4.625,3,1.75,RS,5,466.46000000000004,0.13528180537226053,0.0,1.0,10.739244791666666
3504c0cb71d7fa48d967e0e4c94d59d9,53,2349.94,44.338490566037734,4.415094339622642,6,2.490566037735849,SP,5,469.988,0.3162525192199797,0.03773584905660377,1.0,7.327788478336827
35281d148dcf7134bae913c57db4e6da,1,119.99,119.99,5.0,1,3.0,SP,1,119.99,0.1419284940411701,0.0,1.0,5.274907407407407
353e21e8bf8de2722b4fae1636664b76,4,208.0,52.0,2.5,1,2.25,RS,5,41.6,0.5932980769230769,0.5,1.0,9.107554976851851
35857757f553273b1056c1cabdace7fb,6,454.6,75.76666666666667,4.0,1,1.5,SP,9,50.51111111111111,0.2828857526698194,0.16666666666666666,0.6666666666666666,18.20813271604938
3586b8580d9c917874e053a1bb37b5ff,36,1524.7,35.45813953488372,4.441860465116279,2,1.930232558139535,SP,16,95.29375,0.5559836702393606,0.06976744186046512,0.9534883720930233,14.060716785099052
35b96509602ec4b7da831b5cd73ff2c2,2,558.9,279.45,4.5,1,3.5,RS,4,139.725,0.08548998135377513,0.0,1.0,9.125092592592592
35ef5aa32949680f627efec3c23e705c,4,361.59999999999997,72.32,3.2,1,3.8,SC,5,72.32,0.6552999048339982,0.4,1.0,12.05137962962963
35fb511489d9ee3ee27a76debce9df06,7,414.5,59.214285714285715,3.5714285714285716,1,1.2857142857142858,PR,15,27.633333333333333,0.5167255134746206,0.14285714285714285,0.8571428571428571,16.808877314814815
3606774ec64634822d78dc2db6d37045,2,299.8,149.9,3.0,1,5.5,SP,4,74.95,0.16655671462368352,0.5,1.0,15.816574074074074
365e445f796710c3431557e85caa25db,4,1115.0,223.0,4.4,1,1.0,SP,5,223.0,0.07602928951611677,0.0,1.0,9.717527777777779
365e4bce19bda0082c3d15d83fdb8bcd,6,796.4,113.77142857142857,4.714285714285714,2,2.2857142857142856,SP,6,132.73333333333332,0.31811553515090363,0.0,1.0,11.48213955026455
36890be00bbfc1cdb9a4a38a6af05a69,13,1361.3,104.71538461538461,4.230769230769231,3,1.4615384615384615,SP,3,453.76666666666665,0.2002523593882327,0.15384615384615385,0.7692307692307693,9.416596331908831
36a968b544695394e4e9d7572688598f,154,9482.87,58.53623456790124,3.632716049382716,10,1.728395061728395,SP,19,499.09842105263164,0.7274828601480084,0.24691358024691357,0.9551282051282052,10.72726851851852
36f98ad67cc981f50ce8aed093d5783c,2,119.4,59.7,4.0,1,1.0,PR,2,59.7,0.3371867435158501,0.0,1.0,6.10787037037037
37303482a42fb700d8d127e70a9cd6c8,2,148.89,74.445,3.0,1,1.5,SP,1,148.89,0.1487432672673874,0.5,1.0,2.051712962962963
373ee4a3a775a733770ca3f790b8b9ac,13,2141.49,97.34045454545453,4.0,5,1.0454545454545454,RJ,16,133.843125,0.3792447185089482,0.22727272727272727,0.9090909090909091,10.605772832491583
37515688008a7a40ac93e3b2e4ab203f,228,5986.6,24.944166666666668,4.084033613445378,2,3.5833333333333335,SP,13,460.5076923076923,0.6069005086770448,0.10833333333333334,0.899581589958159,15.078823173330234
376a891762bbdecbc02b4b6adec3fdda,57,6406.23,110.45224137931034,4.672413793103448,5,3.206896551724138,GO,13,492.786923076923,0.25570668168495936,0.017241379310344827,0.9655172413793104,12.116045857279692
376d67b61dce0c990155286e7ae486a4,1,94.0,94.0,4.0,1,1.0,SP,1,94.0,0.190531914893617,0.0,1.0,14.346273148148148
3771c85bac139d2344864ede5d9341e3,26,1433.3,47.776666666666664,3.566666666666667,1,2.0,SP,8,179.1625,0.4269024304411884,0.3333333333333333,0.8333333333333334,12.76786689814815
377bc18334c78dd2f1535ef22a3ad225,1,135.98,135.98,5.0,1,8.0,PR,1,135.98,0.6505368436534784,0.0,1.0,9.886643518518518
3785b653b1b82de85ab47dd139938091,21,1552.0,64.66666666666667,4.75,1,1.0833333333333333,PR,13,119.38461538461539,0.3175811608130205,0.0,1.0,11.326879340277777
37be5a7c751166fbc5f8ccba4119e043,272,55350.55,196.97704626334522,4.317689530685921,2,4.715302491103203,SP,13,4257.734615384616,0.11153845092865287,0.08896797153024912,0.9748201438848921,10.607953304023448
37ceb404da208418c9032f0674e57804,1,204.93,68.31,1.0,1,4.0,SP,1,204.93,0.33757868540477237,1.0,,
37dd29b36c458d82f74a953c40c43645,7,4536.99,567.12375,4.0,1,1.0,SP,8,567.12375,0.11589754319161591,0.25,0.875,18.83377170138889
38102b031c2a15e54623d711bfc753d3,9,457.0,41.54545454545455,3.6363636363636362,3,3.0,CE,13,35.15384615384615,0.8075598984348985,0.09090909090909091,1.0,21.436085648148147
381c83fdca332ea6afd896da20bf6e4a,46,7355.8,159.90869565217392,4.391304347826087,2,1.3478260869565217,PR,13,565.8307692307692,0.17466270145239696,0.08695652173913043,0.9565217391304348,12.691300322061192
3820c6537b3853be1a0687d5a60807ec,1,25.0,25.0,,1,4.0,SP,1,25.0,0.4384,0.0,,
382229d1e840115ffe3dbf5ff460e417,46,4096.96,83.61142857142858,4.26530612244898,9,1.9387755102040816,RJ,5,819.392,0.33066939141851753,0.12244897959183673,0.8958333333333334,8.98560402199074
385799a1cddbd26dfeb9157356a42282,5,633.93,90.56142857142856,4.285714285714286,2,1.7142857142857142,SP,7,90.56142857142856,0.12977341405358628,0.14285714285714285,1.0,6.586275077160494
38874e327ce94d11390b96eb42d61928,6,3779.94,629.99,4.0,1,1.0,SP,13,290.7646153846154,0.1031277270946656,0.0,0.8333333333333334,19.95860725308642
389e45560e33d2d0747f949dcddbc08e,1,39.0,39.0,5.0,1,1.0,SP,1,39.0,0.21615384615384614,0.0,1.0,3.949548611111111
38af8acfd46ac4a7bf754e8ca6736664,5,345.0,69.0,4.8,1,6.0,SP,4,86.25,0.15448840654146476,0.0,1.0,6.385703703703704
38e679b9e0064cd94c6f035707344dae,28,3694.5099999999998,123.15033333333332,3.9310344827586206,2,4.033333333333333,PR,16,230.90687499999999,0.25374084002180397,0.2,0.9642857142857143,11.186011078042329
38e6dada03429a47197d5d584d793b41,7,596.14,49.678333333333335,3.3333333333333335,1,2.75,SP,2,298.07,0.6866535303816034,0.4166666666666667,0.5833333333333334,12.767726658950616
38f276ca6e7cc95a6d1bb55ac9e5550f,1,24.99,24.99,5.0,0,,SP,1,24.99,0.47418967587034816,0.0,1.0,5.200891203703704
3903c788ded8dc03b5ebab37a2f3e9a1,5,119.97999999999999,23.996,4.0,2,5.0,SP,4,29.994999999999997,0.4703522855590525,0.0,0.8,10.304136574074075
391bbd13b6452244774beff1824006ed,2,127.8,63.9,1.0,1,1.0,SP,2,63.9,0.27699530516431925,1.0,0.0,44.565300925925925
391fc6631aebcf3004804e51b40bcf1e,526,39951.95,65.17446982055465,3.961348684210526,2,3.7973856209150325,SP,23,1737.0413043478259,0.32907939908202943,0.15823817292006526,0.9041322314049587,14.269101584022037
392353362d22cc2c236e1ee81ff19890,5,288.7,28.869999999999997,4.6,2,1.7,SC,5,57.739999999999995,0.7535685622500254,0.0,1.0,8.406233796296297
392e0502231ae2f8b29994ef6398cd77,20,1871.7,93.58500000000001,4.157894736842105,1,1.05,SP,19,98.51052631578948,0.2360109045005357,0.1,0.8823529411764706,17.708312227668845
392f7f2c797e4dc077e4311bde2ab8ce,2,52.0,26.0,5.0,1,1.0,RN,1,52.0,0.7030769230769232,0.0,1.0,5.309016203703703
3935fe5fe0f82787a9dcb8deb62be09d,16,1681.69,98.92294117647059,3.9411764705882355,3,4.529411764705882,SP,5,336.338,0.2752245066592752,0.058823529411764705,0.8823529411764706,11.010660403050109
3968920b9aa752ab98f7d5888c9252f2,8,523.3,52.33,4.1,4,1.7,SP,4,130.825,0.3232748967892445,0.2,0.9,8.558229166666667
3969863bb8af7f72580b3b1ffd3a17b3,12,623.15,47.934615384615384,4.0,4,1.2307692307692308,SP,10,62.315,0.36399304085348594,0.07692307692307693,1.0,9.84073985042735
397c4d0c005b6f41f90098ac724e28cb,5,8177.0,1635.4,4.4,4,2.6,SP,5,1635.4,0.06082978589065492,0.0,0.6,16.082599537037037
3985a3c45be355a4c57fde108bfabd1c,7,344.2,43.025,4.125,1,5.375,RS,6,57.36666666666667,0.6441694410792228,0.125,1.0,10.95529369212963
3986c0b54f6b748b75e7bd4e092aa3e5,1,24.99,24.99,5.0,1,2.0,PR,1,24.99,0.6114445778311325,0.0,1.0,6.12349537037037
398cb257329ef7af7f1943a8974a3cbc,1,145.9,145.9,5.0,1,1.0,BA,1,145.9,0.10603152844413982,0.0,1.0,7.091377314814815
39a5005f2605cbdb4f9ac14485cabfd1,3,501.07,62.63375,5.0,1,2.625,SP,3,167.02333333333334,0.4669233484022436,0.0,1.0,11.021380208333333
39c763cca83e654764b7a4a650fb9b7c,11,761.0,69.18181818181819,3.8181818181818183,2,1.5454545454545454,GO,11,69.18181818181819,0.3127153675016865,0.2727272727272727,0.8181818181818182,13.490741792929294
39d54ff918774174706fb065d7f9dc07,23,1593.59,63.743599999999994,3.8,1,2.16,SP,9,177.06555555555553,0.362640401636434,0.28,0.875,15.159373070987655
39d61be7a92eb77b7da367bd4845bc0e,7,700.59,50.042142857142856,4.214285714285714,1,1.0,SP,6,116.765,0.3010809661821322,0.14285714285714285,1.0,10.633196097883598
39f776d2974049026ff531fc42ef2a3e,3,1084.04,271.01,4.0,1,1.0,GO,4,271.01,0.18731103189691592,0.25,1.0,15.296750578703705
3a1a1fec38dd360f15fc912e821e169d,15,2007.38,133.82533333333333,3.8666666666666667,1,1.3333333333333333,SP,8,250.9225,0.22055324576404747,0.2,0.7333333333333333,14.433526234567902
3a3c180dd702a725bd0ba4117689239e,1,41.9,41.9,4.0,1,1.0,PR,1,41.9,0.8467780429594272,0.0,1.0,13.821863425925926
3a3e46d10f74d8a6ca76e2b538f106a0,3,334.9,55.81666666666666,4.166666666666667,1,1.5,SP,6,55.81666666666666,0.23536887089518668,0.16666666666666666,0.8,16.03554398148148
3a4127e1ba7208ea37044c5092aae170,6,2219.6,369.93333333333334,3.5,2,2.5,SP,5,443.91999999999996,0.041718910698117694,0.3333333333333333,1.0,11.77629861111111
3a490ba60afa30ece0e7d50cfe74a4f0,8,1529.2,191.15,4.625,1,5.375,MG,9,169.91111111111113,0.10861741099617739,0.0,1.0,11.933512731481482
3a52d63a8f9daf5a28f3626d7eb9bd28,1,35.0,35.0,1.0,1,3.0,SP,1,35.0,0.508,1.0,1.0,6.339652777777777
3a734b715d333a2588a3d54a0c9b8746,18,2463.52,102.64666666666666,4.208333333333333,6,2.8636363636363638,SP,6,410.58666666666664,0.22873923305665397,0.125,0.9523809523809523,11.602699514991182
3a79f35a2344ede41af21267f61d5ec6,1,186.0,186.0,1.0,0,,SP,1,186.0,0.17048387096774195,1.0,1.0,14.27412037037037
3aa3c89ae3cd482385568be76120f63c,1,29.9,29.9,4.0,1,4.0,GO,1,29.9,0.6367892976588628,0.0,1.0,10.831493055555555
3ab971ce71839580d2ae5b4e40fe8044,36,5002.900000000001,131.65526315789475,3.888888888888889,2,1.0,SP,3,1667.6333333333334,0.1908857077946976,0.18421052631578946,0.918918918918919,6.743047422422423
3ac588cd562971392504a9e17130c40b,1,11.9,11.9,5.0,1,1.0,SP,1,11.9,0.6210084033613444,0.0,1.0,7.089305555555556
3ade81dab5a172b88e1871c28ae05260,30,5751.6,179.7375,4.064516129032258,2,1.75,SP,11,522.8727272727273,0.2714041417453319,0.1875,0.8666666666666667,13.795525077160494
3afc536624bc2e65bddfb5db33cc01f3,6,312.0,52.0,3.5,1,1.0,MG,6,52.0,0.34317307692307697,0.3333333333333333,0.8333333333333334,9.890516975308643
3b15288545f8928d3e65a8f949a28291,104,14061.789999999999,116.21314049586776,3.8916666666666666,3,1.024793388429752,SP,18,781.2105555555555,0.18882176122610916,0.17355371900826447,0.9322033898305084,14.329092219868174
3b18f9856c6eb2413eafedb58e9eecd9,1,315.0,315.0,5.0,1,1.0,SP,1,315.0,0.06377777777777778,0.0,1.0,9.18412037037037
3b872fd4747f01cc56206f2934198618,25,2726.7400000000002,100.99037037037039,3.888888888888889,1,1.037037037037037,SP,10,272.67400000000004,0.3956625934565337,0.14814814814814814,0.8518518518518519,14.418773576817559
3bb32fedaa74e4ad20f4ce067733bd31,2,103.69999999999999,34.56666666666666,4.666666666666667,1,1.0,SC,1,103.69999999999999,0.6427182431269227,0.0,1.0,6.051469907407408
3bb548e3cb7f70f28e3f11ee9dce0e59,46,7690.02,145.09471698113208,3.981132075471698,1,1.0,PR,18,427.22333333333336,0.1563322952301143,0.16981132075471697,1.0,10.681195842068485
3bdff180c7e1f6551a643b99c265a120,59,3114.9,51.06393442622951,4.016666666666667,1,3.3934426229508197,SP,15,207.66,0.4052769249668911,0.14754098360655737,0.9310344827586207,10.289592712324392
3be5841cdcc46de4ed3f9116f104b2c5,4,599.6,149.9,4.75,3,4.75,SP,2,299.8,0.14734823215476983,0.0,1.0,8.005859375
3be634553519fb6536a03e1358e9fdc7,83,5370.95,54.2520202020202,3.9292929292929295,6,1.3333333333333333,SP,14,383.6392857142857,0.4003301479797264,0.1919191919191919,0.9157894736842105,9.783901803118908
3bfad056cf05c00dabe2f895925d83b1,1,206.64999999999998,41.33,1.0,0,,SP,1,206.64999999999998,0.2259859666102105,1.0,,
3bfba5a77604f6dfae7e6dd7aaf65821,4,2095.5,523.875,5.0,1,2.75,PR,1,2095.5,0.4743565597784484,0.0,1.0,9.362138310185186
3c010235b7345c92f125d14ee232a76b,15,3578.0,238.53333333333333,4.666666666666667,1,6.0,PR,2,1789.0,0.1217992785703521,0.0,1.0,11.039577932098764
3c03b12bab54d8b37d79d914bfdb1aa0,37,4236.34,98.51953488372094,3.880952380952381,2,1.186046511627907,RJ,9,470.70444444444445,0.291796731033795,0.18604651162790697,0.8372093023255814,13.75025785960379
3c3017960b2dbd72711a61f0400aab8f,10,968.8000000000001,96.88000000000001,4.0,2,3.125,SC,4,242.20000000000002,0.2757668482061889,0.2,1.0,12.523006687242798
3c487ae8f8d7542beff5788e2e0aea83,30,9385.699999999999,284.4151515151515,3.909090909090909,1,3.5757575757575757,DF,13,721.976923076923,0.08253508503641664,0.18181818181818182,0.9696969696969697,13.410306537598204
3c4e0452bff7a2a788179488d3d77032,32,3746.4,104.06666666666666,3.742857142857143,2,1.8611111111111112,PR,4,936.6,0.20434454175097505,0.2222222222222222,0.9722222222222222,13.534090470679011
3c7c4a49ec3c6550809089c6a2ca9370,141,4033.6400000000003,25.210250000000002,3.70625,1,1.11875,SP,12,336.1366666666667,0.7192514154829746,0.275,0.9177215189873418,9.755601046061885
3c88ed2e76a2247933a15daa7161eb1c,1,155.0,155.0,5.0,1,5.0,SP,1,155.0,0.9754838709677419,0.0,1.0,19.908125
3ca08eeb8d5595949fed424bd3677742,14,1768.8700000000001,126.34785714285715,4.428571428571429,1,3.2857142857142856,PR,9,196.54111111111112,0.24843677223042954,0.07142857142857142,1.0,10.300126424501425
3cfa1358a6caa965278721344c8d76f2,5,3140.2799999999997,628.0559999999999,4.8,2,1.2,SP,3,1046.76,0.11101796499581273,0.0,1.0,6.302104166666666
3d01d1c414c44b5943a09619ff3853cb,5,402.6,80.52000000000001,3.8,1,5.2,SP,10,40.260000000000005,0.21136231884057968,0.2,1.0,13.825367476851852
3d0cd21d41671c46f82cd11176bf7277,9,447.8,40.70909090909091,4.7272727272727275,4,4.545454545454546,SC,13,34.44615384615385,0.4760490056612783,0.0,1.0,12.931214225589228
3d2400ac620cffa23ac81bd192f7f555,1,105.0,105.0,5.0,1,3.0,SP,1,105.0,0.08476190476190476,0.0,1.0,7.352754629629629
3d2531eccfbde1d7c8db7a3a12fb267a,10,1999.54,199.954,4.222222222222222,1,1.8,MG,5,399.908,0.16032280964592602,0.1,1.0,9.996932870370369
3d290fe363c60a77498c1126fd3fb8d3,3,198.98,66.32666666666667,4.333333333333333,1,5.666666666666667,SP,4,49.745,0.346703414600382,0.0,1.0,7.46141975308642
3d39fbf22a665714baf62fae36029e23,8,2504.2,313.025,4.75,2,1.0,SP,11,227.65454545454543,0.08221163557844716,0.0,1.0,8.57480179398148
3d3ccf2b2f8134b10dce9dd446f0e075,3,608.6,202.86666666666667,3.3333333333333335,1,1.0,SP,3,202.86666666666667,0.3183313783796984,0.3333333333333333,0.6666666666666666,16.772862654320985
3d4824f20035949c710eaf111f869d39,9,1041.04,104.104,3.9,7,1.5,SP,3,347.0133333333333,0.4658623412901092,0.3,0.7777777777777778,9.130246913580246
3d49bfdd1b43a7fe169b3740067acc61,3,215.0,71.66666666666667,4.666666666666667,1,1.0,MG,3,71.66666666666667,0.29985606060606057,0.0,1.0,8.759347993827161
3d4b1ae7539303b5704493798893e82c,6,1076.0,119.55555555555556,4.666666666666667,2,1.5555555555555556,SP,3,358.6666666666667,0.16980712852510627,0.0,1.0,11.561568930041153
3d5d0dc7073a299e31fa718ce1bc00b6,23,790.7,32.94583333333333,4.166666666666667,6,4.5,RJ,3,263.56666666666666,0.6883239633260572,0.20833333333333334,0.8636363636363636,8.343190761784511
3d621842b2ed28e2b474132480edac3c,10,928.9100000000001,92.891,3.9,1,1.8,SP,7,132.70142857142858,0.66613987800202,0.2,1.0,9.898842592592594
3d62f86afa7c73be2628a3be1423f5a0,2,12.0,6.0,4.0,1,1.0,SP,2,6.0,3.535,0.0,1.0,16.73105902777778
3d68c634a99a1ba46dbca3967a69c623,2,594.0,297.0,5.0,1,5.0,SC,2,297.0,0.44393939393939397,0.0,1.0,9.19443287037037
3d700782d7818f2c1e0d7a9e9d75fc00,3,149.7,49.9,3.6666666666666665,1,1.0,SP,4,37.425,0.5705410821643286,0.3333333333333333,0.6666666666666666,25.728460648148147
3d871de0142ce09b7081e2b9d1733cb1,1080,94914.2,82.74995640802092,4.113656387665198,6,3.5065387968613777,SP,18,5273.011111111111,0.28428551757441356,0.12467306015693112,0.9407603890362511,13.42082487023938
3d8fa2f5b647373c8620330c4e077a9f,43,3571.73,74.41104166666666,4.1022727272727275,6,2.1666666666666665,SP,5,714.346,0.25187052291313594,0.14583333333333334,0.9787234042553191,9.32216903073286
3da38366e7bd9baf6369071f782ecdf0,1,59.47,59.47,1.0,1,1.0,CE,1,59.47,0.4533378173869178,1.0,0.0,53.34842592592592
3db66a856d18a9cba7c9241fc5221c50,94,9478.300000000001,97.71443298969074,4.185567010309279,5,3.0625,MG,17,557.5470588235295,0.25538506296494096,0.10309278350515463,0.8865979381443299,15.825872470408552
3dbbce181edfaa4a597ec858c382d2ec,17,848.3,42.415,4.35,2,1.2105263157894737,PR,9,94.25555555555555,0.619735447299792,0.1,0.9,14.200075231481481
3dc69bf2c42f0568a5c4791ec3fd3745,2,300.0,150.0,4.0,1,1.0,SP,4,75.0,0.11476666666666667,0.0,1.0,26.271979166666668
3ded4e2d5f135cb103e5949d7263d2dd,1,49.9,49.9,5.0,1,2.0,MG,1,49.9,0.2501002004008016,0.0,1.0,5.149016203703703
3df020b72d3d44b3af9d110fa3940b65,55,5039.9,49.9,3.9504950495049505,1,1.0,SP,14,359.99285714285713,0.33920712712553824,0.16831683168316833,0.8811881188118812,12.83312385405207
3dfd3dc96f7f8598eca74e9ac8a2fa31,6,183.0,30.5,4.0,4,1.5,SP,8,22.875,0.5504246031746032,0.16666666666666666,0.8333333333333334,12.230414737654321
3e35a8bb43569389d3cebef0ce820f69,1,55.8,27.9,5.0,1,1.0,SP,1,55.8,0.5175627240143369,0.0,1.0,7.917349537037037
3e46a38ee171c503c3b4a3f23fe3bf0c,1,59.9,59.9,5.0,1,2.0,SP,1,59.9,0.15208681135225374,0.0,1.0,4.184652777777778
3e51f9cbe317bc3a88f2c76583811ee4,1,76.09,76.09,5.0,1,2.0,SP,1,76.09,0.11420686029701668,0.0,1.0,8.87136574074074
3e8bd881d92466e63ba9e3e809cd3c50,9,2242.28,224.228,4.222222222222222,4,2.7,RJ,3,747.4266666666667,0.11783532726026207,0.1,0.5555555555555556,14.945583847736625
3ea00e1dea2b0659dbaf654735929220,7,505.0,72.14285714285714,4.857142857142857,1,11.714285714285714,PR,14,36.07142857142857,0.3055151515151516,0.0,1.0,11.446294642857143
3ea08c48e851106d2f584349daba335f,1,170.0,170.0,4.0,1,3.0,MG,1,170.0,0.13494117647058823,0.0,1.0,6.003807870370371
3ef37b7ca6dd2b80bd8af81a62504996,2,700.0,350.0,4.5,1,7.0,SP,7,100.0,0.05852857142857143,0.0,1.0,14.346006944444444
3f0e48d209018b466fcd3bb4ccfeb520,9,5399.0,539.9,3.9,1,2.6,PR,6,899.8333333333334,0.047986066624893575,0.2,1.0,9.822907407407408
3f2af2670e104d1bcb54022274daeac5,6,973.6,139.0857142857143,3.5714285714285716,1,3.142857142857143,PR,9,108.17777777777778,0.4742548176360816,0.2857142857142857,0.8571428571428571,19.10740906084656
3f3486b61f45078d4f31ee5e43d8c5bb,40,3829.73,95.74325,4.325,3,5.775,SP,9,425.52555555555557,0.2607556557428142,0.075,0.8461538461538461,13.880131469610637
3f8034bfc6b8b4135534975d49f04c63,12,1313.9,82.11875,3.0625,1,3.4545454545454546,PR,5,262.78000000000003,0.3536711653871866,0.4375,1.0,10.538574735449737
3f8247d0f772ffa58560e5c682521ad5,1,139.9,139.9,3.0,1,2.0,SC,1,139.9,0.13259471050750535,0.0,,
3f84fefc07dc159b268d4a77d3e8c425,3,200.6,66.86666666666666,5.0,1,1.3333333333333333,PR,2,100.3,0.2998789465541653,0.0,1.0,8.068271604938271
3f995f07c49d0d55a99d5c54957f7d81,43,3955.7,91.99302325581395,4.209302325581396,2,2.046511627906977,SP,17,232.68823529411765,0.18361819031346277,0.09302325581395349,0.9767441860465116,9.59438630490956
3f9be91358837bff69df67edfa3e42e8,7,569.7,81.38571428571429,4.428571428571429,1,1.5714285714285714,PR,3,189.9,0.3121942153304739,0.14285714285714285,1.0,9.842959656084657
3f9c56764fabca627406093dcb3ef0b4,7,909.3000000000001,129.9,4.714285714285714,1,2.857142857142857,RJ,4,227.32500000000002,0.11618827669635982,0.0,1.0,8.48726355820106
3fac58ce0ad699020c7944d53c41329c,10,1244.95,77.809375,4.5625,2,2.3125,SP,4,311.2375,0.22733963480557387,0.0625,0.8125,4.105978732638889
3fadb4cba4c35bce6a7eaf9872d5623a,3,209.5,41.9,3.2,1,1.0,RS,2,104.75,0.32467780429594273,0.4,1.0,8.984731481481482
3faf68a3b0af94b10bac70d86077be49,7,1322.93,188.99,4.571428571428571,0,,SP,4,330.7325,0.090072792967126,0.0,1.0,16.159052579365078
3fd1e727ba94cfe122d165e176ce7967,37,2805.2000000000003,73.82105263157895,3.8157894736842106,1,1.0,SP,5,561.0400000000001,0.32243198397345596,0.21052631578947367,0.8055555555555556,15.640605709876544
3fe7120d6257285ac6a3ce7cb071ccec,2,199.98,99.99,3.5,1,2.0,MG,1,199.98,0.1414141414141414,0.0,1.0,9.570578703703703
3febca52652e7209509ccfe61cbde40e,2,84.0,42.0,2.0,1,1.0,SP,1,84.0,0.20119047619047617,0.5,,
3fefda3299e6dfaea3466ef346a3571a,1,209.0,209.0,4.0,1,3.0,PR,1,209.0,0.07755980861244019,0.0,1.0,6.3142708333333335
4003520d80d0bad1d5623f7aa3c63cda,1,70.0,70.0,1.0,1,10.0,RJ,1,70.0,0.23914285714285713,1.0,1.0,17.079074074074075
400f221ab83037c0ea78f1267da9624d,1,865.0,865.0,,1,1.0,SP,1,865.0,0.024046242774566476,0.0,,
402916f742e5c740cc751493d9cf5053,9,1252.0,125.2,4.7,3,1.0,MG,1,1252.0,0.2109102905196611,0.0,1.0,6.265953703703704
403aa86912527d730337ffcb0fb096ab,11,8959.89,814.5354545454545,4.0,6,3.272727272727273,MG,11,814.5354545454545,0.04707276021090139,0.09090909090909091,1.0,10.995046296296296
4049512728d969bec69f84088b012416,7,389.84,43.315555555555555,5.0,2,1.2222222222222223,MG,10,38.983999999999995,0.5916984172040143,0.0,1.0,11.160608281893005
404e1ba01358af4cd63f679b2c4d1fa1,8,373.9,31.15833333333333,5.0,3,2.8333333333333335,MG,13,28.76153846153846,0.5111982795807354,0.0,1.0,7.705353009259259
40536e7ca18e1bce252828e5876466cc,2,463.96,115.99,1.0,1,2.0,SP,2,231.98,1.0756099663764118,1.0,,
406740ee611378a662d274c7d8c43c4a,8,1790.0,179.0,4.1,2,2.2,ES,2,895.0,0.14373261088709677,0.2,0.8,16.01571296296296
406822777a0b9eb5c50e442dd4cd3ec5,45,3648.08,77.61872340425532,4.326086956521739,2,2.4468085106382977,SP,11,331.64363636363635,0.32307481170313956,0.0851063829787234,0.8695652173913043,13.607906350644123
4091f77d8c768fc3e81c20761471761d,8,1079.0,134.875,2.75,1,1.0,SP,8,134.875,0.19723641141663165,0.375,0.75,18.032364004629628
40d54b51e962dbe09cabbcfd33298dee,30,6785.5599999999995,218.8890322580645,3.903225806451613,3,2.0,SP,14,484.68285714285713,0.15030509006599652,0.22580645161290322,1.0,7.220734393667861
40db9e9aa57f7bb151bcda6b0f9bdbb7,12,23168.0,1930.6666666666667,2.3636363636363638,1,1.1666666666666667,PE,7,3309.714285714286,0.028532731134366763,0.5833333333333334,0.9166666666666666,14.77563175154321
40ec8ab6cdafbcc4f544da38c67da39a,2,117.8,58.9,5.0,1,3.0,PR,1,117.8,0.33276740237691005,0.0,1.0,6.5789583333333335
411f3b52d857390502ee4e4d5ceabc2d,21,1804.01,60.13366666666666,4.2592592592592595,4,1.7666666666666666,SP,5,360.802,0.36140062231160763,0.1,0.8,8.472231095679012
4125d9385a25e82d2f72d3a0fd55bc3f,1,42.9,42.9,5.0,1,3.0,SP,1,42.9,0.42890442890442887,0.0,1.0,8.990208333333333
412a4720f3e9431b4afa1476a1acddbe,21,2058.1,93.55,4.2727272727272725,3,1.4090909090909092,SP,12,171.50833333333333,0.2999357602341009,0.09090909090909091,0.9545454545454546,10.474756418350168
4170f6a9367e6b5d6401d03ce6d54569,4,568.78,113.756,4.2,2,1.8,DF,3,189.59333333333333,0.19310871697751505,0.2,0.8,22.090104166666666
417a1e6c7321084d2a0ae0d023cfad93,1,48.9,48.9,5.0,1,7.0,RS,1,48.9,0.2552147239263804,0.0,1.0,6.072372685185186
41958cbd3335433c8740300e8cd600d5,1,32.99,32.99,5.0,1,3.0,SP,1,32.99,0.22400727493179748,0.0,1.0,4.842789351851851
41ab63a91b8b264e8c8780368bf1dd5b,12,2571.95,197.84230769230768,4.230769230769231,7,1.2307692307692308,MG,10,257.195,0.14302947383180162,0.15384615384615385,1.0,17.693314636752138
41b14765bd56c8ad10971074380f9c0c,8,395.5,39.55,4.1,1,1.0,SP,5,79.1,0.3252937766410912,0.3,1.0,7.071449074074074
41b39e28db005d9731d9d485a83b4c38,195,17112.55,74.08030303030303,4.138528138528138,5,1.619047619047619,SP,20,855.6274999999999,0.32870592028975937,0.1341991341991342,0.9417040358744395,12.488878352848365
41b86b552e54e3a7009596125aa8b167,10,1595.3,145.02727272727273,4.363636363636363,1,1.3636363636363635,SP,2,797.65,0.1704670962243485,0.09090909090909091,1.0,15.680195707070707
41c2bad7229b0c25e6becf179ebf63ff,20,782.0,34.0,4.956521739130435,1,1.0,RN,9,86.88888888888889,0.24286445012787725,0.0,1.0,4.664837962962963
41c9d3997dd3c072c31139dc5bb5761f,3,998.8,332.93333333333334,4.333333333333333,1,1.0,MG,3,332.93333333333334,0.110587210495952,0.0,1.0,22.206986882716052
41da412d33e8da4f22baf55cb1bde82c,15,862.9,41.09047619047619,4.714285714285714,1,1.0,ES,6,143.81666666666666,0.4992397567548637,0.0,1.0,9.208183421516756
41e0fa5761c886a630994a55c12087e7,5,423.6,84.72,5.0,1,2.8,SP,3,141.20000000000002,0.16125896966811185,0.0,1.0,10.239402777777778
4200ddf1967c5e41e48db62bc6d4b5ac,22,734.8,17.495238095238093,4.243243243243243,1,1.0,SP,9,81.64444444444445,0.6729009691200838,0.14285714285714285,0.9761904761904762,8.976025958994708
4221a7df464f1fe2955934e30ff3a5a1,5,849.5,169.9,4.8,1,1.0,BA,3,283.1666666666667,0.28197763390229547,0.0,1.0,16.569189814814813
422be4cc81a457fdb46f47edeb968ae5,1,239.9,239.9,5.0,1,2.0,SP,1,239.9,0.32292621925802417,0.0,1.0,18.136979166666666
427165bf50f8ca07efc7bdc2bfcf1688,5,1603.5,320.7,3.2,1,1.0,SP,1,1603.5,0.1549145233878227,0.4,0.4,38.565872685185184
42b6488f5b8246d9141712abd4b1b693,2,247.99,123.995,4.0,2,1.0,PR,5,49.598,0.19106290076973198,0.0,1.0,7.897939814814816
42b729f859728f5079499127a9c2ef37,104,4118.86,31.203484848484845,4.3538461538461535,4,1.0,SP,8,514.8575,0.3402772711475778,0.09090909090909091,0.9007633587786259,7.89449409810574
42bde9fef835393bb8a8849cb6b7f245,35,7703.0,192.575,4.2,3,3.125,DF,14,550.2142857142857,0.18340936993626775,0.1,0.9743589743589743,9.827450439221272
42d4b7e70819438f5ada61c965e92d7e,1,49.6,16.533333333333335,1.0,2,1.0,GO,1,49.6,1.0715881206283682,1.0,1.0,21.939131944444444
42ef3192a9ff87a22d1867b74b3ee205,23,1354.0900000000001,58.87347826086957,4.6521739130434785,4,1.173913043478261,SP,8,169.26125000000002,0.4220272624649422,0.043478260869565216,1.0,9.308129528985507
42fa4ee7240e9b8eb4576358ec142ba7,22,3845.7,174.80454545454543,4.809523809523809,2,2.0,RS,6,640.9499999999999,0.14193571722238205,0.0,1.0,6.923532723063972
42fb44130ac3134cde8e35cf8ec7df25,3,62.699999999999996,20.9,3.6666666666666665,1,3.6666666666666665,SP,2,31.349999999999998,0.580973629969614,0.3333333333333333,1.0,5.903657407407408
430315b7bb4b6e4b3c978f9dfa9b0558,20,3118.4,148.4952380952381,4.0,9,2.619047619047619,SP,8,389.8,0.3331227914836303,0.19047619047619047,0.95,14.35659201388889
4305fe92735c8a43d154ff6dd2b8d927,19,2885.9,137.42380952380952,3.9047619047619047,3,1.0,MG,14,206.1357142857143,0.16604530982620724,0.19047619047619047,1.0,11.234060063352826
431050a06a317f2b38168dec3dcd2b46,12,1487.8,123.98333333333333,4.25,2,1.0,SP,5,297.56,0.17135679486317645,0.08333333333333333,1.0,8.922488425925925
431af27f296bc6519d890aa5a05fdb11,117,13109.5,104.876,3.774193548387097,1,1.0,SP,16,819.34375,0.18112982762370536,0.248,0.8467741935483871,16.937258251194745
4324dd16853115efb0fd9d0d131ba6f4,12,1052.25,58.458333333333336,4.277777777777778,1,2.4444444444444446,SP,11,95.6590909090909,0.3924497182717122,0.1111111111111111,0.9444444444444444,12.7675379372428
432c37c9dfba871172ec162e20118b8c,46,2968.87,52.08543859649123,4.175438596491228,6,2.7777777777777777,DF,14,212.06214285714285,0.4435885078190729,0.14035087719298245,0.8545454545454545,15.700738636363637
432c67955c0acd1fd6b0b5d678766a71,3,1151.0,383.6666666666667,2.3333333333333335,1,5.0,SP,5,230.2,0.11902358796633516,0.6666666666666666,1.0,6.682824074074074
43402bdf22aa2310e8f99e2f94f78628,4,649.95,129.99,2.8,2,1.8,SP,2,324.975,0.2992259358302767,0.4,1.0,16.233270833333332
4342d4b2ba6b161468c63a7e7cfce593,20,2867.1,143.355,1.263157894736842,1,1.0,RJ,8,358.3875,0.11112529881285198,0.9,0.5,15.676087962962963
436bf27f2f18474fc6047702e9f8a866,1,29.9,29.9,5.0,1,1.0,SP,1,29.9,0.48561872909699,0.0,1.0,19.17042824074074
4371b634e0efc0e22b09b52907d9d469,102,8194.0,73.16071428571429,4.405405405405405,4,1.125,SP,15,546.2666666666667,0.2602065012040084,0.08928571428571429,0.9279279279279279,10.74003607774441
43753b27d77860f1654aa72e251a7878,1,23.9,23.9,5.0,1,1.0,BA,1,23.9,1.773221757322176,0.0,1.0,27.33425925925926
4391ea5c5990502176a1dcda44a2373d,3,2349.0,469.8,4.8,2,1.4,RS,8,293.625,0.08222435591429096,0.0,1.0,10.332960648148148
439a47cc365d6e3bd526812ea9de3c29,8,1186.5,91.26923076923077,4.0,1,1.1538461538461537,SP,12,98.875,0.22794098494098491,0.15384615384615385,0.8461538461538461,8.546376424501425
43a1d4bab73b816e44ef4e4facd9f9b5,1,189.9,189.9,4.0,1,1.0,PR,1,189.9,0.08162190626645603,0.0,1.0,9.82519675925926
43a5d4a57af536fddc96d08be3afdfcb,1,75.0,75.0,1.0,1,1.0,MG,1,75.0,0.3310666666666666,1.0,1.0,11.811469907407407
43b2c864251aa0ce4030c746984e088a,2,94.8,47.4,3.0,2,4.0,DF,2,47.4,0.39081324652835914,0.5,1.0,5.6157812499999995
43f8c9950d11ecd03a0304a49e010da6,41,4249.59,103.64853658536586,4.560975609756097,1,2.2195121951219514,SP,11,386.3263636363636,0.15011581905229068,0.024390243902439025,0.926829268292683,11.497686314363143
44073f8b7e41514de3b7815dd0237f4f,144,18729.64,122.4159477124183,3.7565789473684212,14,1.3266666666666667,DF,19,985.7705263157894,0.24996026355755122,0.20261437908496732,0.9536423841059603,13.167524987736082
440dd6ab244315c632130ecfb63827b1,94,13696.9,144.1778947368421,3.851063829787234,2,3.357894736842105,SP,23,595.5173913043478,0.21425688060936127,0.15789473684210525,0.8695652173913043,16.668735909822864
443d880f15cbd3572885e1d44bf2c478,1,94.8,47.4,2.0,1,5.0,SP,1,94.8,0.31856540084388185,1.0,1.0,12.403761574074075
4450bd8327d471c4a11a83d1445b1b62,1,199.0,199.0,5.0,1,1.0,SP,1,199.0,0.07819095477386935,0.0,1.0,7.305891203703704
446cc09cdbb130904da114e807dbec40,3,252.8,84.26666666666667,4.666666666666667,1,1.3333333333333333,SP,4,63.2,0.4497627732295804,0.0,1.0,4.268302469135803
44717f64ec2a457979cf83c429077666,2,107.0,35.666666666666664,5.0,1,1.0,RS,1,107.0,0.8040584246218049,0.0,1.0,5.788680555555556
447d377bdb757058acb569025ee18a93,1,64.99,64.99,5.0,1,1.0,RS,1,64.99,0.2772734266810279,0.0,1.0,18.0040625
44ed138eca6214d572ce1d813fb0049b,2,129.79,43.26333333333333,4.666666666666667,2,1.0,RS,1,129.79,0.42901873607804264,0.0,1.0,8.585092592592593
44f091b5abab8018f682fce8124b85e5,6,1680.1,280.01666666666665,2.5,1,1.0,SP,3,560.0333333333333,0.10639143588869004,0.6666666666666666,0.3333333333333333,15.188487654320987
45213867cefbf2cd4c6177e10216a951,14,4955.42,353.9585714285714,3.857142857142857,2,1.4285714285714286,SP,10,495.54200000000003,0.09301781965006696,0.21428571428571427,0.8571428571428571,14.91580357142857
4559697a8f7e637227c2eeaed843baff,42,3696.0,88.0,4.0476190476190474,3,2.761904761904762,SP,17,217.41176470588235,0.2425465929029154,0.16666666666666666,0.9230769230769231,12.937863544634379
455befea1bb853c75ccbca94cff26e5c,1,19.99,19.99,3.0,1,1.0,RJ,1,19.99,1.103551775887944,0.0,1.0,12.441516203703705
455c5640e8c5bd1b2ee85c0158f85727,8,6729.5,841.1875,4.5,4,4.75,SC,4,1682.375,0.08898657994038267,0.0,1.0,14.96896701388889
455f46ef09a9e45667e2981df84b5cc2,2,59.8,29.9,2.5,1,5.0,SP,1,59.8,0.5214046822742475,0.5,1.0,13.019328703703703
457fe919b032a3f7dadba6fb92cf7855,9,1104.89,92.07416666666667,4.833333333333333,1,1.1666666666666667,SP,4,276.2225,0.18310712645585348,0.0,0.8333333333333334,5.955726273148148
458c6fa920810ce2492da71bc26d9eec,2,756.76,378.38,2.5,1,2.0,SP,1,756.76,0.1395554733336857,0.5,1.0,25.40222800925926
458d868c9642f55f18f04e951a3fdde6,2,2718.0,1359.0,5.0,1,1.0,RS,4,679.5,0.038539367181751286,0.0,1.0,17.610983796296296
45a3d05fb00435e52a28859dd03703b3,1,1299.0,1299.0,5.0,1,2.0,SP,1,1299.0,0.019083910700538876,0.0,1.0,25.719780092592593
45ba18c210d42734ec52c0c1c574e9ee,38,5589.13,136.32024390243902,3.8292682926829267,9,1.7560975609756098,SP,5,1117.826,0.3726103369373001,0.21951219512195122,0.9473684210526315,7.174404544346979
45c20d94d9171b0bcfab3c955e47d67b,4,129.45999999999998,32.364999999999995,4.5,3,1.25,SP,4,32.364999999999995,1.3162478259646917,0.0,1.0,14.431024305555557
45d33f715e24d15a6ccf5c17b3a23e3c,59,4838.2300000000005,79.31524590163936,4.049180327868853,13,2.1639344262295084,SP,23,210.35782608695655,0.2692777614352767,0.13114754098360656,0.9310344827586207,11.526838681353768
461ff5303b6c9c1a4a07f40c5aece516,3,102.69999999999999,34.23333333333333,3.6666666666666665,1,1.0,PR,6,17.116666666666664,0.5738024112894563,0.3333333333333333,1.0,6.6001157407407405
466222e777149751370e7e98fb623b0c,1,87.9,87.9,5.0,1,4.0,RJ,1,87.9,0.19965870307167236,0.0,1.0,6.829317129629629
4677a5437afda5fa7140b927b07be1cc,11,3415.7,310.5181818181818,4.363636363636363,3,1.9090909090909092,PR,5,683.14,0.15204591607650764,0.0,0.9090909090909091,12.510571338383839
46dc3b2cc0980fb8ec44634e21d2718e,521,128111.19,236.36750922509225,4.181308411214953,6,2.3013972055888225,RJ,23,5570.051739130435,0.11780006816809849,0.13284132841328414,0.9369024856596558,11.800423659797465
46ef1a25845fc051c2998d878354810c,5,250.41,50.082,4.4,2,1.2,MG,12,20.8675,0.5625808187535745,0.0,0.8,16.845016203703704
4736e9d642ef4257cd7622516931eb51,16,1078.8700000000001,53.94350000000001,4.15,4,1.368421052631579,SP,10,107.88700000000001,0.47607590960892593,0.1,1.0,4.870615162037037
47648caee88ccfe951fbb27fbf7b4cbe,3,1564.99,521.6633333333333,3.6666666666666665,1,2.0,SP,2,782.495,0.04389189104613953,0.3333333333333333,0.6666666666666666,13.720875771604938
478bfe564db21eeb44386606aa30b650,3,182.70000000000002,60.900000000000006,4.666666666666667,1,1.0,MG,3,60.900000000000006,0.34926710439835945,0.0,1.0,13.974162808641973
47efca563408aae19bb7206c2d969ea9,12,2522.0,210.16666666666666,4.083333333333333,1,1.0,PI,8,315.25,0.3024014205585092,0.16666666666666666,1.0,13.789200336700338
47f55702f598c7c6cc8458b0fbc1c49a,2,127.5,63.75,5.0,0,,MG,2,63.75,0.2854190476190476,0.0,1.0,17.29196759259259
48162d548f5b1b11b9d29d1e01f75a61,68,20510.14,225.38615384615383,3.758241758241758,7,1.7912087912087913,SP,20,1025.507,0.20564249398904605,0.23076923076923078,0.9775280898876404,11.21938709425718
4830e40640734fc1c52cd21127c341d4,210,9843.47,44.94735159817351,4.0963302752293576,9,3.1872146118721463,SP,14,703.1049999999999,0.3786894743735305,0.136986301369863,0.9339622641509434,9.937044461914745
48328ec9a579151d9cc6a86d4a59336c,1,1099.0,1099.0,2.0,1,1.0,RS,1,1099.0,0.08897179253867152,1.0,1.0,21.226134259259258
483ca627d131e18f988349b1655c0acd,1,264.0,264.0,5.0,1,3.0,SP,1,264.0,0.07473484848484849,0.0,1.0,15.342986111111111
48436dade18ac8b2bce089ec2a041202,138,12271.710000000001,81.26960264900663,4.046357615894039,2,3.5364238410596025,SP,18,681.7616666666668,0.28317701851056765,0.1456953642384106,0.9319727891156463,14.145738063744016
485452467ff670447e84a8370c3fc898,3,175.7,58.56666666666666,4.666666666666667,1,1.0,SC,2,87.85,1.629634615933395,0.0,1.0,14.225609567901236
4867209cb29b56b92893d7bde3ce8012,1,150.0,150.0,4.0,1,1.0,SP,1,150.0,0.12766666666666665,0.0,1.0,10.228275462962962
4869f7a5dfa277a7dca6462dcf3b52b2,1132,229472.63,198.50573529411764,4.122822299651568,10,1.5916955017301038,SP,18,12748.479444444445,0.10352188467133562,0.1375432525951557,0.8841463414634146,15.005261495434894
48985c61529077fa4f1e38bcff0f2ed3,7,879.3000000000001,125.61428571428573,4.428571428571429,1,2.7142857142857144,RS,8,109.91250000000001,0.1714195554842206,0.0,1.0,10.342812499999999
48b6c3f4c6a93171da04b75313f2130f,2,290.26,145.13,5.0,1,1.0,SP,2,145.13,0.1308159153740229,0.0,1.0,24.125260416666666
48bad451945f5227341793478d6353ea,3,307.0,102.33333333333333,4.0,2,1.0,SP,11,27.90909090909091,0.24139731800766284,0.0,0.6666666666666666,22.083051697530863
48e5ee06fb2dc74df1c711a9b6dfac2a,1,57.0,19.0,5.0,1,9.0,MG,1,57.0,0.7947368421052632,0.0,1.0,11.242453703703704
48e954b2da4f6a750c844173b347ed40,2,397.79999999999995,66.3,4.166666666666667,1,1.0,RS,2,198.89999999999998,0.4380955796952928,0.0,1.0,8.073246527777778
48efc9d94a9834137efd9ea76b065a38,33,345.6,10.164705882352942,5.0,8,1.088235294117647,PR,2,172.8,0.9779021728134959,0.0,1.0,10.829713371459695
48fb026ed7455a42f5d3e9390ed5088e,11,555.71,50.51909090909091,2.6363636363636362,1,3.8181818181818183,RJ,8,69.46375,0.5505457427206923,0.5454545454545454,1.0,11.88611239711934
49067458c68f7701fd334ce326accbe0,17,1047.6499999999999,28.314864864864862,3.324324324324324,1,5.625,MG,12,87.30416666666666,0.5506994756624017,0.35135135135135137,0.918918918918919,12.063711836836836
4917cee8d902e13428c3ec4b1ca6f315,33,5421.9,164.29999999999998,4.15625,2,5.242424242424242,SC,16,338.86875,0.22368537258104437,0.12121212121212122,0.967741935483871,18.077756123058542
491a5ada3aa1678414e990262c4bbdc1,2,2840.0,1420.0,3.0,1,1.0,SP,2,1420.0,0.01190492957746479,0.5,1.0,6.891527777777778
49383af7ab774e4e8f3000f49c83dc4b,8,660.0,55.0,4.583333333333333,1,1.0,SP,5,132.0,0.36701515151515157,0.0,1.0,7.984184027777778
4965a7002cca77301c82d3f91b82e1a9,1,8.49,8.49,5.0,1,1.0,SP,1,8.49,0.9269729093050648,0.0,1.0,6.269537037037037
497709c2976a8fa308730a2dec5b0726,1,76.0,38.0,5.0,1,2.0,SP,1,76.0,0.23736842105263156,0.0,1.0,5.948032407407408
4978a02ea9c8be7a9b5480680f40334e,18,2356.61,124.0321052631579,3.5789473684210527,4,1.0526315789473684,SP,6,392.7683333333334,0.2751237403350775,0.2631578947368421,1.0,5.341156189083821
499185655c29ecfdbfe776ef7cf875b5,1,89.0,89.0,4.0,1,2.0,RS,1,89.0,0.19471910112359547,0.0,1.0,11.124560185185185
4992e76a42cb3aad7a7047e0d3d7e729,57,2211.1,29.87972972972973,3.8378378378378377,2,3.1216216216216215,SP,16,138.19375,0.4870882156913689,0.17567567567567569,0.9315068493150684,8.29304540842212
499ec63c58e51296c9cf57edcfe1c8a8,5,365.0,73.0,4.8,1,3.0,SP,3,121.66666666666667,0.13272,0.0,1.0,5.2333750000000006
49cdc90518a4f82676b38b3c1aa43ff6,5,1539.5,307.9,3.8,3,2.2,SP,3,513.1666666666666,0.06578157309710593,0.2,1.0,5.732277777777777
49e7217cfe4e427191c378ec626d8737,13,3002.7,214.47857142857143,3.9285714285714284,2,3.642857142857143,MG,13,230.97692307692307,0.26293625881180444,0.14285714285714285,1.0,16.129328703703703
49f8d2ea7b718d0ce587d34207caf2b4,1,149.9,149.9,5.0,1,2.0,SP,1,149.9,0.10246831220813875,0.0,1.0,6.839895833333333
4a1917ef994878940e1fb03eeb787ad7,2,768.0,256.0,2.6666666666666665,1,1.0,DF,2,384.0,0.10342352243952374,0.6666666666666666,1.0,9.937395833333333
4a1f694197d05fe70026b016a7316b41,14,907.77,39.46826086956521,4.391304347826087,2,3.217391304347826,SP,7,129.68142857142857,0.42162181194969767,0.13043478260869565,0.9565217391304348,11.072153784219001
4a23adac87cf538689fa600d976f78b2,3,405.0,135.0,4.333333333333333,1,3.0,SP,1,405.0,0.0874320987654321,0.0,1.0,8.555979938271605
4a3ca9315b744ce9f8e9374361493884,1806,200472.92,100.89225968797183,3.803261977573904,7,1.1343734272773025,SP,20,10023.646,0.21044463595858828,0.19476597886260694,0.8902001026167266,14.416470988208578
4a3ccda38b2129705f3fb522db62ca31,66,17062.59,218.75115384615384,3.7243589743589745,5,2.2435897435897436,SP,12,1421.8825,0.2386529252087913,0.24358974358974358,0.9041095890410958,13.361919710806697
4a5b36211b1f51bf7eaa5c10a57fa483,1,139.19,139.19,5.0,1,3.0,RJ,1,139.19,0.11545369638623465,0.0,1.0,4.035162037037037
4a82168aaef173cbb6e46ae88728f919,4,512.0,128.0,4.0,2,1.25,PR,2,256.0,0.19836215797625195,0.25,1.0,6.717989004629629
4a82c4af97ffc0fb2dc26bfdc03b1842,3,143.7,47.9,5.0,1,1.0,MG,4,35.925,0.527286835990442,0.0,1.0,12.739297839506174
4aba391bc3b88717ce08eb11e44937b2,29,7595.87,253.19566666666665,3.9,2,1.9333333333333333,BA,19,399.78263157894736,0.15522602943171168,0.2,0.8571428571428571,16.72847511574074
4aba6a02a788d3ec81c03137144d9a80,1,89.9,89.9,5.0,1,1.0,SC,1,89.9,0.1710789766407119,0.0,1.0,13.221458333333333
4b0fdb526525f9890eb145bf1534640e,18,2419.0,120.95,3.95,2,1.0,SP,7,345.57142857142856,0.237917936536234,0.2,1.0,8.768653356481481
4b1eaadf791bdbbad8c4a35b65236d52,8,1849.79,231.22375,2.0,1,3.5,SP,6,308.29833333333335,0.1067729521908424,0.75,0.8,22.54623148148148
4b39558c138930b9e5489c93b6df5fe3,4,1096.7,219.34,4.6,2,1.8,SE,3,365.56666666666666,0.12565220315536565,0.0,1.0,13.022585648148148
4b5f66b7adcf57f1ecc0d3c07dd6b177,23,6381.78,167.9415789473684,4.081081081081081,1,1.0,PR,17,375.39882352941174,0.12166292852624816,0.13157894736842105,0.9736842105263158,13.595445906432749
4b90495391ac0bd181a80a459df1e718,1,248.0,248.0,4.0,1,1.0,RS,1,248.0,0.0730241935483871,0.0,1.0,11.879664351851853
4b9750c8ad28220fe6702d4ecb7c898f,218,15915.3,71.69054054054054,4.351351351351352,2,1.5360360360360361,SP,11,1446.8454545454545,0.24790977335620493,0.07207207207207207,0.9230769230769231,9.406085030165912
4b98b0428fc1932cc2514ef9ce2505e6,2,327.63,163.815,2.0,0,,SP,3,109.21,0.11239605729218624,0.5,0.5,22.573813657407406
4ba52dfeba874da5b9ee7b17c7494f04,11,1463.0,133.0,4.363636363636363,1,1.0,SP,4,365.75,0.17271201962593488,0.09090909090909091,0.9090909090909091,10.621666666666668
4bc3d93e4a5f88a598d3d8ce4ae510b3,1,169.0,169.0,1.0,1,1.0,SP,1,169.0,0.1140828402366864,1.0,,
4bcec44888b30ba9001234c534716d3f,5,146.0,29.2,4.6,1,1.0,SP,7,20.857142857142858,0.48281363636363633,0.0,1.0,9.158854166666666
4bde6149c15cf7e177b36fa060dd6de8,2,159.8,79.9,5.0,2,6.0,RS,1,159.8,0.20438047559449307,0.0,1.0,10.623096064814815
4be2e7f96b4fd749d52dff41f80e39dd,1,267.0,267.0,1.0,1,1.0,AC,1,267.0,0.12299625468164796,1.0,,
4be6b962d83299498bae2190f95d6566,11,508.8,42.4,4.181818181818182,2,1.3333333333333333,SP,6,84.8,0.41847958225821796,0.08333333333333333,0.9166666666666666,7.3586101466049385
4be9ae93c4fc0f41713d71a4194ee1b3,1,109.9,109.9,5.0,1,1.0,MG,1,109.9,0.2463148316651501,0.0,1.0,11.089050925925926
4bf2f4ee540798a61f9636d12cd9cc80,29,4995.56,166.5186666666667,4.166666666666667,3,2.8,SP,18,277.53111111111116,0.10514582962231217,0.1,0.9666666666666667,13.481918209876543
4bf658053d453036c70976bccb2c31b2,2,1742.99,871.495,4.5,1,1.0,SP,2,871.495,0.04612842475632094,0.0,1.0,24.678402777777777
4bfc7a4a1cf8d4d2121c27422d9e50b5,26,8124.4,203.10999999999999,4.225,1,1.825,SP,6,1354.0666666666666,0.16509261776497147,0.175,0.975,8.025635127314814
4c03b9dd4c11ee2cb35c96c49efc9420,48,6458.6,134.55416666666667,4.1063829787234045,1,4.895833333333333,SP,6,1076.4333333333334,0.1407380700248554,0.14583333333333334,0.9791666666666666,10.534739824459876
4c18691b6037662be2df78a765d98ab5,63,3195.52,47.694328358208956,3.8358208955223883,6,1.8805970149253732,SP,7,456.5028571428571,0.451844731993522,0.1791044776119403,0.9253731343283582,9.115787037037038
4c1c7281388a33dd06daac44f9fadbd1,5,188.32,37.664,4.8,3,1.6,SP,3,62.77333333333333,0.47422409015702227,0.0,1.0,8.786493055555557
4c2b230173bb36f9b240f2b8ac11786e,261,14592.27,42.17419075144509,3.757309941520468,2,1.0,SP,19,768.0142105263158,0.3263669661072242,0.24566473988439305,0.9096209912536443,12.7983538494763
4c498c7345e89aebad651544829beca0,48,4819.76,100.41166666666668,4.291666666666667,2,1.625,SP,9,535.5288888888889,0.17784889479923063,0.08333333333333333,0.8723404255319149,10.82899847320725
4c4d546adf3c3868fe19c9ec6e9ffda9,2,111.69999999999999,37.23333333333333,3.6666666666666665,1,2.0,PR,3,37.23333333333333,0.4138613797173636,0.0,1.0,6.738341049382716
4c60877808f4318ef1107fbeb8f89afa,2,118.0,59.0,4.0,1,2.0,SP,2,59.0,0.2906904761904762,0.0,1.0,15.193721064814815
4c61e37f664c3c88aff092aa5ac779d7,7,788.3100000000001,98.53875000000001,4.0,2,1.875,RJ,2,394.15500000000003,0.21291034006326107,0.125,0.625,16.80345920138889
4c8545742faaf58fafd5fd14d25d75cf,4,3020.0,755.0,4.5,2,2.75,SP,3,1006.6666666666666,0.09647569007730877,0.0,1.0,9.968619791666667
4c8b8048e33af2bf94f2eb547746a916,23,2020.73,74.84185185185186,3.111111111111111,5,1.2222222222222223,SP,13,155.44076923076923,0.3468747819818031,0.4074074074074074,0.8695652173913043,19.07008655394525
4cc43a222a0f94910728b62b97a8c5f8,1,108.5,108.5,3.0,1,1.0,SP,1,108.5,0.11299539170506913,0.0,1.0,14.14508101851852
4cc4fd4fdd406a85bbdc1f824b731bd7,1,539.98,269.99,5.0,1,1.0,PR,1,539.98,0.05785399459239231,0.0,1.0,8.304594907407408
4ce6e5f6c52515177e18c1c9361d8677,1,226.6,226.6,3.0,1,1.0,SP,1,226.6,0.11328331862312446,0.0,,
4ce8b55b4bfa4659184e7becc1fba3f2,2,199.0,99.5,3.0,1,2.5,PR,1,199.0,0.3177358193277311,0.5,1.0,12.415815972222223
4cf490a58259286ada5ba8525ba9e84a,8,1254.2,156.775,3.125,1,2.75,SP,9,139.35555555555555,0.12559928237253387,0.375,1.0,24.765550595238096
4d0041cdbe51b4617d95c70b19decc74,8,5235.200000000001,654.4000000000001,4.5,1,2.0,MG,3,1745.0666666666668,0.08570955969333666,0.0,1.0,7.155746527777778
4d232b78ab7ef10393dc3807d827bc0d,5,1475.0,295.0,4.4,2,1.0,MG,2,737.5,0.152639610177861,0.0,1.0,6.1659699074074075
4d600e08ecbe08258c79e536c5a42fee,8,4465.34,558.1675,4.0,2,1.5,PR,6,744.2233333333334,0.042062781905891036,0.25,1.0,12.936089616402116
4d6d651bd7684af3fffabd5f08d12e5a,369,43587.4,110.34784810126582,4.1725888324873095,3,1.3164556962025316,SP,17,2563.964705882353,0.21176621399619455,0.1291139240506329,0.9537275064267352,13.056570146624775
4d6fb82c629c7a5028bfd973c07b05e0,2,278.0,139.0,2.0,1,2.0,MG,1,278.0,0.17780575539568344,0.5,,
4d8809767a5bafe22909c77951fb6b41,1,50.0,50.0,5.0,1,1.0,SP,1,50.0,0.1744,0.0,,
4d9fea3499bdc22aa4da4e339365f215,2,192.54000000000002,96.27000000000001,5.0,1,2.0,SP,6,32.09,0.15683194789724464,0.0,1.0,12.668061342592592
4da0e408c99d2fdc2126dc9fce518060,44,3026.0,56.03703703703704,4.444444444444445,2,1.3703703703703705,PR,20,151.3,0.37602661491298295,0.07407407407407407,1.0,9.155100308641975
4dab98ca6cd6d3df586203cefd28a042,1,154.9,154.9,5.0,1,5.0,RS,1,154.9,0.11833440929632019,0.0,1.0,28.008784722222224
4dbd95a08b31ede5c82d3f861cb1ce1a,6,1304.67,217.44500000000002,3.5,2,1.1666666666666667,PR,7,186.3814285714286,0.33853044224861817,0.3333333333333333,1.0,12.341614583333333
4dc2e811a1760953cb7c6a590b498943,1,175.0,175.0,5.0,1,1.0,SP,1,175.0,0.14194285714285715,0.0,1.0,6.671539351851852
4dc646b9b9e8e411ef48ba000ea3ac6f,4,289.7,57.94,2.4,1,1.0,SP,7,41.385714285714286,0.22102483958000824,0.6,0.8,10.663962962962964
4ddeb3e828550cddc8d45c8bc36ab2d1,1,152.0,152.0,5.0,1,2.0,SP,1,152.0,0.0819078947368421,0.0,1.0,7.869930555555555
4de6e4ba574aa9dfdc824bc44dc47fdd,14,451.1,32.221428571428575,4.071428571428571,2,1.2857142857142858,PR,7,64.44285714285715,0.9012164107202449,0.21428571428571427,0.9285714285714286,9.368518518518517
4deebb3199eeafb282ae33229144f94b,4,779.7,155.94,3.4,1,3.6,SP,7,111.38571428571429,0.19706077058765786,0.4,0.6,11.752780092592593
4e06067cc08b3f41d837768d392c3ee3,31,941.72,20.47217391304348,4.173913043478261,1,1.0434782608695652,MG,14,67.26571428571428,0.8965067040973078,0.1956521739130435,0.9565217391304348,9.793098329307568
4e0d109ccfba9a1151c103049880c857,2,279.89,139.945,3.0,1,4.5,RJ,7,39.98428571428571,0.22058466718058653,0.5,1.0,19.22804398148148
4e17c65a516f69d023a2ae78b84f28d6,61,7639.26,103.23324324324325,4.081081081081081,5,1.0,SP,18,424.40333333333336,0.3183069017540265,0.20270270270270271,0.8918918918918919,14.778386042292292
4e2627090e6e5b9fabba883a37897683,2,199.5,39.9,1.0,1,2.0,MG,2,99.75,0.341453634085213,0.8,1.0,3.97537037037037
4e326052e5dbba8adcd512f3450a307e,3,570.0,95.0,1.6666666666666667,1,5.0,SP,2,285.0,0.15080701754385964,0.8333333333333334,1.0,19.841226851851854
4e42581f08e8cfc7c090f930bac4552a,3,336.0,84.0,1.0,3,1.75,SP,2,168.0,0.4043489808980985,1.0,0.0,47.10233796296296
4e480be820e37de1444325ff358c9296,1,430.3,215.15,5.0,1,3.0,MG,1,430.3,0.3333488264001859,0.0,1.0,12.108287037037037
4e5725ba188db8252977a4f0227bd462,22,1930.59,77.22359999999999,3.44,2,1.12,SP,4,482.6475,0.27478074770972916,0.36,0.7083333333333334,20.764789737654322
4e6015589b781adaa5ce7f1892d06bb1,3,684.0,228.0,3.6666666666666665,1,1.0,SP,4,171.0,0.08260233918128655,0.0,1.0,5.894976851851851
4e7c18b98d84e05cbae3ff0ff03846c2,82,9177.9,103.12247191011235,4.136363636363637,4,1.2921348314606742,SP,18,509.8833333333333,0.41100812878584675,0.19101123595505617,0.9545454545454546,12.08698824179293
4e85b538b0dad58852641540686d0e14,4,361.97999999999996,90.49499999999999,3.75,2,1.0,SP,12,30.164999999999996,0.8290677805280873,0.25,0.5,17.22519675925926
4e8dacf3d38f281ae26c3e0321d92d88,10,2644.95,176.32999999999998,2.466666666666667,1,5.714285714285714,SP,6,440.825,0.3245734609508758,0.6666666666666666,0.7777777777777778,13.565163323045267
4e922959ae960d389249c378d1c939f5,420,46030.37,101.38848017621146,3.89532293986637,23,2.9702517162471396,SP,23,2001.3204347826088,0.23774738711991864,0.20044052863436124,0.8923766816143498,14.63096879671151
4e92348462c75b6c842b994ce84a0ed4,1,69.9,69.9,5.0,1,1.0,RS,1,69.9,0.22303290414878396,0.0,1.0,9.837280092592593
4ea2f12dbe91deeacd2c1e74f069a6e6,4,210.2,35.03333333333333,4.833333333333333,1,1.0,SP,8,26.275,0.3229503944257384,0.0,1.0,8.440769675925926
4eb61f060e7dcc1d5a80d806c35cc541,8,1313.0,164.125,3.875,2,3.75,SP,6,218.83333333333334,0.11626240706925785,0.125,1.0,6.202073206018518
4ebdc7e6cd6102a022dadc49156d4ea8,29,928.6999999999999,29.021874999999998,3.75,4,3.6153846153846154,SP,18,51.59444444444444,0.48378675884739997,0.21875,0.96875,10.175631148726852
4eeb99008a0f59d2c7759c59f9a346eb,2,1282.0,641.0,4.5,1,4.0,SP,3,427.3333333333333,0.03624896138807429,0.0,1.0,7.6647337962962965
4ef4c39cf3c24f326434cf0b2e48046a,8,891.0,99.0,3.5555555555555554,1,4.333333333333333,SP,8,111.375,0.14160493827160495,0.3333333333333333,0.875,13.790258969907407
4f0d637c1197fd65405ebd755ac9f86b,2,199.8,99.9,5.0,1,1.0,SP,2,99.9,0.16847315944012203,0.0,1.0,7.353680555555556
4f1f1c8666cdb6442f775c4e8caed465,2,944.98,472.49,5.0,1,7.5,MG,2,472.49,0.14331357622551727,0.0,1.0,19.96107060185185
4f40d2ed38d1cc945364a7cd202a82c7,1,319.9,319.9,1.0,1,2.0,SP,1,319.9,0.053110346983432324,1.0,,
4fae87d32467e18eb46e4a76a0a0b9ce,1,100.9,100.9,5.0,1,1.0,RS,1,100.9,0.19722497522299304,0.0,1.0,6.806759259259259
4fb41dff7c50136976d1a5cf004a42e2,3,1230.0,410.0,4.0,1,1.0,BA,4,307.5,0.07180190476190476,0.0,0.6666666666666666,66.75465663580248
4fe2f67634d00c021aa01f96b6f2d68e,2,86.8,43.4,5.0,2,1.0,PR,1,86.8,0.3808451958819398,0.0,1.0,10.984953703703702
5011f0d93373a4c5753adf58ca77af8d,12,1009.4200000000001,45.88272727272727,3.5454545454545454,2,1.0,SP,10,100.94200000000001,0.4721126746044279,0.22727272727272727,0.8095238095238095,14.980320767195767
503c1de08ae81a2d86f17951b204db55,22,4906.99,223.045,4.409090909090909,1,2.090909090909091,SP,14,350.4992857142857,0.08486620466413326,0.045454545454545456,0.9090909090909091,13.488269675925926
5058e8c1e82653974541e83690655b4a,63,10022.82,128.4976923076923,3.0789473684210527,4,1.2820512820512822,SP,11,911.1654545454545,0.33042697122246284,0.358974358974359,0.8701298701298701,26.44018774050024
5075aaa8404020ae6aa8bf4792099b41,13,1822.8,79.25217391304348,3.8823529411764706,2,1.0952380952380953,MG,11,165.70909090909092,0.7282604098469471,0.13043478260869565,1.0,12.410177469135801
50770d25768b0486d89be26afca3108f,6,171.76999999999998,28.62833333333333,4.0,1,1.3333333333333333,SP,8,21.471249999999998,0.4807373553024141,0.16666666666666666,0.8333333333333334,13.481597222222222
508808d438fe2ff972ed13bb8f4a82e2,10,294.83,26.80272727272727,4.2727272727272725,7,2.5454545454545454,SP,1,294.83,0.5699912427425149,0.09090909090909091,1.0,4.517637731481481
50a7e551a7b3f8d37cd6e32d8bfbe5ea,1,140.0,140.0,5.0,1,1.0,SP,1,140.0,0.19971428571428573,0.0,1.0,12.586157407407407
50bf89f1349bc0409a268c3a49678009,1,179.9,179.9,5.0,1,2.0,SP,1,179.9,0.5701500833796553,0.0,1.0,9.616319444444445
50c361bcf670d16f6df4d52de3dff924,1,35.0,35.0,1.0,1,1.0,SP,1,35.0,0.4742857142857143,1.0,,
50c9975695009e5e6473912e83a6d1da,50,3964.4,58.300000000000004,3.985074626865672,1,1.0,MG,18,220.24444444444444,1.0704477226383236,0.16176470588235295,0.8970588235294118,15.213292483660132
51209b446b2073894bdc0face6c73ffc,2,359.6,89.9,4.0,1,2.0,ES,2,179.8,0.22046718576195773,0.0,1.0,9.960538194444446
512d298ac2a96d1931b6bd30aa21f61d,11,7401.94,616.8283333333333,4.25,3,1.6666666666666667,RJ,8,925.2425,0.20650939590700979,0.16666666666666666,1.0,10.060541087962962
513a54369b6a8a6602fcb0e129c6d78d,2,47.8,23.9,4.5,1,3.0,SP,1,47.8,0.3196214045136075,0.0,1.0,3.5719097222222222
5145090ab595c0d0b8557199f5701fbf,4,1459.6,364.9,4.25,1,1.5,PR,4,364.9,0.1385514440814738,0.0,1.0,15.680384837962961
5151aea44289d6c6b090ee31c2132508,7,1315.3,187.9,1.8333333333333333,1,3.0,SP,1,1315.3,0.12709647989051925,0.5714285714285714,1.0,17.37599537037037
515d781150feed28a6ac091bb0e3cb8c,6,1002.35,167.05833333333334,4.166666666666667,2,2.6666666666666665,MS,8,125.29375,0.15392645797676682,0.0,1.0,9.780329861111111
5160d23075764e18e07c1f4a87fad743,34,2429.0,62.282051282051285,4.461538461538462,1,1.0512820512820513,SP,5,485.8,0.23741360012467608,0.07692307692307693,0.9736842105263158,9.392214912280702
516e7738bd8f735ac19a010ee5450d8d,76,6643.09,79.08440476190476,4.5476190476190474,2,1.0,RJ,4,1660.7725,0.3321942138663284,0.047619047619047616,0.9512195121951219,8.784532802619692
51702dc2a3e106c76dbff722b5bf0726,13,2705.1,193.22142857142856,4.357142857142857,2,1.2307692307692308,SP,15,180.34,0.20122950542360582,0.07142857142857142,1.0,14.731593915343916
5194c22ed1f616ec0c0f33c571542879,4,245.6,61.4,4.25,3,1.0,MG,3,81.86666666666666,0.5458945052462995,0.0,1.0,12.323978587962962
519a7aa428f18d125a283cf8c014fdd6,3,79.69999999999999,26.566666666666663,4.0,1,4.0,SC,1,79.69999999999999,0.927070601245562,0.0,1.0,7.4835262345679014
51a04a8a6bdcb23deccc82b0b80742cf,1,167.99,167.99,1.0,1,1.0,SP,1,167.99,0.19007083754985415,1.0,0.0,35.314861111111114
51e0557bc7b86de13e946c60ee91ce39,1,45.8,45.8,5.0,1,4.0,MG,1,45.8,0.3842794759825328,0.0,1.0,10.434085648148148
51e4e89242cbb846c2deff3dc015650e,16,822.58,51.41125,4.625,2,4.5,RS,5,164.51600000000002,0.4998396576174915,0.0,1.0,9.21369357638889
51ed72984a04e5dd35c2b27e77179038,7,1294.3,184.9,3.5714285714285716,2,1.1428571428571428,SP,6,215.71666666666667,0.14989088534632214,0.2857142857142857,0.8571428571428571,16.578348214285715
51f108f62cb87d61918159902c8f8583,3,303.73,101.24333333333334,4.333333333333333,1,1.0,PR,2,151.865,0.33536227588539275,0.0,1.0,5.971261574074074
5206cc4bc2297c833e6061c49bf9c43f,1,35.0,35.0,1.0,1,6.0,SP,1,35.0,0.31314285714285717,1.0,,
52092ddbd3a58c450a4459bf051b2287,6,351.7,58.61666666666667,4.333333333333333,1,1.6666666666666667,SP,5,70.34,0.30613585470208693,0.16666666666666666,1.0,12.89526234567901
520b493b57809f446cb0a233bb3e25c7,63,3698.9,50.66986301369863,4.376712328767123,3,1.18,SP,10,369.89,0.3819319089652947,0.0821917808219178,0.9726027397260274,7.380156804921359
522620dcb18a6b31cd7bdf73665113a9,174,57168.49,317.6027222222222,3.897727272727273,11,1.7722222222222221,PR,23,2485.58652173913,0.16180566231882737,0.18888888888888888,0.898876404494382,15.232024292550978
5236605f4d4b0b3e4df85b850393fca0,5,265.3,53.06,4.8,1,1.4,SP,13,20.407692307692308,0.37705431300847575,0.0,0.8,10.492495370370369
52454f90d4c30c016768db02f88c1a74,3,80.5,16.1,3.6,1,1.0,SP,3,26.833333333333332,0.8265618968169954,0.4,1.0,12.806629629629631
52562a9f449c3dc3d53f5f5b9ed74903,14,3266.6,233.32857142857142,4.785714285714286,4,2.0714285714285716,RN,13,251.27692307692308,0.2752954670197588,0.0,1.0,13.357767857142857
525e75a6fb1454a2325ab1734bcec221,10,657.0699999999999,59.73363636363636,3.727272727272727,1,6.0,SP,7,93.86714285714285,0.18697363178580864,0.18181818181818182,1.0,6.3476180555555555
5275ca25d0358ca73864e0ae41be1320,4,409.6,102.4,4.75,1,4.0,SP,2,204.8,0.16907650825749915,0.0,0.5,7.039756944444445
527801b552d0077ffd170872eb49683b,90,17942.8,195.0304347826087,4.483516483516484,4,2.652173913043478,SP,11,1631.1636363636362,0.24177244706831583,0.07608695652173914,0.9021739130434783,13.005903155193236
52831e5990d0771cb4951d6f12928167,1,65.0,65.0,3.0,1,1.0,SP,1,65.0,0.20184615384615384,0.0,1.0,5.106226851851852
528bcf6680c36dddf07620bd35b33a6f,2,969.98,484.99,4.5,1,2.5,SP,5,193.996,0.0462797153027893,0.0,0.5,21.278836805555557
528ce32f560edd11add4169f6a5b65be,2,59.8,29.9,5.0,1,2.0,SP,3,19.933333333333334,0.25585284280936454,0.0,1.0,10.162274305555556
52956b80ae65fda598f06f6b9943e7a9,3,792.0,264.0,4.0,1,3.0,PR,1,792.0,0.08440656565656564,0.0,0.6666666666666666,25.609182098765434
52a50b42accf164f9f019941e5759d9b,4,139.96,34.99,4.75,1,1.0,SP,1,139.96,0.41037047357871476,0.0,0.75,5.381053240740741
52a52b9f656520e99716f5bc40f661c8,7,783.1,97.8875,4.125,1,1.0,SP,4,195.775,0.19568099371776299,0.25,1.0,10.534014756944444
52ac6f920b7280e4c6d30dd94de6259b,6,5657.3,808.1857142857143,3.2857142857142856,1,2.6666666666666665,PR,16,353.58125,0.1442460039961547,0.2857142857142857,1.0,12.023976521164021
52b53f7061969fe471d119b6195da864,1,90.0,90.0,5.0,1,6.0,SP,1,90.0,0.09299999999999999,0.0,1.0,3.333136574074074
52bb00821bcdd358a5a5a27e1f6be5a1,2,349.8,174.9,4.5,1,1.0,SP,4,87.45,0.25534816125363324,0.0,1.0,15.994728009259259
52d76513f0c4d97f3b99570e2c94ee31,19,8153.1,291.1821428571429,3.88,8,1.5357142857142858,RS,14,582.3642857142858,0.12462869785675121,0.10714285714285714,0.9642857142857143,11.809747437169312
52f0fe436a347ddad7ed5f9aa4e27eaa,21,1484.3700000000001,64.53782608695653,3.3043478260869565,6,1.9047619047619047,SP,5,296.874,1.0232561734698522,0.34782608695652173,0.8571428571428571,13.99463458994709
52f6f9f13ba19504c02781132a049e75,1,199.0,199.0,2.0,1,1.0,PR,1,199.0,0.11623115577889447,1.0,1.0,16.289837962962963
52f976b17ea7f2f087f56dcc419328f6,6,7630.0,1271.6666666666667,3.6666666666666665,1,3.5,PR,10,763.0,0.11307141782627711,0.3333333333333333,1.0,10.383350694444443
52f9db5cfb423382a2fa5c9e39303202,22,1269.77,55.20739130434782,4.173913043478261,4,1.0,SP,10,126.977,0.31264511335361034,0.13043478260869565,1.0,10.035136258417507
5305693ffae2d3463377b1f6fe67b15a,1,93.56,93.56,5.0,0,,SP,1,93.56,0.13884138520735356,0.0,1.0,13.373368055555556
53088c75f948b48a7ece173ac17f0c12,3,261.70000000000005,87.23333333333335,5.0,2,1.0,RS,4,65.42500000000001,0.21173428980177064,0.0,1.0,10.963942901234567
530ec6109d11eaaf87999465c6afee01,97,12983.810000000001,124.84432692307693,4.221153846153846,6,4.355769230769231,PR,16,811.4881250000001,0.21654394976763314,0.11538461538461539,0.9900990099009901,10.714642808030803
53243585a1d6dc2643021fd1853d8905,358,222776.05,543.3562195121951,4.075980392156863,2,3.0634146341463415,BA,13,17136.61923076923,0.08955552227346635,0.12439024390243902,0.96,13.37442884837963
53336f97ddbe53e2a617d07b17447b95,1,599.5,599.5,5.0,1,4.0,SP,1,599.5,0.12565471226021685,0.0,1.0,19.431122685185183
533d46c1b06970e99f09523a61df4972,2,159.98,79.99,4.5,1,1.0,SP,1,159.98,0.2040255031878985,0.0,1.0,16.602592592592593
5343d0649eca2a983820bfe93fc4d17e,71,10000.64,90.09585585585585,3.614678899082569,1,1.117117117117117,SP,8,1250.08,0.3096877410213322,0.2882882882882883,0.9090909090909091,11.36370422979798
534a01cc6df1e034e05c32028a291fa2,5,235.59,47.118,4.4,2,3.0,SP,3,78.53,0.26293304827080616,0.0,1.0,10.692097222222221
535bf14f36346c7f59d87cece104d70c,1,50.0,50.0,4.0,1,2.0,RJ,1,50.0,0.15539999999999998,0.0,0.0,4.217708333333333
537eb890efff034a88679788b647c564,160,4679.7,27.05028901734104,4.164739884393064,10,2.786127167630058,RJ,14,334.2642857142857,0.5945509310010052,0.10404624277456648,0.9415204678362573,9.117996602230885
538caafddff204241cecbf3a02e6b3cf,9,148.3,16.477777777777778,2.5555555555555554,1,1.0,SP,15,9.886666666666667,0.6632592967502045,0.5555555555555556,0.5,17.311448206018518
539ed9e19811677513447759be5eccfc,2,32.83,16.415,3.0,1,1.5,MG,3,10.943333333333333,0.9619251472333734,0.5,1.0,5.068101851851852
53b0300ca793f9834cd69c0678d35ee8,5,1662.15,166.215,5.0,1,1.1,SP,9,184.68333333333334,0.103641950916561,0.0,1.0,5.855703703703704
53d00c40e32aeb924a84ce72b1af869d,17,2165.85,127.40294117647058,4.352941176470588,1,1.0588235294117647,SP,8,270.73125,0.15044912221461648,0.058823529411764705,0.7647058823529411,16.048920206971676
53e4c6e0f4312d4d2107a8c9cddf45cd,473,30148.95,57.7566091954023,4.040384615384616,6,1.2716763005780347,SP,19,1586.7868421052633,0.3973692017799298,0.15517241379310345,0.947265625,12.027491274233217
54065e9aef7e9e9c2dc23b7594db021a,14,8003.0,571.6428571428571,3.857142857142857,5,1.25,RJ,13,615.6153846153846,0.061775436583982477,0.21428571428571427,1.0,12.422222222222222
5415337f1863452476d42d9f14a16a61,1,44.9,44.9,3.0,1,3.0,MG,1,44.9,0.522271714922049,0.0,1.0,16.04283564814815
54219883e72aad869adfb2a54b7bfa0f,5,6750.0,1350.0,3.2,2,2.8,SP,9,750.0,0.12289629629629631,0.4,1.0,17.007217592592593
542917da124346b47ea1ac79a93ce454,20,1303.9,65.19500000000001,4.15,2,1.05,PR,6,217.3166666666667,0.4385382379098484,0.15,0.95,11.576402777777778
5444b12c82f21c923f2639ebc722c1ea,1,169.9,169.9,4.0,1,6.0,SP,1,169.9,0.056268393172454384,0.0,,
544863df86ed3b78a04e0820d41430ee,1,23.9,23.9,5.0,1,1.0,ES,1,23.9,0.6389121338912134,0.0,1.0,5.5005902777777775
54583ab379489add547fe47b628db589,10,2240.0,224.0,4.8,2,4.1,SP,2,1120.0,0.067452,0.0,1.0,5.116539351851852
54965bbe3e4f07ae045b90b0b8541f52,78,10961.300000000001,127.45697674418606,2.9382716049382718,1,1.0,PR,10,1096.13,0.23808039808202353,0.43023255813953487,0.6790123456790124,26.727943958619115
54a1852d1b8f10312c55e906355666ee,200,17226.44,84.44333333333333,4.3399014778325125,7,5.519607843137255,SP,20,861.3219999999999,0.22476693199454778,0.08823529411764706,0.900990099009901,11.517078692244224
54aa8463e87776b5612f4bdc4bd5d4de,7,649.3,92.75714285714285,3.857142857142857,3,3.857142857142857,MG,5,129.85999999999999,0.30414162230072506,0.14285714285714285,1.0,13.480618386243387
54c04bdb5ec46762f8f08c7e8f86ed4a,18,3281.66,172.71894736842106,4.315789473684211,1,1.0,SC,7,468.8085714285714,0.17215605744443094,0.10526315789473684,0.8947368421052632,15.41448708576998
55029529919c0123526150bd26ca8f20,7,453.95,64.85,4.714285714285714,3,1.1428571428571428,MG,3,151.31666666666666,0.5436703468112555,0.0,1.0,8.695739087301588
553a440137d6e0cf776aee0bb83ac9f5,2,144.8,72.4,1.0,2,1.0,SP,1,144.8,0.2127780719322882,1.0,0.5,23.00158564814815
5563732abe64c3036cb97ad924128dd1,2,404.0,134.66666666666666,4.666666666666667,1,1.0,SP,7,57.714285714285715,0.12668517246642247,0.0,1.0,10.91849151234568
5566627eab3fe93fd6ee08798226101a,5,85.5,17.1,4.4,1,1.0,PR,10,8.55,1.3138995047583333,0.0,1.0,8.814136574074073
556a6409838156ea299c9d1f9e2dde43,4,1362.8,340.7,3.25,1,1.0,PR,3,454.26666666666665,0.10545960406921642,0.5,1.0,7.399207175925927
557f22c76691849db52d2abccf0015d0,13,865.8599999999999,61.84714285714285,3.1538461538461537,2,4.5,GO,5,173.17199999999997,0.431935337695956,0.2857142857142857,1.0,14.304740918803418
5587130f9850696ed7fafbc91c2cee44,2,69.8,34.9,5.0,1,1.0,SP,2,34.9,0.5677843123432795,0.0,1.0,6.5392013888888885
559d56f3b8f0bc2e5a9a62fe2ce2a39f,2,385.0,192.5,2.5,1,6.0,SC,1,385.0,0.13790296296296295,0.5,0.5,12.295746527777778
55a5b51f93f2b70ea513f5a047b0262a,39,4002.3,97.61707317073171,4.487804878048781,1,1.0975609756097562,MG,7,571.7571428571429,0.24496132163501436,0.04878048780487805,0.926829268292683,13.728832712285456
55bb6fe5bebe5012e2d7d9928e1128ff,15,1816.55,113.534375,3.5625,5,1.25,SP,7,259.50714285714287,0.3894561332191255,0.375,0.8125,16.57628833912037
55c26bcb609f480eb7868594245febb5,6,664.4000000000001,110.73333333333335,4.0,2,1.1666666666666667,SP,5,132.88000000000002,0.22706936264094726,0.16666666666666666,1.0,9.694230324074075
55c96925041a14097b6a7825554f4ad5,6,294.8,29.48,3.2,1,1.2,SP,11,26.8,0.6288065268065269,0.4,0.6666666666666666,11.093325617283952
55d3daac7c404d59e51c2aa2f4dc5a23,21,4480.6,160.02142857142857,3.9285714285714284,3,2.4285714285714284,SP,16,280.0375,0.31982308920500785,0.14285714285714285,1.0,8.785415426587301
55dedd83e501d8248880557d9073cbfd,8,1055.3,117.25555555555555,4.888888888888889,1,2.7777777777777777,RJ,1,1055.3,0.12723986513124963,0.0,1.0,4.488298611111111
55f7a3319d80f7fdf078b8f03e6725fe,22,3013.78,136.99,3.772727272727273,2,7.5,SP,2,1506.89,0.15411700421390626,0.18181818181818182,0.9090909090909091,6.7771659301346805
562f8cfc51f265411f487d07e9c40e7f,13,766.9200000000001,58.99384615384616,4.538461538461538,2,1.0,MG,8,95.86500000000001,0.26988018296039124,0.0,0.8461538461538461,14.032670049857549
562fc2f2c2863ab7e79a9e4388a58a14,260,8814.199999999999,32.645185185185184,4.235074626865671,1,2.3407407407407406,SP,8,1101.7749999999999,0.5170361265636484,0.0962962962962963,0.9660377358490566,11.255386355695318
5656537e588803a555b8eb41f07a944b,174,8065.93,42.90388297872341,3.8031914893617023,11,1.6808510638297873,DF,23,350.6926086956522,0.6340475837120011,0.2127659574468085,0.9243243243243243,11.422552615115116
5659d77e8d90378e39b960ad5956f64e,2,182.48000000000002,91.24000000000001,2.5,2,2.0,SP,7,26.06857142857143,0.1661405381074763,0.5,0.5,20.48904513888889
56642bcb79900e777d68e91915cb4267,48,3657.64,65.315,3.767857142857143,3,1.625,SP,22,166.25636363636363,0.31545563252559033,0.21428571428571427,0.8392857142857143,14.243257895171956
5670f4db5b62c43d542e1b2d56b0cf7c,22,6630.09,301.3677272727273,4.409090909090909,1,2.8636363636363638,SP,5,1326.018,0.2624345887135621,0.09090909090909091,0.9545454545454546,8.532830913299664
56a8b450e802502ba53a9885ee38e29f,1,62.45,62.45,1.0,1,2.0,SP,1,62.45,0.24339471577261806,1.0,,
56db5c0782e8f7ddc9343f9576ff6d16,2,734.8,367.4,3.0,1,5.5,SC,20,36.739999999999995,0.08641957627204319,0.5,1.0,9.917291666666667
56e361f411e38dcef17cdc2a3d99628b,5,1298.0,129.8,4.5,2,3.0,SP,2,649.0,1.1269817511520739,0.1,0.9,12.040243055555555
56f413900b5166ab4d730e9ac0b12cb0,3,151.79,50.596666666666664,4.666666666666667,2,1.6666666666666667,SP,2,75.895,0.5880436751979506,0.0,1.0,10.19193287037037
570d4583587a5fe2d47c7be89b91ad27,2,125.25,62.625,5.0,1,2.5,SP,2,62.625,0.22607941443433843,0.0,1.0,5.748657407407407
5721089ba9214e80074f27d5a03fc0eb,5,245.92999999999998,35.13285714285714,5.0,2,2.0,SP,3,81.97666666666666,0.3457687100596615,0.0,1.0,7.536375661375662
5733d806668f8712c24b9abaefbfa642,2,243.8,121.9,5.0,2,2.0,SP,4,60.95,0.4885404310405529,0.0,1.0,15.00157986111111
5741dc2bf5044c34d0698681c5081bed,3,89.69999999999999,29.899999999999995,5.0,1,1.6666666666666667,SP,3,29.899999999999995,0.3795986622073579,0.0,1.0,7.190243055555555
575df70bde3f9f2b30bf8d2e9910d725,27,5410.05,159.11911764705883,4.117647058823529,4,1.9411764705882353,SP,23,235.2195652173913,0.35215426398524685,0.14705882352941177,0.9411764705882353,13.309569716775599
577719699805dd125d5b6fdde5943bba,8,1077.8000000000002,134.72500000000002,4.375,3,1.0,RS,5,215.56000000000003,0.5329618344470826,0.125,0.875,10.283478009259259
578460d8319c51dab351cd9db95eadfe,1,235.0,235.0,3.0,0,,GO,1,235.0,0.15085106382978725,0.0,,
578fa3a9cb6b6dceab39231ad59cdaca,3,150.0,50.0,3.6666666666666665,1,1.3333333333333333,CE,8,18.75,0.29933333333333334,0.3333333333333333,0.6666666666666666,22.39690200617284
5795aebfe331fbcd02a2c4b679fb7952,6,1280.0,213.33333333333334,3.8333333333333335,2,1.5,SC,7,182.85714285714286,0.13490062265062266,0.16666666666666666,1.0,12.203221450617285
579891617139df7d8671d373f0669622,8,280.3,35.0375,4.5,2,1.125,RJ,14,20.021428571428572,0.46215181412438266,0.125,0.75,18.420879629629628
57a834594e1e9e9219603bfec184eadc,1,139.0,139.0,5.0,1,6.0,RS,1,139.0,0.1946043165467626,0.0,1.0,6.109594907407407
57c764b4a836300be881e2ff86e449f9,29,1211.0,40.36666666666667,4.172413793103448,4,1.6,SP,19,63.73684210526316,1.1084143423078858,0.13333333333333333,0.8620689655172413,15.50414671136654
57d2ba47f7a3209aa347532ae75c1165,2,318.0,159.0,4.0,1,4.5,SC,2,159.0,0.4252934662236988,0.0,1.0,15.687424768518518
57df9869a600bd6b7c405f2a862eccfb,5,125.0,25.0,4.4,1,6.0,MG,5,25.0,0.5776800000000001,0.0,1.0,7.28955324074074
57e632711dec9ec14ca7546769483e7e,62,6350.06,97.69323076923078,4.446153846153846,2,1.4153846153846155,SC,19,334.2136842105263,0.25757123221581407,0.046153846153846156,1.0,10.777448896011396
57fe6232e67823593374a2281d7a8af8,8,178.68,22.335,4.75,1,1.8333333333333333,SP,10,17.868000000000002,0.6238214512294171,0.0,1.0,9.581882233796296
582d4f8675b945722eda7c0cb61ba4c7,59,4702.96,66.23887323943661,4.112676056338028,5,2.887323943661972,SP,20,235.148,0.8303619042038929,0.1267605633802817,0.9859154929577465,10.591509683098591
585175ec331ea177fa47199e39a6170a,1,3549.0,3549.0,5.0,1,7.0,MG,1,3549.0,0.015066215835446605,0.0,1.0,7.919513888888889
586a871d4f1221763fddb6ceefdeb95e,1,198.0,99.0,1.0,1,1.0,RS,1,198.0,0.20949494949494948,1.0,0.0,68.62114583333333
5882820ef11c4c068eea0677a7a879b4,14,9925.5,708.9642857142857,4.153846153846154,2,1.7857142857142858,RS,16,620.34375,0.2870766496769514,0.0,0.9285714285714286,14.96869460978836
5882f40daf39bc2a465e0cb453ddc222,1,640.0,640.0,2.0,1,4.0,SP,1,640.0,0.09203125,1.0,,
58b98ccb79873e04eac4357cacc590d9,1,23.0,23.0,1.0,1,1.0,SP,1,23.0,0.3873913043478261,1.0,,
58c851d1a3c7cd3da329eb59453fed44,2,268.99,134.495,5.0,1,3.0,SP,1,268.99,0.09092987230340352,0.0,1.0,4.611643518518519
58e4b302b54937e55a678c4d15111da4,3,279.79,93.26333333333334,2.3333333333333335,1,1.0,PR,6,46.63166666666667,0.1962496965913104,0.6666666666666666,1.0,7.158981481481481
58f1a6197ed863543e0136bdedb3fce2,44,6833.0,151.84444444444443,4.155555555555556,3,3.888888888888889,MG,4,1708.25,0.1582287067562769,0.13333333333333333,0.9333333333333333,10.38838851205857
59417c56835dd8e2e72f91f809cd4092,18,36459.0,2025.5,4.277777777777778,1,2.2777777777777777,SP,10,3645.9,0.042325898881511725,0.1111111111111111,1.0,12.569483024691358
594f9aaa48e5bf431f011ddc5669b0d5,37,3248.8,85.49473684210527,4.578947368421052,5,4.2631578947368425,MG,5,649.76,0.3126018500399616,0.02631578947368421,0.9736842105263158,7.881920382553607
5962468f885ea01a1b6a97a218797b0a,8,791.0,87.88888888888889,3.75,1,1.4444444444444444,PR,6,131.83333333333334,0.25678425973727986,0.2222222222222222,1.0,10.914812885802469
596849622429351f47b32e6cae1055ff,14,1104.7,78.90714285714286,4.0,4,2.2857142857142856,SP,3,368.23333333333335,0.2873895543969245,0.14285714285714285,1.0,5.483386752136752
5996cddab893a4652a15592fb58ab8db,1,810.0,810.0,5.0,1,3.0,SP,1,810.0,0.08734567901234568,0.0,1.0,5.080324074074074
59b22a78efb79a4797979612b885db36,125,27184.5,204.39473684210526,3.9696969696969697,4,5.413533834586466,MG,14,1941.75,0.2742597668142681,0.20300751879699247,0.8721804511278195,12.501321620022278
59bbc819b99a733f02f0d6b49d1c253d,2,139.8,69.9,5.0,1,1.0,SP,2,69.9,0.16416309012875535,0.0,1.0,5.458657407407408
59cd88080b93f3c18508673122d26169,10,392.33,32.69416666666667,4.75,1,1.4,SP,6,65.38833333333334,0.43972561857987397,0.0,0.75,13.627828896604939
59cea8e446d3834393058e7e0666b6fb,10,696.6,69.66,4.6,4,1.2,PR,3,232.20000000000002,0.42905823311445984,0.0,1.0,7.272856481481481
59de1d4c8c057c2a53acd4ca66531af2,1,135.0,135.0,5.0,1,3.0,PR,1,135.0,0.16111111111111112,0.0,1.0,18.68167824074074
59fb871bf6f4522a87ba567b42dafecf,126,21708.57,169.598203125,4.21259842519685,6,4.109375,SP,19,1142.5563157894737,0.10260887281495243,0.09375,0.936,12.075128888888889
5a05a16bb50629ee31afab8a6d4c2674,14,794.3,52.95333333333333,4.0,1,1.6666666666666667,RS,5,158.85999999999999,0.36285162456127273,0.13333333333333333,0.9333333333333333,6.9908981481481485
5a32c398a06c345440bf2a683b017ad3,2,79.8,39.9,3.0,1,2.0,RJ,4,19.95,0.30661355064741136,0.5,1.0,11.96880787037037
5a413ade68e8f8d93071a7f52a64cb9e,14,778.9,55.635714285714286,4.642857142857143,1,1.0,SP,1,778.9,0.1983144416807336,0.07142857142857142,0.8571428571428571,4.118708664021164
5a4236931428800e9d9cc04af0987118,1,44.97,14.99,5.0,1,1.0,SP,1,44.97,1.0160106737825216,0.0,1.0,3.981076388888889
5a425cc503b39b262a847fd6212bf53b,15,1360.5900000000001,90.706,4.214285714285714,1,1.3333333333333333,PR,5,272.11800000000005,0.25754955558461495,0.13333333333333333,0.9285714285714286,6.823572255291006
5a6a02f419701fc8c605af71d4fc57a4,10,600.5,54.59090909090909,4.818181818181818,2,1.0,SP,4,150.125,0.229164373270107,0.0,0.9090909090909091,5.259986321548822
5a8e7d5003a1f221f9e1d6e411de7c23,139,11171.9,61.7232044198895,4.1722222222222225,3,2.685082872928177,SP,23,485.73478260869564,0.2472394998443522,0.11602209944751381,0.9385474860335196,10.467905674529279
5a93f3ab0ef4c84ed5e1b5dbf23978bc,39,2338.25,53.14204545454545,4.7272727272727275,2,1.9318181818181819,SP,11,212.5681818181818,0.5016367377087589,0.045454545454545456,0.9767441860465116,15.054766634366924
5a9b3bcab695173c820e53934574ae80,1,139.0,139.0,5.0,1,3.0,SP,1,139.0,0.4659712230215827,0.0,1.0,7.143958333333333
5a9c0859cb00fd8aa4db443837f0a700,2,208.0,104.0,4.5,1,2.0,SC,1,208.0,0.24296788656031698,0.0,1.0,9.005376157407408
5aaa890629f83706d8d9bfecd8377c1c,1,48.9,48.9,1.0,1,1.0,RJ,1,48.9,0.3664621676891616,1.0,,
5ab05b6d86d417796c69ffd6774ec832,10,1886.1000000000001,157.175,3.6666666666666665,1,2.5,SP,20,94.305,0.1416594820668536,0.25,0.9166666666666666,12.587885802469136
5abb8ea023c77787f2c15da891c8d384,13,2241.0,172.3846153846154,3.923076923076923,4,6.153846153846154,SC,11,203.72727272727272,0.4066166426367191,0.15384615384615385,0.7692307692307693,19.6782719017094
5acd070dd3fe441bbb2ec1f1ede515ee,7,764.17,95.52125,2.75,1,1.3333333333333333,SP,4,191.0425,0.40230236517635787,0.5,0.625,23.23549045138889
5b07547f10dd980738a1a27f685af669,13,1134.6000000000001,81.04285714285716,4.5,2,2.0,SP,1,1134.6000000000001,0.1771327376234834,0.07142857142857142,0.8571428571428571,6.200850694444445
5b0cc932433fa5184b5b94bfe6bcc256,12,1437.8,84.5764705882353,3.4705882352941178,2,1.2352941176470589,SP,3,479.26666666666665,0.39490909409826297,0.35294117647058826,0.7647058823529411,11.721945806100218
5b179e9e8cc7ab6fd113a46ca584da81,34,5173.5,143.70833333333334,3.5142857142857142,4,3.0833333333333335,SP,12,431.125,0.12946090668141982,0.25,0.9166666666666666,12.67396283436214
5b2e94f2c22b39ccc24d34ad0f669672,10,949.78,94.978,4.9,1,1.7,SP,4,237.445,0.43216987994256756,0.0,0.9,9.983612268518518
5b33b527da3c5b969cc99dc435cad09a,16,1872.79,110.16411764705882,4.117647058823529,5,2.0588235294117645,PR,20,93.6395,0.43951376177722135,0.11764705882352941,0.9411764705882353,12.780727805010894
5b35136197710e16ac5e7b7c2bd4ea85,7,3104.2000000000003,344.91111111111115,2.5555555555555554,1,2.2222222222222223,RJ,8,388.02500000000003,0.10306295276943692,0.5555555555555556,0.6666666666666666,19.985843621399177
5b51032eddd242adc84c38acab88f23d,12,3280.0,234.28571428571428,3.7857142857142856,2,2.2142857142857144,MG,9,364.44444444444446,0.09037183043923089,0.14285714285714285,1.0,11.863262235449735
5b581417df4480f632484ba681e53944,12,1790.6,137.73846153846154,3.3076923076923075,2,2.3846153846153846,SC,8,223.825,0.3587275341378813,0.3076923076923077,0.6666666666666666,20.34359085648148
5b664594895aefb418afaee6d40a9a23,16,1008.8,45.85454545454545,3.6363636363636362,3,1.0,RJ,20,50.44,0.23558246695932272,0.2727272727272727,1.0,10.445734953703704
5b67882648febfb6e1225e6ad7164f6b,27,6813.4800000000005,227.116,4.033333333333333,2,1.3666666666666667,PR,14,486.6771428571429,0.1920239317165546,0.13333333333333333,0.9666666666666667,12.248475694444444
5b8154610ebb21fb90eb587365e673df,38,9397.54,229.20829268292684,4.195121951219512,5,2.8048780487804876,SP,13,722.8876923076924,0.1392663711291865,0.12195121951219512,0.85,13.158373553240741
5b85809efd0d0e4dea1a9544e1280ed9,12,1804.6000000000001,128.9,4.357142857142857,2,1.0,SP,4,451.15000000000003,0.18193989188768317,0.07142857142857142,1.0,7.376674107142857
5b925e1d006e9476d738aa200751b73b,63,7748.5,122.9920634920635,4.603174603174603,1,1.5238095238095237,SP,11,704.4090909090909,0.16444057988455243,0.047619047619047616,0.9365079365079365,10.885000367430923
5b92bfa4120daa27c574daa2e386c693,1,14.0,14.0,3.0,1,1.0,SP,1,14.0,0.7828571428571429,0.0,1.0,16.086435185185184
5b97c06a046398e7005b2b7c0d707a92,4,1519.96,379.99,3.25,1,7.0,MG,3,506.65333333333336,0.16423458512066108,0.25,0.3333333333333333,26.17675925925926
5bba18b40e8c973b0f32e748004775b0,1,739.98,739.98,5.0,1,2.0,SP,1,739.98,0.06056920457309657,0.0,1.0,7.072442129629629
5bc237df65098fe211bb4818f4d26d78,2,126.80000000000001,63.400000000000006,4.5,1,2.5,MG,8,15.850000000000001,0.43942457658628853,0.0,1.0,12.479837962962963
5bc24d989e71e93c33e50a7782431b0e,17,3148.0,185.1764705882353,4.352941176470588,1,1.7058823529411764,MG,4,787.0,0.2700033040894235,0.11764705882352941,1.0,9.188674428104575
5bc55dbe2f12b6af6d83ed46023e0dc8,17,2992.1,142.48095238095237,2.3333333333333335,2,1.2380952380952381,MG,7,427.4428571428571,0.14641715042683776,0.5714285714285714,0.8095238095238095,12.996622023809524
5bf397d04035b5f45cc41e82ec106803,3,1525.0,381.25,4.25,2,1.0,SP,3,508.3333333333333,0.03927173632610939,0.0,1.0,3.496568287037037
5bffbafbb22daf6d3bfc216a46db8708,21,5239.7,227.81304347826085,4.695652173913044,3,3.4782608695652173,RJ,5,1047.94,0.24207823181309787,0.0,1.0,8.637940318035426
5c030029b5916fed0986310385ec9009,7,4164.4,416.43999999999994,4.9,1,4.6,SC,3,1388.1333333333332,0.18522309088590586,0.0,1.0,5.369206018518518
5c243662ce92d84573bfaff24c3e3700,98,32862.02,328.62019999999995,4.1313131313131315,2,1.37,SP,14,2347.2871428571425,0.07353619470811061,0.11,0.97,10.806852083333332
5c3460cd3e8a984382ae254e7dd20d9f,9,775.76,77.576,4.7,1,3.4,SP,7,110.82285714285715,0.3334238265248759,0.0,1.0,9.633430555555556
5c603ffb38cbbf25a0e0698941324143,2,348.8,174.4,1.0,1,6.0,MG,1,348.8,0.1284690366972477,1.0,,
5c6d4016c2a288f074fa0848a2b653d2,32,3159.0,90.25714285714285,4.114285714285714,4,2.1714285714285713,SP,12,263.25,0.21025493171343304,0.14285714285714285,0.9117647058823529,11.047310049019607
5c853bb56f70f4d14218944bae111d7a,23,263.13,10.96375,4.041666666666667,1,1.4285714285714286,SP,19,13.848947368421053,1.0043318241808086,0.20833333333333334,1.0,8.61485580632716
5ca5d579b5857ee8709479b1047cecc3,2,339.89,169.945,1.0,1,1.0,SP,3,113.29666666666667,0.07058781043139296,1.0,0.0,17.78358796296296
5cbbd5a299cab112b7bf23862255e43e,36,2726.06,71.73842105263158,4.315789473684211,5,4.157894736842105,PR,12,227.17166666666665,0.39905121183566905,0.10526315789473684,1.0,10.788462780214426
5cf13accae3222c70a9cac40818ae839,149,14383.2,92.2,4.438709677419355,2,2.0,MG,20,719.1600000000001,0.20886659919407316,0.08333333333333333,0.967741935483871,10.625281212664277
5cf1ec37aea089f45110c70653a166ab,3,50.0,16.666666666666668,3.6666666666666665,0,,SP,9,5.555555555555555,0.9145555555555557,0.3333333333333333,1.0,21.465109953703703
5d0363b33554b373851fc1622e4d5f3c,94,6610.79,69.58726315789474,4.052631578947368,4,1.4105263157894736,SP,10,661.079,0.3703832666565412,0.12631578947368421,0.9148936170212766,12.73062192178881
5d043cd5512d4bd2f88e5ccdd5736c38,1,650.0,650.0,2.0,1,1.0,SP,1,650.0,0.09986153846153846,1.0,1.0,9.573449074074073
5d378b73ab7dd6f0418d743e5dcb0bd1,7,13243.0,1891.857142857143,3.857142857142857,0,,SP,2,6621.5,0.029955575351356314,0.14285714285714285,0.8333333333333334,30.48887152777778
5d3bb11474a06bdc23fb9e89f1164ee0,31,3654.6,114.20625,3.9375,6,3.5,SP,14,261.04285714285714,0.16705139417564943,0.15625,0.96875,9.746797236689815
5d505d2298ad549e4e4e835562fa0c1e,2,249.8,124.9,5.0,1,1.0,SP,2,124.9,0.11345076060848677,0.0,1.0,5.899982638888889
5d76d80a2f5f39c891b996a1bf4c9853,6,1238.5,206.41666666666666,4.833333333333333,3,1.0,SP,2,619.25,0.13295209876545097,0.0,1.0,10.233966049382715
5d9dc90a686a8fddacffab6bab5653a3,12,3761.94,313.495,4.166666666666667,1,1.8333333333333333,SP,11,341.99454545454546,0.17216392018063542,0.08333333333333333,0.9166666666666666,8.628353587962962
5d9f3746e112e696f98ea22c56b3e912,1,1322.64,1322.64,5.0,1,5.0,SP,1,1322.64,0.03611715962015363,0.0,1.0,7.0696875
5db42a6cd9bf1bf0d3aab9582767f168,1,200.0,200.0,5.0,1,4.0,ES,1,200.0,0.09664999999999999,0.0,1.0,16.873449074074074
5dc203c7b84a0e71e878a179de05fb9a,5,421.9,84.38,4.0,3,1.2,SP,4,105.475,0.49543910413024966,0.2,1.0,8.570122685185186
5dc4bdaf869e8c77c648078cbe8d59c2,1,292.99,292.99,1.0,1,1.0,SC,1,292.99,0.11775145909416704,1.0,,
5dceca129747e92ff8ef7a997dc4f8ca,325,112155.53,324.14893063583816,3.991228070175439,7,2.5722543352601157,SP,18,6230.862777777777,0.23664427772457391,0.1936416184971098,0.9416909620991254,11.273755027804773
5de1c80811ce7007f62f00d971236c09,2,76.8,38.4,5.0,1,2.0,SC,1,76.8,0.4018430221896204,0.0,1.0,8.073929398148149
5debea795b07621e1f90532e18f96145,25,1883.78,57.084242424242426,4.2727272727272725,2,1.6363636363636365,PR,11,171.25272727272727,0.45520089051419055,0.09090909090909091,1.0,10.30880927328844
5def4c3732941a971cba8fdee992ede1,5,134.8,22.46666666666667,4.5,4,1.6666666666666667,SP,1,134.8,0.6835974843772529,0.0,1.0,4.150827546296296
5e063e85d44b0f5c3e6ec3131103a57e,1,22.9,22.9,5.0,1,2.0,SP,1,22.9,0.3240174672489083,0.0,1.0,1.2883333333333333
5e105f5c9f63f5f1fd75d6cb942e55b1,8,1471.9,183.9875,4.5,1,1.125,SP,4,367.975,0.3002517001670344,0.125,0.875,9.292110821759259
5e106d93b717c2682b9383da480364a1,1,445.9,445.9,5.0,1,3.0,PR,1,445.9,0.048688046647230324,0.0,1.0,7.260185185185185
5e25c632f9db6cfb8bc100421c2737b6,1,259.0,259.0,5.0,1,1.0,SC,1,259.0,0.07687258687258687,0.0,1.0,6.050219907407407
5e49e3a44bdeb5aab2684258bbd4f525,3,507.0,169.0,4.666666666666667,1,1.0,SC,4,126.75,0.10408284023668639,0.0,0.6666666666666666,16.658904320987656
5e9f5bd34e0830569f05c9d4f56e04a8,2,239.98,119.99,4.5,1,1.0,RS,1,239.98,0.14534544545378783,0.0,1.0,10.026510416666667
5ee7fd217d08dfe5d3e2f51f96a12c9a,9,1165.5,129.5,3.4444444444444446,2,2.3333333333333335,SP,15,77.7,0.2275508880222226,0.3333333333333333,0.7777777777777778,16.85798739711934
5eeb9c756d9780b96283e5a2ac6da334,9,2471.0,274.55555555555554,4.222222222222222,1,5.666666666666667,SP,10,247.1,0.10805401287193338,0.1111111111111111,0.7777777777777778,16.608179012345676
5ef131ac72773e5b3f6c0d63cf424657,10,575.79,52.344545454545454,3.8181818181818183,1,2.3636363636363638,SP,2,287.895,0.45819062020209883,0.2727272727272727,1.0,6.272231691919192
5f0057b677eb963672bf05dfa3f16c34,5,312.88,62.576,4.2,3,4.8,SP,5,62.576,0.3182813188200515,0.2,1.0,7.040208333333333
5f06030071324cc52bf0304014ac7234,4,783.96,195.99,4.0,1,1.0,SP,1,783.96,0.12800397979488748,0.25,1.0,10.357387152777777
5f1dc28029d2c244352a68107ec2b542,62,2807.3,35.991025641025644,4.428571428571429,10,1.6153846153846154,SP,18,155.9611111111111,0.8327552207498586,0.07692307692307693,0.9230769230769231,9.357083481718897
5f2684dab12e59f83bef73ae57724e45,68,9000.87,121.6333783783784,3.77027027027027,5,3.0135135135135136,SP,23,391.3421739130435,0.14315859568642847,0.24324324324324326,0.9452054794520548,10.283961662861492
5f26c1408a65b42a7224cd463bdf3292,10,1139.8,113.97999999999999,4.8,2,1.0,PR,3,379.93333333333334,0.3428166990113178,0.0,1.0,6.427893518518519
5f3ae9136c875522250f8184f253413a,43,1158.0,25.17391304347826,4.5777777777777775,2,1.0,SP,8,144.75,0.5900619916879017,0.021739130434782608,0.9333333333333333,7.676426440329219
5f57db27027655e6c6a391601daa0258,1,98.0,98.0,5.0,1,1.0,ES,1,98.0,0.5412244897959183,0.0,1.0,14.373472222222222
5f5a58930c3c35f3b5af264f34fb8c85,3,560.0,186.66666666666666,5.0,2,1.6666666666666667,SP,2,280.0,0.1301067231321326,0.0,1.0,7.959606481481482
5f5b43b2bffa8656e4bc6efeb13cc649,27,3677.2,126.8,4.448275862068965,4,4.379310344827586,SP,8,459.65,0.19374825298275922,0.06896551724137931,0.9655172413793104,14.025877634099617
5f67c6082caacb26e431a7b17940cece,13,1662.6,118.75714285714285,3.5714285714285716,1,1.0,PR,7,237.5142857142857,0.15803671147408696,0.21428571428571427,0.7142857142857143,22.20229083994709
5f7300535881cef3b625fd683cf7d145,10,665.98,60.54363636363637,4.454545454545454,1,1.0,RS,10,66.598,0.3205356834695225,0.09090909090909091,1.0,9.836594065656566
5fd924b4836098a5be0ecf81ba054ce0,7,1148.8,143.6,4.0,1,3.75,SP,3,382.93333333333334,0.23008689933734325,0.125,1.0,7.734107349537037
602044f2c16190c2c6e45eb35c2e21cb,50,3739.16,65.59929824561404,2.9642857142857144,1,1.0,SP,11,339.9236363636364,0.27961676975590344,0.42105263157894735,0.7636363636363637,15.828208543771044
6025c79c035c3d772133b8b8238463b2,2,989.74,247.435,5.0,1,1.0,PR,2,494.87,0.4003619839232796,0.0,1.0,8.10793113425926
6039e27294dc75811c0d8a39069f52c0,64,13670.7,182.276,3.8266666666666667,3,3.7866666666666666,SP,19,719.5105263157895,0.1940584522631733,0.18666666666666668,0.7432432432432432,17.981014451951953
60562ab00b8054280520d390c8c0045c,17,2943.0,173.11764705882354,4.764705882352941,1,3.1176470588235294,SP,11,267.54545454545456,0.10337905528195247,0.0,1.0,10.181200980392157
6061155addc1e54b4cfb51c1c2a32ad8,28,15633.4,473.73939393939395,4.696969696969697,2,1.4545454545454546,SP,3,5211.133333333333,0.1767899075513265,0.030303030303030304,0.9696969696969697,5.790115740740741
606ce7768feac12c5e8bd58db8b08f0f,5,2916.6,583.3199999999999,4.8,1,1.6,SP,5,583.3199999999999,0.043683839625887275,0.0,1.0,9.72950925925926
609e1a9a6c2539919b8205cf7c4e6ff0,87,6595.23,50.73253846153846,3.598360655737705,3,1.0692307692307692,SC,8,824.40375,0.6006037147800759,0.24615384615384617,0.9769230769230769,10.343952012108263
60ad151920c4f6f3ebbe8cfdf6166779,2,130.0,65.0,1.0,1,3.0,SP,1,130.0,0.15899999999999997,1.0,,
60da8bfa7eebe230b7d66ac4082d79b3,3,86.6,28.866666666666664,4.333333333333333,1,6.0,SP,1,86.6,0.8431679689419628,0.0,0.6666666666666666,7.781188271604939
610f72e407cdd7caaa2f8167b0163fd8,16,13585.16,799.1270588235294,3.7058823529411766,1,2.1176470588235294,SP,5,2717.032,0.06447120559634655,0.29411764705882354,0.8823529411764706,12.596752450980391
612170e34b97004b3ba37eae81836b4c,107,23065.02,209.68200000000002,4.427272727272728,12,2.172727272727273,RS,3,7688.34,0.17151739192671198,0.07272727272727272,0.9818181818181818,10.901777988215487
612a743d294c27884fb7b80d2b19ba35,2,3057.7000000000003,1019.2333333333335,4.333333333333333,2,6.666666666666667,PR,20,152.88500000000002,0.3339604784211761,0.0,1.0,8.214741512345679
615005a3ef192c00c6f0e977cee3d2bc,10,286.5,26.045454545454547,3.909090909090909,1,2.0,SP,5,57.3,0.5530876978006888,0.2727272727272727,0.8181818181818182,13.398623737373738
615c3462099ffa940d37b17dfda19594,2,229.0,114.5,5.0,1,1.0,RJ,2,114.5,0.16597004219409284,0.0,1.0,7.6487442129629635
6179a28a13a726c29b3bf54c070dccab,2,600.0,300.0,3.0,1,5.0,MG,2,300.0,0.14373333333333332,0.5,1.0,25.23008101851852
6187a137b2af59dfdbad8d9f8c373c14,2,74.8,37.4,3.0,1,1.0,SP,3,24.933333333333334,0.4058240156264587,0.5,1.0,13.861290509259259
61b18775be84fb700a6b2d0ba097bf66,4,334.5,66.9,4.6,1,4.8,SP,5,66.9,0.3183792857477853,0.0,1.0,11.869849537037037
61b893c57e33626afb104d4112b1be76,1,74.99,74.99,1.0,1,4.0,MG,1,74.99,0.17468995866115483,1.0,,
61c36f0fc4a47f9532e5512b66668e62,1,750.0,750.0,1.0,1,4.0,SP,1,750.0,0.02358666666666667,1.0,1.0,12.314270833333333
61f159ef6da2d441951d2c0efa719362,3,154.97,51.656666666666666,1.0,3,1.6666666666666667,ES,4,38.7425,0.6089764139032484,1.0,,
620c87c171fb2a6dd6e8bb4dec959fc6,740,114774.5,143.82769423558898,4.214285714285714,2,1.218045112781955,RJ,23,4990.195652173913,0.1859352234603074,0.13533834586466165,0.9048843187660668,12.905887276254404
6219ba2359cfb97f2e38fd4c321eb309,6,487.5,81.25,3.4,1,1.0,SP,10,48.75,0.24954568610202477,0.3333333333333333,0.4,23.707979166666668
6235903333ba7de1928c869e268e5964,1,94.06,94.06,5.0,1,1.0,SC,1,94.06,0.44035721879651285,0.0,1.0,4.974247685185185
623ad9d0c1e14bb5464a8c72bff7b4af,1,95.0,95.0,4.0,0,,MG,1,95.0,0.41010526315789475,0.0,1.0,24.09232638888889
624f4ece8da4aafb77699233d480f8ef,53,9205.0,167.36363636363637,4.185185185185185,2,1.6727272727272726,SP,23,400.2173913043478,0.1881482537680923,0.12727272727272726,0.9259259259259259,13.516612011316873
626ab1cd96932367f0eeec2e47046c12,3,1310.0,436.6666666666667,4.666666666666667,2,6.666666666666667,SP,7,187.14285714285714,0.06823190489885916,0.0,1.0,7.193283179012345
62760d278921b5f352461620d68a9cee,3,397.0,132.33333333333334,3.6666666666666665,1,1.3333333333333333,SP,1,397.0,0.1455069962607651,0.3333333333333333,0.6666666666666666,19.679513888888888
6288c69c4ce638e59925e59193f98b16,22,4506.28,204.83090909090907,3.9545454545454546,4,3.4545454545454546,SP,18,250.34888888888887,0.19253625021970897,0.13636363636363635,0.95,9.613747106481481
62c50c1af4dfdc4149d25c5222043d39,14,2785.7200000000003,146.61684210526317,3.263157894736842,5,1.6842105263157894,SP,12,232.14333333333335,0.1163501619402022,0.42105263157894735,1.0,13.530853077342048
62d977e2b2aee830de3e039a28490d12,2,399.8,199.9,1.0,0,,PR,1,399.8,0.08084042021010505,1.0,,
62de60d81c55c29d76a6bce418b31cef,1,103.0,103.0,4.0,1,6.0,SP,1,103.0,0.231747572815534,0.0,1.0,16.171631944444446
630008e0f062605a415d694489f6f82e,2,105.15,35.050000000000004,3.0,1,1.6666666666666667,SP,1,105.15,0.2880095213778439,0.6666666666666666,1.0,17.05988425925926
63191ead8d3b2f937cd1996fdcbbad20,1,367.0,367.0,5.0,1,1.0,SP,1,367.0,0.14520435967302453,0.0,1.0,11.917349537037037
63272377184e969942f7fff221be858d,2,149.7,74.85,5.0,1,1.0,SP,1,149.7,0.4408502479374402,0.0,1.0,12.299733796296296
6338ea67c41078a46ad99cc009654956,37,2286.09,51.95659090909091,4.609756097560975,1,1.2045454545454546,RS,19,120.32052631578948,0.8006999844053162,0.045454545454545456,1.0,13.200010258838383
633ecdf879b94b5337cca303328e4a25,6,1037.6000000000001,172.93333333333337,1.8,1,5.333333333333333,SP,1,1037.6000000000001,0.10194390765700652,0.6666666666666666,0.3333333333333333,25.722860725308646
634964b17796e64304cadf1ad3050fb7,268,39465.1,121.0585889570552,3.8584615384615386,11,1.9325153374233128,RJ,10,3946.5099999999998,0.17912807060441885,0.19325153374233128,0.9040247678018576,14.50425538929022
63704069d9bd3a75c1cf59babe56004a,1,59.3,59.3,1.0,1,6.0,SP,1,59.3,0.12462057335581787,1.0,0.0,18.27550925925926
638cba8be1fb599bbb76fd6948351eb3,17,598.1999999999999,23.007692307692306,4.615384615384615,2,1.0,SP,5,119.63999999999999,0.5802329870788507,0.038461538461538464,1.0,8.502627314814815
63a79f5a7eb5cb48a7e5787b141c7993,11,815.1,74.10000000000001,4.545454545454546,2,2.6363636363636362,MG,4,203.775,0.32190357642513273,0.0,1.0,6.365419823232323
63b464dbf392c7b80d12d932fa7cafed,37,6781.0,173.87179487179486,3.6923076923076925,1,3.0,SP,12,565.0833333333334,0.12978785656556693,0.20512820512820512,0.9473684210526315,13.191747380604289
63b9ae557efed31d1f7687917d248a8d,5,139.5,19.928571428571427,4.428571428571429,2,2.142857142857143,SP,5,27.9,0.9470463545630686,0.14285714285714285,1.0,16.394758597883598
63bc58679c44e8a998792119fd7ad23e,1,19.9,19.9,1.0,1,1.0,SP,1,19.9,0.7090452261306532,1.0,,
63ffcb71394dd8ea3872ed9ffda17c74,17,399.0,23.470588235294116,3.176470588235294,1,1.0,RJ,6,66.5,0.7117708569686088,0.29411764705882354,0.9411764705882353,13.25094566993464
640e21a7d01df7614a3b4923e990d40c,116,7598.88,55.46627737226277,4.262773722627737,1,1.8686131386861313,SP,6,1266.48,0.34402125435646813,0.08759124087591241,0.9338235294117647,10.44772314133987
6426d21aca402a131fc0a5d0960a3c90,23,1209.64,52.593043478260874,4.173913043478261,4,1.4782608695652173,SP,6,201.60666666666668,0.3690497707395707,0.08695652173913043,0.9565217391304348,10.963011272141706
643214e62b870443ccbe55ab29a4dccf,66,3270.13,48.09014705882353,4.426470588235294,2,3.8088235294117645,SP,12,272.5108333333333,0.4202192884769934,0.04411764705882353,0.8636363636363636,9.536554257856341
643c01d7c56a724bec0454f4780e8a3e,2,205.55,102.775,4.5,1,6.0,SC,2,102.775,0.29747720493506635,0.0,1.0,9.720231481481482
6481e96574816ead57975da2c0f6d80d,32,3324.9,77.3232558139535,4.1395348837209305,5,1.5116279069767442,SP,8,415.6125,0.504029815591308,0.09302325581395349,0.9767441860465116,7.341070467269596
64b87978a11c1ea7501a89eabe8c2c1a,7,489.92999999999995,69.99,2.0,1,1.0,SP,2,244.96499999999997,0.20798889637295126,0.7142857142857143,,
64c9a1db4e73e19aaafd3286dc448c96,1,439.0,439.0,5.0,1,3.0,PR,1,439.0,0.09931662870159454,0.0,1.0,9.469189814814815
64cc804291f90c81f02bfc2bb58ff55a,2,517.6,258.8,5.0,1,3.0,PR,4,129.4,0.19590405179549497,0.0,1.0,14.760040509259259
651530bf5c607240ccdd89a30c9c9712,1,199.9,199.9,4.0,1,3.0,BA,1,199.9,0.12281140570285143,0.0,1.0,11.76519675925926
651fe66032c9520ee5587f694908040d,7,464.0,66.28571428571429,4.0,2,4.428571428571429,RS,2,232.0,0.33574178186762726,0.14285714285714285,1.0,6.706140873015873
6524b847b982cd56bb5d4b02b776ee42,1,779.8,389.9,4.0,1,4.0,SP,1,779.8,0.07071043857399334,0.0,0.0,42.330416666666665
6548c2550b6e2d8f18053216e1c7b6f3,3,217.7,43.54,5.0,1,3.6,SP,3,72.56666666666666,0.5672937277382863,0.0,1.0,6.334023148148148
655220df33262c7e0c4949a147366f94,13,2245.0,149.66666666666666,4.2,2,2.8,SP,5,449.0,0.30399600613267036,0.13333333333333333,0.8666666666666667,12.130904320987655
6560211a19b47992c3666cc44a7e94c0,1854,123304.83,60.65166256763404,3.908142999006951,7,4.289719626168225,SP,19,6489.727894736842,0.2714989263582629,0.17707820954254797,0.9378757515030061,9.539485927874267
6561d6bf844e464b4019442692b40e02,1,41.9,41.9,5.0,1,2.0,SP,1,41.9,0.1801909307875895,0.0,1.0,1.434201388888889
6562efe88ce0826a4ca4f189f03b4b84,9,1135.8999999999999,54.09047619047618,4.0476190476190474,1,1.7142857142857142,PR,11,103.26363636363635,0.26851100752967105,0.047619047619047616,0.9,15.599655671296295
656591be56071d4c9ef4e5fee78a578a,7,1702.0,154.72727272727272,4.636363636363637,1,1.3636363636363635,SP,3,567.3333333333334,0.2582767172645228,0.0,0.7272727272727273,14.31607218013468
6576fd3e23c88f0e5d4d23f39bba0542,1,14.5,14.5,1.0,1,1.0,SP,1,14.5,0.7558620689655173,1.0,,
657969cca82e884d272385ec0ef06edd,3,139.70000000000002,46.56666666666667,4.666666666666667,1,2.3333333333333335,RS,3,46.56666666666667,0.40225482439779575,0.0,1.0,8.105501543209877
659e8466eb3ff1b0e8740d74fb7bbedd,11,1486.8,106.2,4.5,1,1.5,BA,13,114.36923076923077,0.28997327757864316,0.07142857142857142,1.0,9.770508432539682
65a7c0788e4d632ccb5e1b594b87f0bb,3,266.7,29.633333333333333,4.111111111111111,1,1.0,SP,5,53.339999999999996,0.585932592300626,0.0,1.0,11.43482896090535
65b081a070633e057c462abdd6fb9dd8,19,1885.09,94.2545,4.35,1,1.65,GO,8,235.63625,0.3040782012157718,0.1,1.0,11.784479166666667
65c255b299faf2d12050937cc219c46c,2,88.2,44.1,4.5,1,1.0,SP,2,44.1,0.24807256235827663,0.0,1.0,7.089606481481482
65febd49fd28ec955651299159b1f527,35,4319.7,107.99249999999999,4.225,1,2.775,SP,5,863.9399999999999,0.3088784637495697,0.15,0.9473684210526315,7.134858979044833
6601ee6383e7f452be71929f8de48bbb,2,153.6,76.8,4.0,1,1.0,SP,2,76.8,0.21090525751651987,0.0,1.0,14.825185185185186
6614814a00d344b846ae209f95ee7e3f,1,13.0,13.0,1.0,1,1.0,SP,1,13.0,0.9761538461538461,1.0,1.0,4.7878125
661ad5fcc28cdfb8bcadb12bb2272475,4,209.92999999999998,29.99,5.0,1,1.0,SC,7,29.99,0.570571142761873,0.0,1.0,13.143630952380951
6624bc09786f0e41ae48dfc5eeb1a9e2,1,89.54,89.54,5.0,1,2.0,MG,1,89.54,0.19510833147196782,0.0,1.0,15.795405092592592
6650fcccd8cd2f7e55ffa524f30c4c59,3,529.7,176.5666666666667,2.6666666666666665,1,1.6666666666666667,SP,3,176.5666666666667,0.2971192661001665,0.6666666666666666,1.0,8.132112268518519
666658b8da8370f30e1f89893b1de5e6,1,298.0,149.0,5.0,1,1.0,SP,1,298.0,0.07832214765100672,0.0,,
668bf321538e5072858eaef6087ce027,1,19.9,19.9,5.0,1,2.0,PR,1,19.9,0.40753768844221105,0.0,1.0,4.473495370370371
66922902710d126a0e7d26b0e3805106,151,14362.3,92.06602564102563,4.451612903225806,1,4.108974358974359,MG,16,897.64375,0.25152337557735815,0.0641025641025641,0.9290322580645162,11.38841696535245
669ae81880e08f269a64487cfb287169,162,13248.87,71.23048387096775,4.135135135135135,3,1.0,SC,20,662.4435000000001,0.31777757922979954,0.13978494623655913,0.9621621621621622,11.98548385885886
66d5ae34537110d3affc56174dad2b2f,1,33.81,11.270000000000001,1.0,1,1.0,SP,1,33.81,1.1348713398402839,1.0,,
66dc1b1632bd6a3e508510c5b3492107,37,3721.39,88.60452380952381,3.4285714285714284,7,4.071428571428571,SP,14,265.81357142857144,0.26444328078276386,0.30952380952380953,0.975609756097561,10.43919320234869
66e0557ecc2b4dbea057e93f215f68d8,31,12480.0,402.5806451612903,3.935483870967742,1,1.967741935483871,SP,10,1248.0,0.03998797947046413,0.16129032258064516,0.7333333333333333,31.725889660493827
66fd84ee7528c0c0de85d0f44a73d5ab,11,1438.11,68.48142857142857,2.9047619047619047,1,1.0,RS,5,287.62199999999996,0.4695355003756133,0.38095238095238093,0.9523809523809523,14.563925264550264
670a9dda115b5a88b18cfadee8de2332,11,918.9000000000001,83.53636363636365,4.454545454545454,3,2.090909090909091,SP,13,70.6846153846154,0.20668478450483715,0.0,1.0,12.298190235690235
670c26e0f1bf8d0576271d5cfaec6d2b,78,6341.6,72.89195402298851,4.310344827586207,2,1.0229885057471264,PR,10,634.1600000000001,0.3103826521686289,0.08045977011494253,0.9534883720930233,13.737166639750216
671585f5a2af58b6e276bc01003c0d2b,27,1244.0,46.074074074074076,4.703703703703703,1,2.962962962962963,PR,2,622.0,0.41083734107241576,0.037037037037037035,1.0,5.58787122770919
67225bff54a172ff67579aaf583efd78,8,1238.0,154.75,4.5,1,3.375,PA,6,206.33333333333334,0.2933378269821308,0.0,0.875,13.427086226851852
674207551483fec113276b67b0d871ff,1,119.9,119.9,5.0,1,3.0,SP,1,119.9,0.11626355296080065,0.0,1.0,1.869537037037037
6750d71153f00fc58829af2a8ef1bcf1,6,3514.0,585.6666666666666,4.166666666666667,1,1.8333333333333333,RJ,6,585.6666666666666,0.11697201142250162,0.16666666666666666,1.0,9.518886959876545
67883baaae6134ee81b271a542613728,19,8167.9,429.8894736842105,4.105263157894737,2,1.2105263157894737,SP,2,4083.95,0.05815900118473508,0.10526315789473684,0.8421052631578947,5.838590399610137
679769a98cfcc6da877c8486ff1c13f3,21,7029.0,334.7142857142857,4.571428571428571,1,6.619047619047619,MG,18,390.5,0.06432668870344353,0.047619047619047616,1.0,9.536956018518518
67bf6941ba2f1fa1d02c375766bc3e53,16,5610.0,255.0,4.0,3,2.0454545454545454,PR,12,467.5,0.24529372015045042,0.13636363636363635,0.9,11.918202546296296
67e43d802fde8cfd3f9580124f8167d1,2,36.0,12.0,1.0,1,2.0,SP,1,36.0,1.1766666666666665,1.0,,
6806dad1da97bfb5a9038eac6881f706,10,1477.0,105.5,3.9642857142857144,4,2.7142857142857144,PR,9,164.11111111111111,0.40464484126984124,0.07142857142857142,0.9285714285714286,13.39661789021164
681fce914360217db47784ae28905a96,23,4127.33,171.97208333333333,3.869565217391304,3,1.0833333333333333,PR,10,412.733,0.16544998915701759,0.25,0.875,12.736270736882716
6824a69c9ea0313eba299dd4a2dba09a,6,666.9,95.27142857142857,4.714285714285714,3,1.2857142857142858,MG,2,333.45,0.1978816029603821,0.0,1.0,4.540830026455027
685b870da5b52a710782c9c0fefbeb5b,2,627.0,313.5,2.0,1,1.0,SP,4,156.75,0.22852863032524048,0.5,0.0,39.61394675925926
6860153b69cc696d5dcfe1cdaaafcf62,74,3827.63,45.56702380952381,4.156626506024097,3,2.642857142857143,SP,10,382.76300000000003,0.4620771892765371,0.14285714285714285,0.9166666666666666,10.229695491622575
6861de0f40cacb0602e473c51639f980,5,674.0,84.25,2.625,1,1.875,PR,9,74.88888888888889,0.7027487975951904,0.5,0.875,13.679958043981483
686886775c8f6b1191c7b953fb52708c,1,189.0,189.0,5.0,1,4.0,SP,1,189.0,0.07206349206349207,0.0,1.0,3.546076388888889
6879c4d287a8dd06b11f54ea8f78e4da,6,527.67,87.945,4.333333333333333,3,1.6666666666666667,SP,3,175.89,0.3088380307678967,0.16666666666666666,1.0,6.816903935185185
688756f717c462a206ad854c5027a64a,83,5966.54,59.074653465346536,3.7755102040816326,5,2.237623762376238,SP,5,1193.308,0.41431196586732444,0.18811881188118812,0.9090909090909091,10.765330387205386
68ca56ce86830f3d31b1b7ec6a54da3e,6,719.59,119.93166666666667,3.8333333333333335,4,2.1666666666666665,PR,2,359.795,0.2623342454520416,0.16666666666666666,1.0,4.891428240740741
68f86ba270525243e68ae74044f992b9,11,876.5,73.04166666666667,4.25,1,1.0,RJ,13,67.42307692307692,0.26195366372213785,0.0,0.9090909090909091,10.538973063973064
6902157ee16728322d61a1321fa79e58,2,159.8,79.9,3.0,1,1.0,SP,2,79.9,0.19793491864831037,0.5,1.0,10.457511574074074
693660429f9dc4ff704eb3d88dad54d7,2,124.0,62.0,4.0,1,2.0,SP,1,124.0,0.19451612903225807,0.0,1.0,3.5799305555555554
695051e2981c8b19e77cafe450d5bdf3,1,169.76,169.76,5.0,0,,SP,1,169.76,0.07475259189443921,0.0,1.0,20.190590277777776
6973a06f484aacf400ece213dbf3d946,95,11011.05,95.74826086956521,3.526315789473684,1,1.0,SP,7,1573.0071428571428,0.13023249617932917,0.2782608695652174,0.8333333333333334,14.988384880829903
698624c6632eeba1774924dbea24c700,1,19.9,19.9,5.0,0,,SP,1,19.9,0.7653266331658293,0.0,1.0,6.968645833333333
6989574bd97d9773f10d232b6c07da59,7,2478.3999999999996,354.0571428571428,4.857142857142857,2,2.7142857142857144,PR,17,145.7882352941176,0.13397344451223797,0.0,1.0,10.962650462962964
698f5fa55a5f73d0740e9d9a773e8093,4,120.0,20.0,4.833333333333333,1,1.0,RJ,1,120.0,0.9940833333333333,0.0,1.0,5.899454089506173
69a43819c758c65a5befb0b471c954d7,2,299.85,99.95,4.0,1,4.0,PR,4,74.9625,0.33653493413373353,0.0,1.0,14.641141975308642
69b5eaa096c3f9d1e5c398c597f567d6,2,938.0,469.0,5.0,1,2.0,SP,1,938.0,0.05226012793176973,0.0,1.0,6.57519675925926
6a0cbc8af2e8abd1bdfb777943d174c6,35,3894.05,111.25857142857143,4.0588235294117645,2,3.0,SP,15,259.60333333333335,0.1933582420760595,0.11428571428571428,0.9117647058823529,15.508637322984749
6a3139c7bf09ece22a4713d956acbe5e,1,61.9,61.9,5.0,1,2.0,SP,1,61.9,0.2381260096930533,0.0,1.0,3.8735185185185186
6a38087bc8ad4f89ff453561005f6dea,15,1833.43,83.33772727272728,4.409090909090909,2,3.772727272727273,GO,4,458.3575,0.374757716131986,0.0,1.0,11.966243686868687
6a51fc556dab5f766ced6fbc860bc613,26,7577.67,229.62636363636364,3.9393939393939394,5,1.0,SP,17,445.74529411764706,0.11145393530200252,0.18181818181818182,0.9354838709677419,15.20258064516129
6a53b90c3ad9e0b56d9fe5c69165fff5,2,139.78,34.945,3.5,2,3.5,PR,4,34.945,0.4145312636278059,0.0,1.0,11.870266203703704
6a8a889bde935bafa76d7848782dfaf9,26,860.8199999999999,28.694,3.933333333333333,2,1.0,SP,4,215.20499999999998,0.4355478011428517,0.13333333333333333,0.9333333333333333,7.555369212962963
6a8b085f816a1f75f92dbac6eb545f8f,127,6018.97,44.58496296296296,4.12962962962963,1,3.325925925925926,SP,14,429.9264285714286,0.5273618977180626,0.1111111111111111,0.9097744360902256,14.367179493873573
6aa3928696eab49a19a466e665a649fd,18,2075.0,94.31818181818181,4.545454545454546,1,1.0909090909090908,RJ,6,345.8333333333333,0.20766125664417776,0.09090909090909091,0.9545454545454546,8.24293507996633
6b15924333bd1a741595fe981ea04822,21,614.3199999999999,29.25333333333333,4.666666666666667,1,1.0,SP,6,102.38666666666666,0.41162829385735206,0.0,0.9047619047619048,7.780927579365079
6b1c4d4d9ccf0be3d8544eb0e71e5318,1,1699.0,1699.0,5.0,1,1.0,RS,1,1699.0,0.035338434373160685,0.0,1.0,12.218310185185185
6b243f80ed07b10f0e8aa0f21a205f3c,79,6260.1,70.33820224719102,4.022471910112359,1,1.0,PR,14,447.15000000000003,0.29835759637526305,0.16853932584269662,0.9662921348314607,11.021512432376197
6b2612338467c08c9b25f0cc55b1578d,1,92.9,92.9,4.0,1,1.0,PR,1,92.9,0.22572658772874055,0.0,1.0,16.55759259259259
6b333a05bf188ef3e1f1662a86bd9855,12,3990.91,306.9930769230769,4.384615384615385,6,3.5384615384615383,DF,8,498.86375,0.24400784833536862,0.07692307692307693,0.9230769230769231,10.187579237891738
6b3bd31ad8fcda4b2635ec9f3ff2ecdf,36,4198.9,97.64883720930231,3.86046511627907,2,1.0,RJ,6,699.8166666666666,0.2025660945922454,0.23255813953488372,0.9047619047619048,12.867135141093476
6b536a23086fba0d58c08d68814397f6,19,2068.8,89.94782608695652,3.9130434782608696,2,1.565217391304348,RJ,10,206.88000000000002,0.23143365243576405,0.21739130434782608,0.9090909090909091,14.15708122895623
6b803197e03abd5056b4313306b4f29d,7,407.0,33.916666666666664,4.833333333333333,2,1.0,SP,7,58.142857142857146,0.31237549230218403,0.0,1.0,4.875554591049383
6b89abe95848c850399130d149a39b63,8,1135.2,141.9,4.375,0,,GO,3,378.40000000000003,0.29524587506285477,0.125,1.0,11.262706886574074
6b90f847357d8981edd79a1eb1bf0acb,45,3322.08,70.68255319148936,4.361702127659575,6,1.7659574468085106,SP,3,1107.36,0.31359145242425246,0.06382978723404255,0.9574468085106383,5.477807821118992
6b9b80d53ba3676eafe60268a810b5a1,10,882.7,88.27000000000001,3.9,1,8.7,SP,7,126.10000000000001,0.22480362708038606,0.2,1.0,12.04213220164609
6ba4733aa33f6386e9fb0c0fd3993b38,3,149.79,49.93,4.666666666666667,1,5.0,RS,5,29.958,0.40302460499569,0.0,1.0,12.429888117283951
6bb0724edf0b62fb91ac404873a97241,17,3653.0,202.94444444444446,4.5,1,2.7777777777777777,SP,15,243.53333333333333,0.2141785200727241,0.05555555555555555,0.8333333333333334,14.054401363168724
6bb62a4912377c7bfe7cb17b406bc7e6,4,739.52,123.25333333333333,4.5,3,1.1666666666666667,SP,2,369.76,0.25712465989036765,0.16666666666666666,1.0,5.126489197530864
6bb66d9870c2e01c05655c7ed0e7ee13,3,269.0,89.66666666666667,3.6666666666666665,0,,SP,1,269.0,0.19348115165640475,0.3333333333333333,1.0,8.319984567901235
6bbcb8924baf70b7fe2fe2097e8cd407,10,2382.5,216.5909090909091,4.545454545454546,2,1.0909090909090908,SC,10,238.25,0.19894732012888214,0.09090909090909091,1.0,11.510225168350168
6bcb2352a2a0c38b845f598298ab9d26,2,31.8,15.9,3.0,1,2.0,PR,4,7.95,0.8672955974842768,0.5,1.0,11.037233796296297
6bd503a8230299c9316fb0f726933927,4,324.28999999999996,64.85799999999999,4.6,2,1.0,GO,2,162.14499999999998,0.39375035360587496,0.0,0.8,10.058101851851852
6bd69102ab48df500790a8cecfc285c2,5,8070.0,1614.0,3.0,1,1.0,SP,12,672.5,0.0277446287458245,0.6,0.8,16.254462962962965
6bef34c5be6f2bbd70aa5165f6df94b1,2,1198.0,599.0,2.0,1,3.0,SC,1,1198.0,0.11091819699499166,0.5,1.0,16.186406249999997
6c12e40690c335dbc2f68a4134d30dc1,16,9139.2,507.73333333333335,4.0625,3,4.111111111111111,PR,19,481.0105263157895,0.24008248632020113,0.1111111111111111,1.0,14.084675925925927
6c177e38df6d3f34182b1f1d427231bf,55,8341.89,148.9623214285714,4.035714285714286,6,1.9464285714285714,PR,19,439.0468421052631,0.1417146595763967,0.16071428571428573,0.9629629629629629,14.304833033264746
6c17baf138731a4aaacc3210adf2037b,4,538.8,107.75999999999999,5.0,1,2.0,SP,1,538.8,0.18207113106334508,0.0,1.0,7.580141203703704
6c1b6d0c604b776f844125f911eb7377,5,443.06,88.612,3.4,3,1.0,SP,2,221.53,0.2856156018362796,0.2,1.0,17.514010416666668
6c6cc59a5c00cacc5054ca06d65cc282,1,1107.0,1107.0,5.0,1,4.0,RS,1,1107.0,0.13433604336043362,0.0,1.0,9.252847222222222
6c6e3d67f969468f3bfd33f827a31222,5,224.0,37.333333333333336,4.833333333333333,1,1.6666666666666667,PR,6,37.333333333333336,0.4958251941457587,0.0,1.0,9.219967206790123
6c77cd583b36a13aacccf2b3ee23e233,1,18.9,18.9,5.0,1,6.0,SP,1,18.9,0.6767195767195767,0.0,1.0,6.026678240740741
6c7d50c24b3ccd2fd83b44d8bb34e073,114,8699.34,67.96359375,4.3858267716535435,2,6.625,SP,14,621.3814285714286,0.37243890503656557,0.0703125,0.9841269841269841,12.137579824368018
6c9875b2f94ba781186f0c1aed8d1687,2,25.0,6.25,5.0,1,1.75,SP,4,6.25,1.5690559440559442,0.0,1.0,3.681603009259259
6c99c983ce3b6ba0ab813e6790e81691,9,546.75,60.75,3.7777777777777777,2,1.1111111111111112,MG,4,136.6875,0.5771166646632919,0.2222222222222222,1.0,6.133632973251029
6cd68b3ed6d59aaa9fece558ad360c0a,149,11188.57,71.26477707006369,4.445859872611465,4,1.0068493150684932,MG,16,699.285625,0.26705666802382877,0.03821656050955414,0.9808917197452229,10.455253007784854
6cf476a4ca74498db55cbccdaa9dcfb6,6,939.9300000000001,134.2757142857143,2.7142857142857144,2,2.7142857142857144,SP,8,117.49125000000001,0.4482475618483459,0.5714285714285714,0.5,34.391466049382714
6d04126aba80df143fd038e711b8fd96,1,89.99,89.99,1.0,1,1.0,RJ,1,89.99,0.209689965551728,1.0,0.0,37.079166666666666
6d1b9c9579132c87d2703ec38c30f2c5,4,299.69,74.9225,4.5,2,2.25,PR,6,49.94833333333333,0.23596150195308993,0.0,1.0,9.304976851851853
6d22a1fcebb6dd08c9cd90b92a93e8d0,12,723.7,55.66923076923077,4.3076923076923075,2,1.0,SC,6,120.61666666666667,0.37263657455760973,0.07692307692307693,1.0,15.908391203703703
6d2f2e3b539480db1e0842b3a4e32e6e,3,305.96,50.99333333333333,4.333333333333333,1,1.0,SP,1,305.96,0.5042670612370873,0.16666666666666666,1.0,5.595298996913581
6d66611d7c44cc30ce351abc49a68421,166,13593.4,77.23522727272727,3.913793103448276,6,5.5227272727272725,SP,19,715.4421052631578,0.2835830826093852,0.16477272727272727,0.9310344827586207,12.124869425819497
6d7f8d9d594e28796b6b3205b00f459c,3,417.9,139.29999999999998,3.6666666666666665,1,1.6666666666666667,PR,3,139.29999999999998,0.1461381321445115,0.3333333333333333,1.0,15.28804012345679
6d803cb79cc31c41c4c789a75933b3c7,58,8711.4,131.9909090909091,4.28030303030303,1,1.0,SP,12,725.9499999999999,0.17532344146913711,0.07575757575757576,0.9393939393939394,12.888389099326599
6d988d6174a2c27441597174f8905515,19,371.73,16.16217391304348,4.260869565217392,2,1.0,PR,17,21.866470588235295,1.0463823032369164,0.13043478260869565,0.9130434782608695,19.25952445652174
6da1992f915d77be95d7fa48b36904af,7,261.0,29.0,3.6666666666666665,0,,SP,5,52.2,0.46996168582375475,0.2222222222222222,1.0,8.837852366255143
6dc9bec584588412a6a338830946a3e4,2,560.0,280.0,1.5,1,1.0,SP,1,560.0,0.1925535714285714,1.0,1.0,21.719467592592594
6dd7dce75cd55c1ce255dc38d9f0cd46,1,75.0,75.0,4.0,1,2.0,SC,1,75.0,0.2844,0.0,1.0,12.228090277777778
6ddc28b61be28373b4503a1f61cf98a9,11,1732.9,157.53636363636363,4.181818181818182,2,1.1818181818181819,SP,3,577.6333333333333,0.10983096625950538,0.09090909090909091,0.9090909090909091,6.850078914141414
6df688df543f90e9b38f4319e75a9d88,40,1949.96,34.82071428571429,4.517857142857143,1,1.2244897959183674,MG,11,177.26909090909092,0.6614088984696609,0.03571428571428571,1.0,8.288001683501683
6e0908ef4d4efadbc3cc2b74ea477cb0,8,589.4499999999999,53.58636363636363,4.090909090909091,1,6.571428571428571,RJ,8,73.68124999999999,0.3032610531617934,0.18181818181818182,0.9090909090909091,11.283656355218854
6e13dd869aa7185f601c941423abcc8f,5,522.0,87.0,4.833333333333333,1,1.0,SP,4,130.5,0.14523962450592884,0.0,1.0,4.413994984567901
6e1862e15f33d9994bc25922a85e1efc,8,732.49,52.32071428571429,4.666666666666667,2,3.0,SP,3,244.16333333333333,0.26751572169172755,0.07142857142857142,1.0,3.6328163580246913
6e2d3e2dc84fb30f6078f39dd3bddd6f,1,219.0,219.0,1.0,1,1.0,PR,1,219.0,0.07433789954337901,1.0,,
6e386f64c84e482f0b9abf960797ee1b,30,12938.3,431.27666666666664,4.607142857142857,1,3.0,SP,6,2156.383333333333,0.05933635911992375,0.03333333333333333,0.896551724137931,10.478848978288635
6e4a902d1054e4e17aa6eab87fac1c75,7,586.57,73.32125,4.25,3,1.0,SP,1,586.57,0.19175260516737885,0.125,0.75,6.364619502314815
6e4f5ff6b086632ba8dcb558fb10249e,5,838.9,167.78,3.4,3,1.8,RS,6,139.81666666666666,0.27826602737068945,0.4,1.0,10.725724537037037
6e85dc5ecd97a61094b89b046a509d8e,1,169.9,169.9,1.0,1,5.0,SP,1,169.9,0.07469099470276633,1.0,,
6e864f5c4669eff3d98140a07cc50202,13,740.59,56.96846153846154,4.461538461538462,3,2.4615384615384617,SP,10,74.059,0.41539239267792855,0.07692307692307693,0.9230769230769231,9.844045584045585
6eb94e1466490d327a09abf8f3552a50,10,1511.95,151.195,4.444444444444445,2,1.0,SP,5,302.39,0.160678809845025,0.1,0.8888888888888888,8.174558899176954
6ebf4eceee4dd9847201c82e77ef8123,1,59.9,59.9,5.0,1,1.0,RJ,1,59.9,0.369449081803005,0.0,1.0,15.017141203703703
6ec1a01e866584bb679eb9b098345919,31,4248.91,132.7784375,4.133333333333334,2,1.46875,SP,14,303.49357142857144,0.24031902349789558,0.15625,0.7741935483870968,14.619209976105138
6edacfd9f9074789dad6d62ba7950b9c,208,13147.1,60.032420091324205,4.36697247706422,15,3.2511415525114153,SP,20,657.355,0.27548023912298564,0.091324200913242,0.9444444444444444,9.054125085733883
6ee85be3693ed79a8e80718743d80655,9,484.5,37.26923076923077,1.9230769230769231,2,1.0,SP,5,96.9,0.3840529151516624,0.7692307692307693,0.6,29.121037037037034
6eeed17989b0ae47c9f11ece6f38ea90,3,557.0,185.66666666666666,3.6666666666666665,1,2.6666666666666665,SP,2,278.5,0.1699787533867946,0.3333333333333333,1.0,6.500030864197531
6f1a1263039c76e68f40a8e536b1da6a,4,256.39,36.62714285714286,2.142857142857143,1,1.0,SP,5,51.278,0.39408240258191224,0.42857142857142855,0.8,25.07654861111111
6f229cc508fc6915ed5c499efd93baa4,13,2654.8,189.62857142857143,4.428571428571429,1,1.7857142857142858,RJ,13,204.21538461538464,0.13600433502308945,0.14285714285714285,0.8571428571428571,9.361559193121693
6f835fd4be26989b1b064399da346143,2,197.8,98.9,5.0,1,2.0,PR,2,98.9,0.15900757754690337,0.0,1.0,6.953078703703703
6f83d9e4da896daae20b9b6b2d3ff8d2,11,765.19,69.56272727272727,4.363636363636363,1,1.5555555555555556,PR,5,153.038,0.29997732056032744,0.09090909090909091,1.0,15.023242845117846
6f892e20a171e98efe17fdb971ff319b,44,6438.700000000001,121.48490566037738,3.730769230769231,3,3.207547169811321,SP,6,1073.1166666666668,0.1733614504711218,0.22641509433962265,0.92,16.756710648148147
6fa9202c10491e472dffd59a3e82b2a3,3,7014.24,2338.08,4.333333333333333,1,4.0,SP,2,3507.12,0.13187601222655626,0.0,1.0,8.464201388888888
6fc26fe110feebd80a433e1f012a84f9,35,4150.87,57.65097222222222,4.014705882352941,1,1.2222222222222223,SP,20,207.5435,0.23808067217201767,0.125,0.9305555555555556,11.437567354681072
6fd52c528dcb38be2eea044946b811f8,67,7743.0199999999995,92.17880952380952,3.5,1,1.9166666666666667,SP,13,595.6169230769231,0.16805233981152098,0.3333333333333333,0.8928571428571429,21.193753031305114
7008613ea464bad5cb9b83456e1e6a8f,127,7777.0,49.8525641025641,4.27741935483871,1,2.4743589743589745,SC,23,338.1304347826087,0.4784095936465519,0.07692307692307693,0.9605263157894737,14.095737771076998
700f03c207639c22d933381ff60b35c2,4,1189.8600000000001,297.46500000000003,4.0,1,4.75,SP,14,84.99000000000001,0.10633165123959568,0.25,0.5,29.76735821759259
70125af26c2d6d4ef401a1d02ae7701f,5,371.2,46.4,4.625,1,2.25,GO,2,185.6,0.6343784617225686,0.0,0.5,10.389732349537036
70126eecc6aa1274392a1743866e9678,3,97.39999999999999,32.46666666666666,5.0,2,2.6666666666666665,SP,2,48.699999999999996,0.46770627234544765,0.0,1.0,5.5894405864197525
701938c450705b8ae65fc923b70f35c7,75,11983.28,106.99357142857143,3.765765765765766,2,2.4642857142857144,SP,16,748.955,0.31799523043698263,0.17857142857142858,0.9459459459459459,12.521549674674674
702835e4b785b67a084280efca355756,1,7.6,7.6,5.0,0,,MG,1,7.6,1.442105263157895,0.0,1.0,1.8040393518518518
7040e82f899a04d1b434b795a43b4617,212,9738.2,42.71140350877193,3.528888888888889,10,1.513157894736842,SP,12,811.5166666666668,0.6023490511495283,0.2894736842105263,0.9103139013452914,10.244739972595914
70849ca4f400aaabb62cb7462a6f1428,12,909.58,75.79833333333333,4.416666666666667,5,1.6666666666666667,MG,9,101.06444444444445,0.3885097975538739,0.08333333333333333,0.8333333333333334,10.915981867283952
709e16e2b25c7474d980076c6bfc4806,60,5151.9,64.39874999999999,4.525,5,1.25,SP,11,468.3545454545454,0.32565372770481316,0.0125,0.975,10.457269965277778
70a12e78e608ac31179aea7f8422044b,315,30858.53,94.08088414634146,3.7699386503067487,15,2.4939024390243905,SP,20,1542.9265,0.2876873079190404,0.21036585365853658,0.891640866873065,14.695408819229447
70b52a4cfc823994561b00bad161b4ed,8,585.0,58.5,4.5,1,3.0,SP,18,32.5,0.17153846153846156,0.0,1.0,12.360554398148148
70bf57d811208f8923b41bbd499a67a4,7,780.8000000000001,111.54285714285716,4.142857142857143,2,1.8571428571428572,SP,3,260.2666666666667,0.12280091041890906,0.14285714285714285,1.0,4.817481812169312
70c0fda4c313d87115644d39e62eec60,1,25.99,25.99,5.0,1,2.0,PE,1,25.99,1.42708734128511,0.0,1.0,9.881921296296296
70c27847eca8195c983ed7e798c56743,77,12077.52,123.24000000000001,4.204081632653061,1,1.1224489795918366,RJ,5,2415.504,0.13385504310366406,0.1836734693877551,0.9081632653061225,10.848642172146636
70c4eedec9cb4a85cda2f3f9673557b4,2,479.8,239.9,5.0,1,5.0,SP,3,159.93333333333334,0.06825760733639016,0.0,1.0,7.002696759259259
70ee69419916dc13e3aed619061f996c,1,45.0,45.0,3.0,1,2.0,SP,1,45.0,0.1937777777777778,0.0,1.0,14.4346875
70eea00b476a314817cefde4aad4f89a,108,31994.649999999998,280.6548245614035,4.348214285714286,6,4.2894736842105265,SP,19,1683.928947368421,0.15178041802624714,0.08771929824561403,0.9285714285714286,13.332505373677249
70f7e8018e3d46c748c92f026aa2585a,1,239.8,119.9,5.0,1,1.0,SP,1,239.8,0.1579649708090075,0.0,1.0,7.02681712962963
70f84699be677ec988d1fa824aef7d90,5,1588.3,317.65999999999997,4.6,1,4.6,MG,16,99.26875,0.077927606962261,0.0,1.0,17.529266203703706
71039d19d4303bf9054d69e9a9236699,35,3537.2,93.08421052631579,3.6842105263157894,3,3.789473684210526,SP,11,321.56363636363636,0.33485961166921807,0.23684210526315788,0.7368421052631579,13.388712536549708
710e3548e02bc1d2831dfc4f1b5b14d4,136,23979.11,168.86697183098593,3.397163120567376,9,2.3450704225352115,PR,23,1042.57,0.24527706508146913,0.31690140845070425,0.9562043795620438,14.306008972019464
71271995e85f5b8530be99ed54a91b89,8,776.0,97.0,2.5,1,4.0,RS,9,86.22222222222223,0.15570876288659793,0.5,0.8333333333333334,12.30955825617284
712e6ed8aa4aa1fa65dab41fed5737e4,79,39815.0,457.64367816091954,3.453488372093023,1,2.6666666666666665,SC,16,2488.4375,0.2143705353880802,0.3333333333333333,0.788235294117647,23.799676879084966
712efd3b68f9686dc856b84abd0f21ae,1,139.0,139.0,4.0,1,2.0,PR,1,139.0,0.12345323741007194,0.0,1.0,7.23662037037037
7139dc5186aa238b006e066d8fbab2e4,22,1712.0,71.33333333333333,4.086956521739131,3,1.1666666666666667,SP,8,214.0,0.3626228096060013,0.16666666666666666,0.875,14.19316020447531
713e3a23ca5e47786eb6f0d99f94cfac,4,1126.0,281.5,4.75,1,1.75,PR,5,225.2,0.08806461618971692,0.0,1.0,10.095622106481482
7142540dd4c91e2237acb7e911c4eba2,319,37373.56,112.91105740181268,4.047112462006079,2,4.761329305135952,SP,18,2076.3088888888888,0.24802182236303608,0.13595166163141995,0.9207317073170732,14.759572782576782
714b9a1332840f257b49f476bea4e341,6,1499.94,249.99,3.3333333333333335,1,2.3333333333333335,SP,3,499.98,0.10543755083536675,0.5,0.6666666666666666,32.30243055555556
71592660bbcb6a4664e97b6f8b68babc,6,2027.18,289.59714285714284,4.428571428571429,4,1.5714285714285714,SP,6,337.86333333333334,0.10814965188289428,0.0,1.0,11.673265542328043
71593c7413973a1e160057b80d4958f6,2,299.5,59.9,3.4,2,1.0,SP,1,299.5,0.15308848080133555,0.4,1.0,8.718585648148148
715bbd5ba4e6b74cb0d2f29eb45058b0,62,4043.3,63.1765625,4.46875,5,4.015625,SP,12,336.94166666666666,0.3597146499964621,0.0625,0.921875,11.971359772858797
7178e1eaa97257d8b6d4b80efd77a025,1,167.9,167.9,5.0,1,3.0,SP,1,167.9,0.1001191185229303,0.0,1.0,7.122962962962963
7178f9f4dd81dcef02f62acdf8151e01,203,37070.4,171.62222222222223,4.032558139534884,14,1.787037037037037,SC,18,2059.4666666666667,0.3528400483130677,0.1527777777777778,0.9534883720930233,15.640292420327304
717b78b0950b51ed00b1471d858b0edc,5,138.6,27.72,4.0,1,2.0,SP,7,19.8,0.5954194684034502,0.2,0.8,21.32962037037037
718539d38d07dd351c76db862760e2e2,37,1318.9,29.30888888888889,4.333333333333333,3,1.0444444444444445,SP,11,119.9,0.572686494679668,0.13333333333333333,1.0,7.958789567183462
71dc18fd8cbf5fd77f45dd8b427abb34,4,1080.0,120.0,5.0,1,2.0,PR,11,98.18181818181819,0.13833333333333334,0.0,1.0,11.461727109053498
7202e2ba20579a9bd1acb29e61fe71f6,53,12750.5,231.8272727272727,3.8333333333333335,2,2.5090909090909093,SP,14,910.75,0.1286722935137221,0.2,0.9433962264150944,13.225150681341718
720e6cf846ea7572cbb66b743fb91e6c,1,54.0,54.0,5.0,1,4.0,SP,1,54.0,0.26944444444444443,0.0,1.0,16.14633101851852
7210cd29727d674c00741e5e387b3ccd,9,729.0899999999999,56.083846153846146,3.6923076923076925,5,1.0769230769230769,SP,3,243.02999999999997,0.28778945248520293,0.3076923076923077,0.6923076923076923,4.812738603988604
72146da5774cabf2632faedcae097a76,4,200.94,33.49,4.333333333333333,2,2.3333333333333335,PR,4,50.235,1.3317093160313929,0.16666666666666666,0.8333333333333334,27.301358024691357
7238a95bb63ef7e498389fb863b834a1,15,2265.7,151.04666666666665,4.733333333333333,3,2.0,SP,5,453.14,0.2958473652820702,0.0,0.9333333333333333,7.956341820987655
7238f877570096ae403c51898fa64566,3,1200.0,400.0,5.0,1,4.0,SP,2,600.0,0.04126666666666667,0.0,1.0,8.923016975308643
723a46b89fd5c3ed78ccdf039e33ac63,1,66.64,66.64,4.0,1,6.0,RS,1,66.64,0.35114045618247297,0.0,1.0,7.9987615740740745
723cd880edaacdb998898b67c8f9da30,11,2136.5299999999997,178.04416666666665,4.166666666666667,2,2.8333333333333335,SP,6,356.0883333333333,0.19887721747543563,0.16666666666666666,0.9166666666666666,9.650000964506173
72431a818f97fe6ab9c81eee3e297e54,1,229.9,229.9,5.0,1,2.0,SP,1,229.9,0.08477598956067854,0.0,1.0,12.434548611111111
725af026f869236a8dd0ceb98564d156,7,1177.71,147.21375,3.125,1,2.75,MG,11,107.06454545454545,0.20433211404717314,0.375,1.0,13.673094907407409
725c32fa80c2faacc4fc88450d27314e,89,7838.88,84.28903225806452,4.538461538461538,2,3.3655913978494625,SP,20,391.944,0.21672540841555352,0.021505376344086023,0.989247311827957,9.47580321585026
7299e27ed73d2ad986de7f7c77d919fa,338,34725.43,96.1923268698061,4.421052631578948,13,2.096952908587258,MG,18,1929.1905555555556,0.4827747835731469,0.07202216066481995,0.952513966480447,11.322033060469687
729b2d09b2a0bdab221076327f13d050,49,1822.11,29.870655737704915,4.524590163934426,2,1.3114754098360655,SP,10,182.21099999999998,0.5606026908449779,0.06557377049180328,0.9333333333333333,12.23961400462963
729f06993dac8e860d4f02d7088ca48a,96,20485.079999999998,178.1311304347826,4.2894736842105265,2,3.4695652173913043,SP,18,1138.06,0.33227908272934675,0.09565217391304348,0.9026548672566371,10.856161094723042
72bc2cce903c872fe376a8faaa81d237,17,2149.2,119.39999999999999,4.444444444444445,2,1.4444444444444444,SP,12,179.1,0.16409200858049705,0.1111111111111111,1.0,8.86798482510288
72c38a04bd6a1c3dbc5298425a0db86d,4,647.3,129.45999999999998,3.8,3,3.6,PR,3,215.76666666666665,0.40549020875511665,0.2,1.0,8.146655092592592
72c5da29406b4234927b81855e7b64f6,31,11798.69,380.6029032258065,4.129032258064516,2,3.032258064516129,SP,5,2359.7380000000003,0.08416061060650412,0.12903225806451613,0.967741935483871,10.797208781362007
72c73be2b085b9d57650dd53eb2004c9,1,29.4,29.4,5.0,1,1.0,SP,1,29.4,0.6095238095238096,0.0,1.0,17.34197916666667
730937bf88cb151eb2eb849f642fc213,22,2821.2,108.5076923076923,4.423076923076923,1,1.0,SP,5,564.24,0.16246313892161826,0.07692307692307693,0.9615384615384616,7.1314743589743586
7315baebc0572ff220d226283dc66728,2,49.849999999999994,24.924999999999997,4.0,1,1.0,SP,3,16.616666666666664,0.5276767359179626,0.0,1.0,8.092291666666668
731ef20c231d9a7103a425e83fd91271,2,1692.0,564.0,3.6666666666666665,1,3.0,SC,1,1692.0,0.2988179669030733,0.0,1.0,11.964158950617284
734def04b237117a09321dd6d8f3f2a2,2,1252.43,626.215,5.0,2,2.5,SP,3,417.4766666666667,0.03834043754657855,0.0,1.0,2.288153935185185
7354220fb240bde543b3c40c060d41e7,7,672.0,96.0,4.571428571428571,3,3.4285714285714284,DF,7,96.0,0.28967350541728465,0.0,1.0,11.098485449735449
7357b52d27cbaa90f81a96cbc1279396,12,1328.02,110.66833333333334,4.333333333333333,2,2.3333333333333335,MG,4,332.005,0.17093530348227035,0.08333333333333333,0.9166666666666666,9.850832368827161
739c7d7be81f63812dea0d1b1451c651,2,77.5,38.75,4.0,1,1.0,PB,2,38.75,1.1443118120298568,0.0,1.0,17.126261574074075
73a63f72308aa20a46f4b1632018f196,29,9606.8,234.3121951219512,4.05,4,1.048780487804878,PR,18,533.7111111111111,0.20656756741576426,0.17073170731707318,1.0,11.388569113756613
73b8eb4a9a729d4019b24ed1be748cbf,8,692.41,86.55125,4.375,2,3.375,SP,3,230.8033333333333,0.17145011447698152,0.125,1.0,4.136651785714286
73da1880b39c71de2b262bc7720c1494,2,398.0,199.0,5.0,1,5.0,SP,7,56.857142857142854,0.11806532663316582,0.0,1.0,8.223836805555555
740205fedfe4e90ca6857bc77db0f2b4,1,229.9,229.9,5.0,1,6.0,SP,1,229.9,0.09538929969551979,0.0,1.0,3.4825694444444446
7402d13c03a7e91366337cd1de471144,4,528.38,132.095,3.5,2,3.0,PR,12,44.031666666666666,0.3272609555991836,0.25,1.0,9.903695987654322
741f8c587cb4248ebc5b779a0e8e0e51,5,89.95,17.990000000000002,4.0,4,1.6,SP,2,44.975,0.8865273309770586,0.2,0.8,13.239328703703702
744dac408745240a2c2528fb1b6028f3,79,22490.6,267.74523809523805,4.5476190476190474,4,2.9166666666666665,PR,17,1322.9764705882353,0.10099852103112655,0.03571428571428571,0.9879518072289156,11.141101768183846
74636e24f01da9268b0ed88dacd8513e,4,776.0,194.0,4.0,2,2.5,SP,5,155.2,0.3545321004531531,0.25,0.75,13.129348958333333
747c1cdcd1737dcfbd1547f6eb6f2cf3,2,193.1,96.55,2.5,1,1.0,SP,5,38.62,0.15105348802006746,0.5,1.0,15.132824074074074
747e73c01a4593d4cf60dcf970fd2689,3,2217.99,739.3299999999999,4.333333333333333,1,1.3333333333333333,PE,2,1108.995,0.05006646968698684,0.0,1.0,10.688094135802467
74871d19219c7d518d0090283e03c137,6,550.04,78.57714285714285,5.0,3,1.1428571428571428,SP,5,110.008,0.22325176999639745,0.0,1.0,3.6066253306878306
7494d0dcba8551df6cf37f1b905dc2f7,1,45.9,45.9,3.0,1,2.0,SP,1,45.9,0.3718954248366013,0.0,1.0,6.993611111111111
749e7cdabbaf72f16677859e27874ba5,1,41.9,41.9,1.0,0,,SP,1,41.9,0.47350835322195706,1.0,1.0,11.03644675925926
74a9b9bddf14ece02beb81f52c41a88d,2,95.0,47.5,3.5,2,4.0,SP,4,23.75,0.2097857142857143,0.5,1.0,12.172760416666668
74bafed391319577bce6f4d2acc0589a,3,1847.0,615.6666666666666,2.6666666666666665,2,2.3333333333333335,SP,8,230.875,0.13915533266886546,0.6666666666666666,1.0,7.031435185185185
74c7dec0a384d8a05950e629bd23bde9,5,187.68,37.536,3.6,2,1.6,SP,4,46.92,0.4519690053524478,0.4,1.0,11.539169560185185
750303a20e9c56b2a6bc45cdce0b897d,54,8085.0,141.8421052631579,4.280701754385965,7,2.6666666666666665,GO,12,673.75,0.3579003874174615,0.10526315789473684,0.9642857142857143,13.664087094907407
751bdc4d83a466c7206cd42e8f426b03,54,6648.93,93.6469014084507,3.6231884057971016,3,1.028169014084507,SP,15,443.262,0.3088492213061444,0.28169014084507044,0.9852941176470589,11.123993225762527
751e274377499a8503fd6243ad9c56f6,1,218.0,109.0,5.0,1,1.0,SP,1,218.0,0.0818348623853211,0.0,1.0,1.9974652777777777
75745ef7bc7d4f3ea3380f6f5303f514,3,228.4,76.13333333333334,5.0,2,1.0,DF,2,114.2,0.40051294758651723,0.0,1.0,5.69443287037037
7586919161935337bf6b6d7ff5779648,11,1664.71,92.48388888888888,3.1666666666666665,2,1.1111111111111112,RJ,10,166.471,0.6941442103193309,0.4444444444444444,0.8888888888888888,15.853189943415638
75a4764c108403a7a0575140cb22287c,5,716.9,79.65555555555555,4.777777777777778,2,1.1111111111111112,RS,5,143.38,0.3179449519116341,0.0,1.0,10.045077160493827
75d34ebb1bd0bd7dde40dd507b8169c3,62,15048.28,209.0038888888889,3.8194444444444446,4,2.263888888888889,BA,14,1074.8771428571429,0.1965168057460484,0.2361111111111111,0.8507462686567164,16.071696724709785
75fbb52eda0cbc24f479d3b2fbfa8d3e,40,1130.99,26.302093023255814,4.404761904761905,1,1.186046511627907,GO,18,62.83277777777778,1.020603933040137,0.09302325581395349,0.9512195121951219,13.901765752032519
75fdd0a732287f9497b179f6bd445d32,1,59.9,59.9,5.0,0,,SP,1,59.9,0.2701168614357262,0.0,1.0,10.883761574074073
761681a821d8275bc79f552116d06869,3,354.92,118.30666666666667,5.0,2,5.666666666666667,SP,4,88.73,0.4344189037133844,0.0,1.0,8.154621913580247
762ed976527cddf02787edba70fffa2a,3,179.8,44.95,2.25,2,1.0,PR,2,89.9,0.3354438596491228,0.75,1.0,7.73574363425926
762fafdaa57a532ee0119731697579dd,5,206.7,41.339999999999996,5.0,2,1.0,SP,3,68.89999999999999,0.33119565046923016,0.0,1.0,4.124875
76623fde66e6b63b59440fd34160512d,3,65.4,21.8,4.0,1,2.0,SP,5,13.080000000000002,0.6068653830407699,0.0,1.0,3.3888425925925922
7681ef142fd2c19048da7430856b5588,59,31941.81,414.82870129870133,4.12,7,2.5714285714285716,SP,7,4563.115714285715,0.18238246415724707,0.15584415584415584,0.881578947368421,10.372716709307992
76833248bbc0e65a0293ec62023e4396,2,2399.98,1199.99,5.0,1,1.0,SP,2,1199.99,0.12792598042919134,0.0,1.0,18.68045138888889
768a86e36ad6aae3d03ee3c6433d61df,17,587.46,34.5564705882353,4.647058823529412,2,1.4705882352941178,SP,3,195.82000000000002,0.3219713823330858,0.0,0.8235294117647058,5.081859340958606
768de2a4fc06aacecb9a586ccc30746a,14,475.59999999999997,33.97142857142857,4.428571428571429,2,3.357142857142857,DF,10,47.559999999999995,0.5001956824766249,0.07142857142857142,1.0,14.864153311965813
76c47a299e4a8fe992316a85865acbe9,6,1024.46,102.446,4.8,1,2.0,SP,13,78.80461538461539,0.2786861792208982,0.0,0.8,15.343268518518519
76d336555bb25f3165d2f0d6da719c40,2,330.0,165.0,2.0,1,3.0,SP,1,330.0,0.07160606060606059,0.5,1.0,11.495
76d5af76d0271110f9af36c92573f765,131,33461.6,210.4503144654088,4.082278481012659,7,1.3522012578616351,SP,23,1454.8521739130433,0.3059351882905274,0.1509433962264151,0.9161290322580645,11.488301971326164
76d64c4aca3a7baf218bf93ef7fa768d,64,16911.8,245.09855072463768,4.1231884057971016,5,2.7246376811594204,PR,16,1056.9875,0.23619171755840912,0.17391304347826086,0.9710144927536232,10.723512647611381
76de363de16dacc923eec8daf91df504,2,360.0,180.0,2.5,2,4.5,SC,7,51.42857142857143,0.1467090909090909,0.5,1.0,13.318443287037038
76ea5315acb3f5f7ade3cd261faf922a,15,1087.06,72.47066666666666,4.266666666666667,7,2.066666666666667,SP,4,271.765,0.2772269702136531,0.06666666666666667,0.9333333333333333,8.683984567901234
77128dec4bec4878c37ab7d6169d6f26,1,6.5,6.5,5.0,1,3.0,SP,1,6.5,1.3415384615384616,0.0,1.0,11.992465277777777
7722b1df1b0e383e000397b2c11e3e19,134,7094.09,48.92475862068966,4.222222222222222,8,3.076923076923077,SP,20,354.7045,0.39252972008087456,0.1103448275862069,0.9722222222222222,8.58964369534465
77530e9772f57a62c906e1c21538ab82,320,46610.4,119.82107969151672,4.0490956072351425,2,2.596401028277635,PR,23,2026.5391304347827,0.23751354414429016,0.17480719794344474,0.884514435695538,15.0941146592787
77714512e8d4dda9c234da8e3faf16e4,4,243.39999999999998,40.56666666666666,4.0,2,1.0,SP,2,121.69999999999999,0.4342132838207989,0.0,1.0,12.796510416666665
777a0c55737f34ffeb78010f7542ab41,6,452.5,75.41666666666667,4.333333333333333,2,3.1666666666666665,SP,3,150.83333333333334,0.16848658706326367,0.16666666666666666,1.0,4.23389274691358
778323240ce2830d68aab11794e00bfb,3,189.98000000000002,63.326666666666675,4.333333333333333,1,1.0,SP,2,94.99000000000001,0.3263483141072659,0.0,1.0,10.546203703703704
77a515caa36327151d1cc6c32a9f00e1,26,2217.39,85.28423076923076,4.423076923076923,1,1.4230769230769231,SP,7,316.77,0.17986488730882785,0.07692307692307693,0.8846153846153846,10.33738425925926
77dcbb67ccb3659bd58eaf5661560a30,2,984.0,492.0,1.0,2,1.0,RS,1,984.0,0.3773489583333334,1.0,,
77e4abfd739aed9c46480f90f81c0eb4,18,3736.99,207.61055555555555,4.777777777777778,4,1.8333333333333333,DF,8,467.12375,0.11418736713990069,0.0,1.0,10.008789223251028
77fccaae319668a8ab6cd0fd16aec48c,11,1667.0,138.91666666666666,4.333333333333333,3,2.0,RJ,3,555.6666666666666,0.15382038378371615,0.08333333333333333,1.0,8.95499324845679
7813ea3ebd9411dc600b4dd01f7a97b9,9,1599.4,177.7111111111111,3.888888888888889,2,5.444444444444445,SP,11,145.4,0.10963850702263161,0.2222222222222222,0.8888888888888888,13.03318544238683
7816cd9c5b1238e320545f5bf7eb80e8,1,489.0,489.0,4.0,1,5.0,SP,1,489.0,0.0465439672801636,0.0,1.0,10.901851851851852
781a66c0d89e30814d49fe8b5e14cd07,1,115.0,115.0,1.0,1,1.0,SP,1,115.0,0.18521739130434783,1.0,0.0,33.1228587962963
782f78b632a43875dd5b53e3e49c9564,2,146.01,48.669999999999995,3.6666666666666665,1,3.0,SP,3,48.669999999999995,0.28463803849051433,0.3333333333333333,1.0,9.88162037037037
784ba75dd9d20200c4caed3d7a77141a,21,8295.13,345.63041666666663,3.6041666666666665,3,1.3,SP,11,754.1027272727272,0.4775726754563039,0.2916666666666667,0.9090909090909091,13.33300505050505
78744a20ee2f80ba64f6804c25def2b8,6,2715.0,452.5,4.166666666666667,1,3.1666666666666665,PE,12,226.25,0.16469652256655773,0.16666666666666666,0.8333333333333334,18.961849922839505
78813699ffac347fe27dba345a5f1551,1,152.42,152.42,5.0,1,1.0,RS,1,152.42,0.31570660018370295,0.0,1.0,9.042847222222223
788e857f317e53de488d393e65a80f45,11,1210.0,110.0,4.909090909090909,1,4.0,SP,4,302.5,0.1528512396694215,0.0,1.0,7.407333754208754
788f22bafdd7ab0e1e79f19db72f16a4,2,125.80000000000001,62.900000000000006,4.5,2,1.5,SP,1,125.80000000000001,0.20140143982842854,0.0,1.0,3.541741898148148
78a4d36f65a019172c6154468831a69f,7,1545.5,220.78571428571428,4.285714285714286,1,5.0,SP,3,515.1666666666666,0.14354397669844648,0.14285714285714285,0.8571428571428571,15.5092791005291
78ba5933c21686d1c2f64669c8c459e7,2,191.8,95.9,4.25,2,2.0,SP,3,63.93333333333334,0.11038721266026223,0.0,1.0,6.5282175925925925
78c99c6dff4eeae5be99bf635ed21e3f,31,2030.88,52.073846153846155,4.333333333333333,1,3.3846153846153846,SP,7,290.1257142857143,0.46948503397596586,0.10256410256410256,0.8717948717948718,13.988194741215574
78ef7e885d17f35e2382a47aae8b8cce,3,388.0,129.33333333333334,4.666666666666667,1,1.0,RS,6,64.66666666666667,0.2872486752420383,0.0,1.0,8.66204861111111
7901646fdd36a55f564ffaf2dbccaaf7,22,11857.08,439.1511111111111,4.444444444444445,2,2.4444444444444446,RJ,18,658.7266666666667,0.11583043657622641,0.1111111111111111,0.8518518518518519,9.877081189986281
791cfcfe22fe4a771ece27f90017da92,2,596.26,298.13,1.5,1,1.0,SP,4,149.065,0.09641767014389696,1.0,0.0,28.20550925925926
79565f7d5603b24ddf07ade262547f2f,8,385.0,48.125,4.0,2,3.3333333333333335,SP,4,96.25,0.3554845282009856,0.25,0.7142857142857143,13.240676256613757
7957cac1a02f45d0a4a7e45626382ec2,1,343.0,343.0,4.0,1,1.0,PR,1,343.0,0.06309037900874635,0.0,1.0,26.32175925925926
7963e546f34e098b578f9ad102494601,1,60.99,60.99,5.0,1,1.0,SP,1,60.99,0.3480898507952123,0.0,1.0,18.14728009259259
7994081388d55b9cf976c050653dd359,2,1020.0,170.0,1.6666666666666667,1,1.1666666666666667,SP,10,102.0,0.08976851851851853,0.8333333333333334,1.0,12.970185185185185
7994b065a7ffb14e71c6312cf87b9de2,5,453.0,64.71428571428571,5.0,1,4.0,ES,3,151.0,0.3713364350564361,0.0,1.0,8.704467592592593
79a679c36c08d606b3fd47ead9de109b,3,935.0,133.57142857142858,2.7142857142857144,1,1.0,SP,3,311.6666666666667,0.15576470588235297,0.42857142857142855,0.8571428571428571,10.025785383597883
79b93a308a97792cf53ac75f46da00b5,1,99.9,99.9,5.0,1,2.0,RJ,1,99.9,0.16156156156156157,0.0,1.0,22.515162037037037
79ebd9a61bac3eaf882805ed4ecfa12a,136,15092.79,105.54398601398601,4.0,1,3.93006993006993,PR,11,1372.0718181818183,0.4281291829505043,0.14685314685314685,0.9428571428571428,15.332816468253966
79ed755314cfe6df0daef2c6cd3022cd,23,3907.5,156.3,4.695652173913044,3,2.48,SP,19,205.6578947368421,0.12061525148446481,0.0,1.0,9.278411111111112
79ee721b6f766066a80264402548d359,2,538.0,269.0,1.0,1,3.0,SP,1,538.0,0.05643122676579926,1.0,,
7a073a40a9d3f1fee8bc45670ea1e909,1,95.0,95.0,1.0,1,1.0,PR,1,95.0,0.1871578947368421,1.0,,
7a188843479798ca813108fa7b959286,1,149.7,49.9,1.0,1,4.0,SP,1,149.7,0.174749498997996,1.0,,
7a241947449cc45dbfda4f9d0798d9d0,62,8027.63,111.4948611111111,3.5774647887323945,3,3.625,MG,18,445.9794444444444,0.3242854278641351,0.2638888888888889,0.9393939393939394,12.756627560325478
7a2d2949aea47fab95fd98d6c9f618b1,11,1638.99,136.5825,4.25,2,1.0,PR,17,96.41117647058823,0.24132860319020566,0.08333333333333333,1.0,10.96522087191358
7a425d299613df3e613bcf9d2eaf5c49,18,1218.8,67.71111111111111,4.111111111111111,1,1.2222222222222223,RJ,10,121.88,0.35860802183122004,0.16666666666666666,0.9444444444444444,11.79452996399177
7a67c85e85bb2ce8582c35f2203ad736,1160,141745.53,121.04656703672075,4.234509466437177,2,1.2604611443210931,SP,20,7087.2765,0.198111018820937,0.107600341588386,0.9411255411255411,11.17094356261023
7a704e63bb29c446869efde5d57524c8,1,94.49,94.49,5.0,1,3.0,PR,1,94.49,0.1630860408508837,0.0,1.0,7.512939814814815
7a91bf945c6fae0779f1c61ce97fe45c,5,799.5,159.9,3.8,1,1.4,RJ,5,159.9,0.10521105255728143,0.2,0.75,43.84916666666667
7a9c12e235c36247c3c81f50d6ea9cea,5,983.9,196.78,4.6,1,2.0,SP,3,327.96666666666664,0.18930200224413304,0.0,1.0,12.8360625
7aa4334be125fcdd2ba64b3180029f14,217,16234.81,67.64504166666667,4.054621848739496,4,2.1,SP,11,1475.891818181818,0.3169672283171493,0.1625,0.8649789029535865,15.979772620721988
7aa538dd6e114e503a2e6154ea352253,5,1016.6800000000001,203.336,4.4,2,3.0,SP,5,203.336,0.14520807840100022,0.0,1.0,8.87823611111111
7ab0dd5487bab2dc835337b244f689fb,1,12.5,12.5,5.0,1,1.0,SP,1,12.5,0.8768,0.0,1.0,5.7457060185185185
7ad32824caee82087b3e2e5f33b1bf32,151,22505.1,122.31032608695651,3.7679558011049723,1,1.358695652173913,SP,8,2813.1375,0.2249718228578374,0.20652173913043478,0.8722222222222222,11.489481738683127
7ad41305e96a6cab8294cd65891e9a86,2,180.0,90.0,5.0,1,3.0,SP,1,180.0,0.33675,0.0,1.0,11.66113425925926
7adbd3210a7b3cc2235e225eef33574d,3,131.9,43.96666666666667,4.666666666666667,1,3.0,SP,3,43.96666666666667,0.7270172417916158,0.0,1.0,10.077029320987654
7ade73f1b9b4e965f9009a4c3a7e2c15,27,1880.3000000000002,67.15357142857144,4.777777777777778,6,5.821428571428571,SP,5,376.06000000000006,0.2690341152748051,0.0,1.0,9.679988425925925
7b07b3c7487f0ea825fc6df75abd658b,93,9731.85,99.3045918367347,4.336734693877551,2,2.561224489795918,SP,20,486.59250000000003,0.20310323345876452,0.12244897959183673,0.9583333333333334,9.44808967496142
7b0df942f46435babab05d49b744b2c4,32,22600.63,706.2696875,4.387096774193548,2,1.96875,SP,17,1329.4488235294118,0.04227370292157362,0.0625,0.90625,11.085880353009259
7b1222c3624aa89b9558b50a2594188c,22,10103.52,459.2509090909091,4.454545454545454,3,2.3636363636363638,SP,17,594.324705882353,0.055126612158057336,0.09090909090909091,0.8636363636363636,17.665475063131314
7b3447b497e55af8c15fc7bd89d7b81a,1,49.9,49.9,5.0,1,1.0,SP,1,49.9,0.41583166332665333,0.0,1.0,13.094965277777778
7b3f6ce5c6c22e9b96e7581ebf0df6e1,1,29.8,29.8,3.0,0,,SP,1,29.8,0.4258389261744966,0.0,1.0,10.947905092592592
7b7ed56ae755e2880f2b69632e839c1e,5,321.5,64.3,4.2,1,1.4,GO,1,321.5,0.7640328237594459,0.0,0.8,7.304652777777778
7b7f91e98f8c6def45a1407923304402,11,417.47,29.819285714285716,3.5,3,2.642857142857143,SP,4,104.3675,0.5456192664642968,0.35714285714285715,0.9285714285714286,13.634766865079365
7b8e8ec35bad4b0ef7e3963650b0a87b,5,2244.2799999999997,448.85599999999994,4.8,2,3.4,SC,4,561.0699999999999,0.19327688302715096,0.0,0.8,21.90199074074074
7b98de631987e26dd6d803490c43a13c,8,634.2,79.275,4.625,2,1.0,PR,4,158.55,0.23062318655207673,0.0,1.0,10.583616898148147
7bac63f6603d382cc8d0832eb6c100a8,19,7751.95,407.9973684210526,4.0,4,2.3684210526315788,SP,10,775.1949999999999,0.06902580413001987,0.10526315789473684,0.8421052631578947,15.764658869395712
7bb8fac2913a6064ec412e583c6d8b4d,1,109.0,109.0,5.0,0,,SP,1,109.0,0.15155963302752293,0.0,1.0,4.895717592592592
7bcd7c5f8631701474db233ccf1c094b,11,666.0,60.54545454545455,3.6363636363636362,2,1.25,SP,5,133.2,0.34278399933399933,0.18181818181818182,0.875,14.234526909722222
7c1fea10b5b006671d608b1d7c446ec4,14,423.59999999999997,30.257142857142856,4.0,3,2.1538461538461537,SP,9,47.06666666666666,0.60737218319286,0.14285714285714285,0.9285714285714286,16.23116898148148
7c4402417d51474d4d0cda9557340e40,1,119.9,119.9,5.0,1,3.0,SP,1,119.9,0.23094245204336947,0.0,1.0,7.122175925925926
7c4618c82226628831613e95e9c22f44,13,333.92999999999995,25.686923076923073,4.076923076923077,1,1.6923076923076923,SP,9,37.103333333333325,0.5457180546329321,0.15384615384615385,0.8461538461538461,11.065274216524216
7c462184585ae80bd6e5774c62ce50f2,1,60.0,30.0,3.0,1,1.0,SP,1,60.0,0.294,0.0,0.0,16.04199074074074
7c4adcc13272c0e26fa23aac642adb7b,2,135.0,67.5,3.0,1,1.0,RJ,2,67.5,0.3571363636363636,0.5,0.5,17.025104166666665
7c51de0ab286204ce75ff42bf7c10d92,4,759.0,189.75,4.5,1,1.0,SC,2,379.5,0.19033921609579504,0.0,1.0,9.790217013888888
7c5b05cbdb5542049f38d90d7815b97d,22,1038.96,43.29,4.416666666666667,1,1.0416666666666667,SP,4,259.74,0.33740674791460545,0.125,0.9565217391304348,7.815173611111112
7c67e1448b00f6e969d365cea6b010ab,982,187923.89,137.7741129032258,3.3414454277286136,6,1.0557184750733137,SP,20,9396.194500000001,0.2901289623351252,0.2932551319648094,0.9040590405904059,22.392545647123136
7c9130f5f3729edd32aa059141d92484,3,126.0,31.5,3.75,1,1.0,SP,3,42.0,0.5329365079365079,0.25,1.0,7.129021990740741
7caa63f175b1cecbfaadd8b5ab9998c7,2,39.8,19.9,2.0,1,1.0,SP,6,6.633333333333333,0.5158291457286432,0.5,1.0,2.154710648148148
7cb946b1ad19faebe28c3e86c2794ec3,1,25.0,25.0,5.0,1,1.0,MG,1,25.0,0.604,0.0,1.0,18.151435185185186
7cf4ea70955b00d6b3c22542598e2715,1,189.9,189.9,5.0,1,1.0,SP,1,189.9,0.07851500789889415,0.0,1.0,7.103148148148148
7d13fca15225358621be4086e1eb0964,565,113628.97,196.58991349480968,4.001742160278746,7,2.1176470588235294,SP,7,16232.710000000001,0.08059378181991735,0.1782006920415225,0.8809106830122592,15.692606558506844
7d294cf9a6a69dc6a0c3e540fff0e039,5,257.25,51.45,4.4,1,2.0,SC,4,64.3125,0.7546355685131194,0.0,1.0,8.816810185185187
7d456afc660226829370f3173d14520c,56,8338.25,91.62912087912088,4.274725274725275,5,1.6703296703296704,SP,23,362.5326086956522,0.3101857900500177,0.0989010989010989,0.9438202247191011,9.030012094257179
7d484ca289afaac6bf5fc6a1e96d2226,2,183.2,91.6,4.0,1,2.0,MS,1,183.2,0.36896926509753114,0.0,0.5,12.156967592592594
7d76b645482be4a332374e8223836592,176,3843.93,20.555775401069518,3.9297297297297296,2,2.064171122994652,SP,14,274.56642857142856,0.7040857450566085,0.15508021390374332,0.8907103825136612,13.264018480570735
7d7866a99a8656a42c7ff6352a433410,5,147.89,29.577999999999996,4.4,3,1.0,SP,2,73.945,0.42438911440229105,0.0,1.0,4.886585648148148
7d7d2b7a51328016102d4528c411d630,7,918.8,131.25714285714284,4.142857142857143,2,1.7142857142857142,SP,5,183.76,0.23502466379563725,0.14285714285714285,0.8571428571428571,10.281992394179895
7d81e74a4755b552267cd5e081563028,1,32.5,32.5,4.0,1,2.0,SP,1,32.5,0.23046153846153847,0.0,1.0,2.209490740740741
7d948535954aaf8c5d39db007f74372e,4,194.0,48.5,3.75,2,2.0,SP,10,19.4,0.22674772036474164,0.25,1.0,5.600842013888889
7daca0837f033a41a6f3428c18657533,7,1228.98,175.56857142857143,3.5714285714285716,1,1.4285714285714286,SP,3,409.66,0.17779142610098653,0.2857142857142857,0.7142857142857143,14.333244047619049
7dc8c42cc750eeafea6c85712ffee9bf,41,6409.68,128.1936,4.26,8,1.8,SP,23,278.6817391304348,0.249287763637546,0.12,0.96,8.662016898148147
7dc9a3355bae96dd82008b313d3a456c,1,899.0,899.0,5.0,1,3.0,MG,1,899.0,0.056307007786429365,0.0,1.0,12.486354166666667
7ddcbb64b5bc1ef36ca8c151f6ec77df,334,55578.57,162.0366472303207,3.9073529411764705,9,1.2099125364431487,SP,12,4631.5475,0.21381935793694182,0.18075801749271136,0.9161676646706587,12.63763847305389
7dea6f73af847b42cc3985bd620f994d,2,324.0,162.0,4.0,1,3.5,PR,1,324.0,0.17444046021093002,0.0,1.0,5.594658564814814
7df1fc11cc5cbc518b39faa60cf5d67c,5,1037.6,207.51999999999998,4.2,1,1.2,MS,4,259.4,0.16135328667602694,0.2,1.0,7.718787037037037
7e1fb0a3ebfb01ffb3a7dae98bf3238d,159,27349.53,157.1812068965517,4.133720930232558,2,1.0172413793103448,SP,19,1439.448947368421,0.11920224508092701,0.1206896551724138,0.863905325443787,15.597190102454524
7e26c750b4cb9f6766f58265ff9ebe95,23,1344.3,49.788888888888884,4.407407407407407,1,1.0,MG,9,149.36666666666667,0.28925736520268763,0.037037037037037035,1.0,9.451914437585733
7e3dde9ffba72d5340f9aaf09b4424be,1,220.0,220.0,1.0,1,3.0,PR,1,220.0,0.10013636363636365,1.0,,
7e3f87d16fb353f408d467e74fbd8014,92,4754.99,50.585,4.127659574468085,6,3.382978723404255,SP,15,316.9993333333333,0.37495609046222506,0.11702127659574468,0.8817204301075269,12.558290521704501
7e79d65b5c6f1f544b7daea036acf720,4,517.8,129.45,4.5,1,2.75,SP,5,103.55999999999999,0.14255741746458572,0.0,1.0,8.56722511574074
7e93a43ef30c4f03f38b393420bc753a,336,176431.87,518.9172647058823,4.206489675516224,8,1.7588235294117647,SP,22,8019.630454545454,0.05307487451120321,0.12058823529411765,0.9440993788819876,11.335140901771338
7e959205cebc10adefcb331f934238a4,2,513.9000000000001,256.95000000000005,1.0,1,1.0,SP,1,513.9000000000001,0.06369676930655056,1.0,,
7ea5bfa6c340f58f8e71fc1f0412b0d6,98,11002.89,105.79701923076922,4.077669902912621,3,1.1057692307692308,MG,10,1100.289,0.18220007327979224,0.125,0.9313725490196079,12.737575912309369
7ecd59e5e20407131822c1a68ac59c1f,24,1466.71,50.576206896551724,4.482758620689655,1,2.896551724137931,DF,10,146.671,0.4170205704910416,0.06896551724137931,0.8620689655172413,17.43086446360153
7ecef8194babfec876ca720714327841,7,990.5,123.8125,4.25,3,2.5,SP,10,99.05,0.21021329887442253,0.0,0.875,9.12423755787037
7f02656561b680def9986c0795a8a080,2,84.0,42.0,3.0,1,1.0,SP,2,42.0,0.33130952380952383,0.5,1.0,14.175138888888888
7f152321c60a266edc53af1925ef96c1,20,3919.8,195.99,3.8,1,3.65,SC,13,301.5230769230769,0.14367557488723698,0.25,0.7,23.469773148148146
7f2617c58d5d06806987308b45654351,22,3656.8,158.9913043478261,3.869565217391304,1,6.695652173913044,SP,15,243.7866666666667,0.09062505742379566,0.13043478260869565,0.9130434782608695,12.284812298711755
7f35f9daf223da737b78738fbae4d977,5,252.0,50.4,4.0,2,1.0,SP,2,126.0,0.4280333333333333,0.2,1.0,7.866502314814815
7f40d06aa0b5f1aa4f41af8c0480e2ef,6,1309.94,218.32333333333335,4.833333333333333,2,2.0,SP,1,1309.94,0.10599706973465027,0.0,0.8333333333333334,4.130244984567901
7f5e4d5efad7e44b91115dd1decb65f3,3,179.9,19.98888888888889,5.0,1,2.0,SP,3,59.96666666666667,0.47187139058925365,0.0,1.0,5.439356995884774
7f7b8245c336066a1f9933c359f11d77,38,2094.36,48.70604651162791,4.558139534883721,8,1.069767441860465,SP,5,418.872,0.3278707816490598,0.06976744186046512,0.9767441860465116,7.916265342377261
7fc87cc3e89b3d1d5cabdca32f8485aa,14,2153.9,153.85,3.5714285714285716,3,1.5,SP,4,538.475,0.36166793503495187,0.2857142857142857,0.7142857142857143,19.740683697089946
7fdb0720c8d7c9075538b365dc8c3a22,9,1804.0,180.4,2.4,3,3.8,PR,4,451.0,0.3610773175781447,0.6,0.9,17.469016203703703
7fe21dd00d2f4943ae09525efa2fd674,4,299.6,74.9,3.0,2,2.25,RJ,5,59.92,0.20825989157296662,0.5,1.0,7.602222222222222
7ff588a03c2aeae4fbd23f9ae64b760d,14,1182.2,73.8875,4.6875,1,2.8125,SP,3,394.06666666666666,0.2953634515550756,0.0625,1.0,5.047222945601852
800214c63934acd05d47e84214db8ba8,4,259.6,64.9,5.0,2,2.25,SC,3,86.53333333333335,0.23881755715892725,0.0,1.0,11.791327160493827
80146bc52c4f6af5239b23de2a20262b,1,27.1,13.55,3.0,1,5.0,SP,1,27.1,1.8332103321033208,0.0,,
804287717b9156fb7a787acd9af4fac1,1,18.8,18.8,5.0,1,2.0,PR,1,18.8,0.803191489361702,0.0,1.0,9.156145833333333
8060d731897e33b5c5ae575ce1e209e1,5,199.5,39.9,4.8,1,1.0,SP,3,66.5,0.45839598997493736,0.0,1.0,7.804481481481481
808d4348b916efa08e766ebad39f61eb,21,731.1,34.81428571428572,4.428571428571429,1,1.4285714285714286,SP,2,365.55,0.6057062433458961,0.09523809523809523,0.95,7.961432870370371
8090490573c6c0aa343a7231ebcb8c86,26,3871.1200000000003,148.88923076923078,4.1923076923076925,4,1.9230769230769231,SP,12,322.59333333333336,0.19023277904406874,0.11538461538461539,0.9230769230769231,10.091355056980056
809413606dbfe5deefd2db646693ef67,3,196.68,39.336,4.2,1,1.0,SP,7,28.09714285714286,0.2501677852348993,0.0,1.0,8.312050925925925
80ceebb4ee9b31afb6c6a916a574a1e2,1,6729.0,6729.0,,1,4.0,PR,1,6729.0,0.028713033140139694,0.0,0.0,20.866354166666667
80cfd480be3eb6d6267139f5cb793555,1,99.9,99.9,4.0,1,2.0,SP,1,99.9,0.26466466466466465,0.0,1.0,14.254143518518518
80e6699fe29150b372a0c8a1ebf7dcc8,98,11441.56,114.4156,4.292929292929293,3,3.094736842105263,PR,20,572.078,0.2848122749671801,0.1,0.9591836734693877,11.488784367913832
80f2cf9abf6b5a0e5c612b5eea6646e6,7,766.08,109.44000000000001,4.428571428571429,2,2.0,SP,4,191.52,0.34993337562656096,0.14285714285714285,0.8333333333333334,10.581170910493828
8132b9bd16876e1b0f8808d43825dd48,2,727.9,242.63333333333333,2.3333333333333335,1,2.3333333333333335,SC,3,242.63333333333333,0.1104126394786215,0.6666666666666666,1.0,16.81113425925926
813348c996469b40f2e028d5429d3495,179,11205.83,55.47440594059406,4.0,1,1.0,SP,12,933.8191666666667,0.34449763605664296,0.16336633663366337,0.9538461538461539,10.19760576923077
81336a0f57a33776419727a300249e90,16,1374.8500000000001,72.36052631578949,3.6842105263157894,2,1.0,SP,10,137.485,0.5860797038904749,0.2631578947368421,0.7777777777777778,17.594097222222224
8160255418d5aaa7dbdc9f4c64ebda44,385,47017.69,109.08976798143853,3.8309859154929575,4,1.431554524361949,SP,11,4274.335454545455,0.17675953239701275,0.19953596287703015,0.8207547169811321,16.77892969841894
817245bcc3badd82bbd222e0366951a6,29,5580.5,124.0111111111111,4.073170731707317,1,1.2666666666666666,SP,9,620.0555555555555,0.13234473724776105,0.08888888888888889,0.9772727272727273,11.013731849747474
81783131d2a97c8d44d406a4be81b5d9,13,1782.54,118.836,3.4285714285714284,3,1.4666666666666666,SP,2,891.27,0.12652355264863271,0.3333333333333333,0.8888888888888888,7.282520576131688
817f85dbb65aa3e70831d90fe75cdf89,11,1552.27,141.11545454545455,4.545454545454546,2,1.8181818181818181,SP,6,258.71166666666664,0.15264404440100987,0.0,1.0,18.119800084175083
8185694b58b2ba6de20fd41ae608bbea,8,1372.3,171.5375,4.5,2,2.0,SP,6,228.71666666666667,0.20470681118463377,0.0,1.0,11.058253761574074
818d28f936e791926d33bcb6ee94ef79,5,139.5,27.9,4.0,1,1.0,SP,4,34.875,0.5534050179211469,0.0,1.0,12.943929398148148
81a1104df0f08b59c68aa5b03cfe398e,73,9420.880000000001,129.05315068493152,4.267605633802817,1,6.164383561643835,PR,12,785.0733333333334,0.205387472674735,0.0821917808219178,0.9444444444444444,12.830092431841564
81ed90f07c0bacb7594940ba2ef676aa,2,223.9,111.95,4.5,1,1.5,MG,2,111.95,0.16331175347891147,0.0,1.0,16.095561342592593
81f89e42267213cb94da7ddc301651da,46,3955.0,76.0576923076923,3.5384615384615383,3,1.0,SP,1,3955.0,0.20439839709913518,0.25,1.0,7.642944043803419
820c7c9eaf76d2b226b6c242bcf3f34d,1,559.0,559.0,4.0,1,2.0,SP,1,559.0,0.03220035778175313,0.0,1.0,17.76011574074074
820cc752a266cdc6c1a1e61dd4583330,15,2802.7999999999997,186.85333333333332,4.133333333333334,3,1.4666666666666666,PR,16,175.17499999999998,0.15029606190600028,0.06666666666666667,0.8666666666666667,13.962199074074075
821fb029fc6e495ca4f08a35d51e53a5,28,19187.42,661.635172413793,3.4285714285714284,4,3.793103448275862,SP,8,2398.4275,0.17592066774854073,0.3103448275862069,0.64,16.362201388888888
822166ed1e47908f7cfb49946d03c726,69,3714.83,34.396574074074074,3.9245283018867925,3,1.9259259259259258,RJ,15,247.65533333333332,0.769029148925832,0.19444444444444445,0.9907407407407407,13.872606631515774
822b63912576852aea9a8436d72317b7,8,4905.6900000000005,545.0766666666667,4.0,1,3.4444444444444446,SP,4,1226.4225000000001,0.0620997924930318,0.2222222222222222,1.0,21.419275793650794
822bad9bc42b51213ba522fe87b7ab5d,18,5160.0,286.6666666666667,4.111111111111111,4,2.111111111111111,SC,11,469.09090909090907,0.1160929743826934,0.1111111111111111,0.7222222222222222,26.65635223765432
827f8f69dfa529c561901c4f2e0f332f,91,3408.39,32.77298076923077,4.259803921568627,7,8.076923076923077,PR,18,189.355,0.4736391718632309,0.125,0.9134615384615384,13.232379473824787
82921991ff5b557b045605b8bbf08d49,1,18.9,18.9,5.0,1,4.0,SP,1,18.9,0.9645502645502646,0.0,1.0,4.079814814814815
82bd0703a4aefd6b599e5bfdaed378fb,21,2692.28,112.17833333333334,3.6666666666666665,4,2.125,SP,11,244.7527272727273,0.2503262055907825,0.2916666666666667,0.9565217391304348,12.244954710144928
82cb9f452fe8334df74b22d37824b431,14,838.2,46.56666666666667,4.722222222222222,3,3.8333333333333335,RS,5,167.64000000000001,0.39596628020728963,0.0,1.0,9.035012217078188
82e0a475a88cc9595229d8029273f045,42,10930.02,136.62525,3.35,1,2.141025641025641,SP,12,910.835,0.16151853099962604,0.35,0.9367088607594937,15.259298816221284
830379336fad8c6f3b15a4a3ddb5c66e,2,268.0,67.0,4.5,1,6.0,SP,4,67.0,0.6357462686567164,0.0,1.0,6.126064814814815
83353a83fd769dfafa4f21a72b15e3e5,5,579.5,115.9,3.8,1,1.2,SP,9,64.38888888888889,0.2039910652727981,0.2,0.8,18.56
834f3294fba9f932f56edc879193f925,66,39907.5,604.6590909090909,4.545454545454546,2,2.9696969696969697,SP,16,2494.21875,0.10741217191336183,0.045454545454545456,0.9393939393939394,14.296499017957352
834f8533b2ecb6598dd004ff3de7203a,43,4538.29,96.55936170212766,3.723404255319149,4,13.136363636363637,SP,20,226.9145,0.2198521222261675,0.23404255319148937,0.8222222222222222,15.047818672839506
835f0f7810c76831d6c7d24c7a646d4d,44,5130.0,102.6,3.3,2,3.36,SP,13,394.61538461538464,0.20901721947156335,0.34,0.6875,18.481009114583333
83645b1645cdee8953ee54c29ceed564,14,978.9,69.92142857142856,4.428571428571429,3,1.0714285714285714,PR,18,54.38333333333333,0.2955513433604122,0.0,1.0,10.400109126984129
8378eb36b6b70c5734e83ad7b8cdc3b7,7,1714.8,131.90769230769232,3.769230769230769,2,5.461538461538462,SC,8,214.35,0.14643431587410713,0.3076923076923077,0.7692307692307693,19.922323717948718
83a75eea11694e36e56dd0cb2240229a,3,487.0,162.33333333333334,5.0,0,,SP,3,162.33333333333334,0.08593211071754299,0.0,1.0,4.093989197530864
83b08de96980757220871b31bf6cffca,5,1304.17,186.31,4.285714285714286,1,2.142857142857143,RJ,8,163.02125,0.3687583933107984,0.14285714285714285,0.7142857142857143,13.087251984126983
83c465a786b06574376909b35ef6752a,3,281.4,93.8,5.0,1,2.0,SP,3,93.8,0.17434257285003554,0.0,1.0,5.269764660493827
83c8aafbefb034674a70de0eac5b8954,2,134.9,67.45,5.0,1,1.0,PR,5,26.98,0.3820113918761408,0.0,1.0,5.073425925925926
83d458c0d6d4f94295d63f091460bd60,1,89.9,89.9,5.0,1,1.0,SP,1,89.9,0.17619577308120132,0.0,,
83d7070a0b9a8b4625fa8682b819fabb,2,694.77,347.385,1.0,1,1.5,SP,2,347.385,0.2970926989261758,1.0,,
83deb69e889cf80f82be1dc6d5f2d486,40,5363.01,127.6907142857143,4.357142857142857,1,3.880952380952381,SC,14,383.07214285714286,0.2103700924360999,0.14285714285714285,0.9523809523809523,15.740614803791887
83e197e95a1bbabc8c75e883ed016c47,47,6693.6900000000005,121.70345454545455,4.745454545454545,2,1.9636363636363636,RJ,17,393.7464705882353,0.14881094184923488,0.01818181818181818,0.9814814814814815,10.488401277434843
83f2b4881141ce3fcd4e985125d3279e,3,60.7,20.233333333333334,5.0,1,1.0,SP,3,20.233333333333334,0.8425321653057751,0.0,0.6666666666666666,18.191948302469136
8444e55c1f13cd5c179851e5ca5ebd00,99,22873.21,209.8459633027523,3.073394495412844,12,1.889908256880734,MG,17,1345.4829411764706,0.1349685886611771,0.4036697247706422,0.8921568627450981,21.292399010530136
845e8036c3f7bf62099352f5ed910240,21,1584.6000000000001,66.025,3.8333333333333335,2,1.0,RJ,4,396.15000000000003,0.3193931336850424,0.25,1.0,8.280536265432099
8476243f92442881ddd5b578975cf115,12,7838.0,653.1666666666666,4.083333333333333,3,1.0,RS,6,1306.3333333333333,0.05831541145307642,0.16666666666666666,0.9166666666666666,17.33558063271605
84c945f15571830c1a91a33978e94009,2,51.98,25.99,4.5,1,4.0,SP,3,17.326666666666664,0.501346671796845,0.0,1.0,9.44066550925926
84deb808079d1be601c209c1e771b1cc,2,34.93,17.465,5.0,1,1.0,PR,3,11.643333333333333,0.8105284667058312,0.0,1.0,7.539299768518519
8501d82f68d23148b6d78bb7c4a42037,1,19.7,19.7,1.0,1,2.0,SC,1,19.7,0.5563451776649747,1.0,,
85044848b1b767db2a4a58526adef4b4,4,240.60000000000002,60.150000000000006,3.25,3,3.0,SP,4,60.150000000000006,0.4199771531818204,0.25,1.0,8.78732349537037
850857dfac77488c307e2b1cbd84ab5a,1,1599.0,1599.0,5.0,1,1.0,PR,1,1599.0,0.024840525328330205,0.0,1.0,2.9255555555555555
850913d59ce317156b00f3705f1c3edb,32,2690.0,79.11764705882354,3.3529411764705883,2,5.617647058823529,SP,5,538.0,0.29900391414061256,0.35294117647058826,0.8333333333333334,13.462101080246914
850f4f8af5ea87287ac68de36e29107f,187,45355.36,236.22583333333333,4.287234042553192,4,1.9427083333333333,SP,15,3023.690666666667,0.14620473133317638,0.09375,0.93717277486911,10.143654801725809
851773c885feb5e2da3b4f82bc2b17ce,10,585.3,58.529999999999994,4.2,1,1.0,SP,7,83.61428571428571,0.5304680940325012,0.1,0.8,16.660394675925925
855668e0971d4dfd7bef1b6a4133b41b,312,32208.16,98.49590214067278,3.717391304347826,3,2.7951070336391437,SP,16,2013.01,0.3303637456825681,0.2415902140672783,0.8617363344051447,16.15309012891509
8581055ce74af1daba164fdbd55a40de,387,64925.3,149.2535632183908,4.225806451612903,1,1.0022988505747126,SP,16,4057.83125,0.16001297263173747,0.11954022988505747,0.8992974238875878,12.83171940206051
85cc55e048b6bcc90c75afe7f0e72f72,9,308.28,34.25333333333333,4.444444444444445,5,1.8888888888888888,RJ,3,102.75999999999999,0.8042517271733503,0.1111111111111111,0.7777777777777778,13.153153292181068
85d9eb9ddc5d00ca9336a2219c97bb13,509,15415.24,29.531111111111112,4.167630057803469,6,1.8850574712643677,MG,23,670.2278260869565,0.583541852078558,0.1053639846743295,0.96484375,14.738470594618056
85e7c62c1d6ea078c3897424f867a7c8,2,60.0,30.0,4.5,1,4.5,SC,2,30.0,0.46166666666666667,0.0,1.0,7.850451388888889
85ecf03781da592876b7844acc1b729f,2,251.0,125.5,4.5,1,1.0,SP,2,125.5,0.1952806261963358,0.0,0.5,15.553564814814814
8602a61d680a10a82cceeeda0d99ea3d,17,826.99,43.52578947368421,4.473684210526316,1,1.368421052631579,SP,13,63.614615384615384,0.3103226277765896,0.10526315789473684,0.9473684210526315,7.6927503654970755
8603f0038fe0e52fedd3382d266723de,10,2355.0,235.5,4.4,4,2.6666666666666665,SC,10,235.5,0.21331917856132088,0.1,1.0,21.26354513888889
8629a7efec1aab257e58cda559f03ba7,1,45.22,45.22,1.0,1,3.0,GO,1,45.22,0.4177355152587351,1.0,0.0,59.22667824074074
8629c241b3622ac12cd4118afdc8d394,13,1167.66,89.82000000000001,4.076923076923077,3,2.1538461538461537,SP,5,233.532,0.3931927707129161,0.15384615384615385,0.9230769230769231,15.116361289173788
863d2ebcd347ce4922de7a0f9a5581d6,18,1382.36,72.7557894736842,3.9473684210526314,1,1.0,RJ,14,98.74,0.23611382018012866,0.15789473684210525,0.8333333333333334,11.669832175925926
8648b1e89e9b349e32d3741b30ec737e,95,7442.55,72.25776699029126,4.029126213592233,3,1.5257731958762886,SP,12,620.2125,0.29678419057237376,0.17475728155339806,0.9,9.249412731481481
86649b1632b1c0e6c0bcb2c90a8b75d8,1,59.99,59.99,1.0,1,1.0,PR,1,59.99,0.29454909151525255,1.0,,
866558b3bccef2dbc6d29a2b5995016f,5,1519.3999999999999,253.23333333333332,4.666666666666667,2,1.8333333333333333,PR,10,151.94,0.6452904897488274,0.0,1.0,12.149984567901235
86bb7c4b535e49a541baf3266b1c95b1,16,8162.4,510.15,3.2,1,7.0,SP,17,480.1411764705882,0.04358836279543635,0.375,0.8125,20.137781394675926
86bf77bdb52e615674772d5817c6212f,4,281.8,56.36,4.8,2,1.0,RS,4,70.45,0.4642503378264248,0.0,1.0,7.609092592592591
86ccac0b835037332a596a33b6949ee1,180,16619.93,79.14252380952381,4.002392344497608,3,1.7904761904761906,SC,17,977.6429411764706,0.3737771218757482,0.18095238095238095,0.9711538461538461,11.856614972845442
86ff3eaef0267069cc891a2ed9d10a17,7,409.75,58.535714285714285,4.714285714285714,2,1.2857142857142858,SC,4,102.4375,0.5406830934008692,0.0,1.0,8.963817791005292
870d0118f7a9d85960f29ad89d5d989a,45,3157.2,51.75737704918033,4.016393442622951,2,2.3442622950819674,MG,17,185.71764705882353,0.5068964430995553,0.08196721311475409,0.9508196721311475,14.932304948391014
87142160b41353c4e5fca2360caf6f92,305,31095.98,91.72855457227139,4.362426035502959,8,1.6224188790560472,RS,19,1636.6305263157894,0.33643880377994967,0.06784660766961652,0.943952802359882,10.805449647656506
8759e7aedd644f487315e5860962f162,3,627.0,209.0,3.6666666666666665,1,10.0,SP,2,313.5,0.26529505582137164,0.3333333333333333,0.6666666666666666,32.80336033950618
876182d1918783bbe15233febfbd4926,3,120.27,40.089999999999996,4.0,1,1.5,SP,10,12.027,0.325754104240421,0.0,1.0,9.279259259259259
87b4428a334b8f676fd9a7f3bf544fb5,1,29.99,29.99,5.0,1,1.0,SP,1,29.99,0.6332110703567856,0.0,1.0,6.9279166666666665
87b740daf17b5d1be335a64164ec6842,13,14699.87,1130.7592307692307,3.3076923076923075,1,1.8461538461538463,SP,18,816.6594444444445,0.1068305741891522,0.3076923076923077,0.9090909090909091,18.169685395622896
87d30a6a0cbf89356e49324971ab1d24,17,2134.13,125.53705882352942,4.352941176470588,1,1.1176470588235294,SP,7,304.8757142857143,0.18831018827033333,0.11764705882352941,0.9411764705882353,11.212977260348582
87d3c3aeb3ead335511b3ce315eb341e,15,749.3499999999999,49.95666666666666,3.5,2,1.1333333333333333,SP,3,249.7833333333333,0.40216037771962515,0.2,0.9333333333333333,6.565039351851852
87d73636a3acf123e842bb890a4db036,1,269.9,269.9,5.0,1,2.0,SP,1,269.9,0.16194886995183402,0.0,1.0,13.000717592592592
87e24fc7052259b1f7f607d61c10d8be,8,7473.49,934.18625,3.5,3,2.875,SP,4,1868.3725,0.04031600129627312,0.25,0.8571428571428571,15.341284722222223
87f3e35268860433e13d577825aada95,3,161.7,53.9,1.0,1,1.6666666666666667,SP,9,17.966666666666665,0.4378828383457283,0.6666666666666666,1.0,51.49710648148148
880ce4951cf857ab1d9e0b75c1d856f4,1,178.9,178.9,5.0,1,6.0,MG,1,178.9,0.10519843487982113,0.0,1.0,15.04616898148148
880eda903e719a5f179f7e9fceb3a69d,1,249.0,249.0,1.0,1,5.0,SP,1,249.0,0.17156626506024095,1.0,,
883dd81e82754ac2c65e9790a7db8c9a,5,319.5,63.9,4.4,2,1.2,PR,9,35.5,0.24103501950428347,0.2,1.0,7.172194444444445
88460e8ebdecbfecb5f9601833981930,248,31546.550000000003,104.4587748344371,3.355481727574751,1,1.0,PR,10,3154.655,0.18628779450258276,0.3211920529801324,0.8033333333333333,18.26756948302469
888faa8bfb0b159c37de6d898b961c31,19,2418.2999999999997,105.14347826086956,3.869565217391304,8,1.4782608695652173,SC,13,186.0230769230769,0.289221456015064,0.17391304347826086,1.0,8.40657306763285
889009a0ed0bb52c87819941192931b8,1,89.9,89.9,4.0,1,3.0,SP,1,89.9,0.36796440489432697,0.0,1.0,12.207511574074074
88ae906ea2acf6971f26c3e8b7cb4357,3,246.0,82.0,3.3333333333333335,1,2.0,SP,2,123.0,0.17077235772357724,0.0,0.6666666666666666,15.088244598765433
88af55b4a7ca402b27df16f7c7c9b5d2,1,130.0,130.0,1.0,1,1.0,SP,1,130.0,0.08861538461538461,1.0,,
88cd3681e0a2ba85e190f7d817629c4c,1,180.0,180.0,4.0,1,2.0,SC,1,180.0,0.10755555555555556,0.0,1.0,7.015775462962963
88cf19ec1fc2c58f161aee259d57142c,14,1372.97,98.06928571428571,4.5,3,1.4285714285714286,SP,4,343.2425,0.25634383389535265,0.0,1.0,6.444143518518518
88ef59b51bdaa941d10a853429f2b6ce,2,252.9,126.45,2.0,1,1.0,PR,2,126.45,0.4335931190732857,0.5,1.0,6.199189814814815
891071be6ba827b591264c90c2ae8a63,92,4177.28,42.625306122448976,3.704081632653061,10,5.510204081632653,SP,20,208.86399999999998,0.4433336009310213,0.2755102040816326,0.8333333333333334,13.207583976337448
8931a84a914b3fe9b1ddaa4d704947ca,29,4668.3,145.884375,3.774193548387097,1,1.375,SP,17,274.6058823529412,0.12875693718016806,0.25,0.84375,13.04958767361111
8936ba0de1073ee888cb3185ae5dc661,1,389.99,389.99,5.0,1,3.0,SP,1,389.99,0.05697581989281776,0.0,1.0,13.190671296296296
897060da8b9a21f655304d50fd935913,317,23023.92,53.544,3.390845070422535,3,1.291866028708134,SP,21,1096.3771428571429,0.47279748676248984,0.313953488372093,0.8789346246973365,14.86209574813918
89757206b887aed36f3e18d858460fea,2,120.5,60.25,5.0,1,1.0,SP,3,40.166666666666664,0.46265822784810123,0.0,1.0,9.605752314814815
89a51f50b8095ea78d5768f34c13a76f,10,677.16,61.559999999999995,4.7272727272727275,1,3.3636363636363638,DF,4,169.29,0.5112998739080773,0.0,1.0,7.4841866582491585
89ad3263c0931c47f976d7c5778e60f6,6,568.2,94.7,4.166666666666667,1,1.6666666666666667,SP,2,284.1,0.34819690178710944,0.16666666666666666,1.0,6.547744984567902
89bc797e2e29667aa035d4368f9b7f92,17,407.3,20.365000000000002,3.75,1,1.45,SP,7,58.18571428571429,0.7310383474001114,0.2,0.8421052631578947,15.062043737816763
89c127985a8b130cfa45c1d36764017a,7,1419.5700000000002,202.7957142857143,3.0,5,1.2857142857142858,SP,9,157.73000000000002,0.1307331851229179,0.42857142857142855,1.0,10.99207561728395
89d9a386b0b6e5fc8403071b03f7206a,2,167.0,33.4,3.4,0,,SP,1,167.0,0.4086826347305389,0.0,1.0,13.628557870370372
89dda63a3c907c468ec88c310ed91213,2,734.99,367.495,3.0,1,1.5,SP,1,734.99,0.2424706714213464,0.5,1.0,25.440254629629628
89de2d6f23e9746ff309705b23581faa,8,340.0,42.5,2.7142857142857144,1,1.0,PR,2,170.0,0.47335,0.5,1.0,9.644796006944444
89f69225956f951295ca4c7fb1266553,11,1041.3,86.77499999999999,4.333333333333333,5,4.166666666666667,RJ,4,260.325,0.3767238604984186,0.08333333333333333,0.9166666666666666,9.75869212962963
8a130737016f838139d31878787a39c9,56,4222.03,68.09725806451613,4.354838709677419,2,4.225806451612903,SP,8,527.75375,0.22231778768864882,0.08064516129032258,0.9354838709677419,10.235345355436081
8a1ff5c35f6595a73fef4c7b96e4908a,2,1598.0,799.0,5.0,1,1.0,PR,3,532.6666666666666,0.17822277847309137,0.0,1.0,10.34066550925926
8a207b6080964f3c1fc9d35bd6096ba4,2,553.7,184.5666666666667,5.0,2,1.3333333333333333,SP,3,184.5666666666667,0.2974309560886356,0.0,0.6666666666666666,21.59709490740741
8a2d12a90e92f012ce5226fc6592b653,18,1594.6499999999999,88.59166666666665,4.588235294117647,2,1.3888888888888888,PR,9,177.1833333333333,0.38326564027748783,0.05555555555555555,1.0,9.35801440329218
8a32e327fe2c1b3511609d81aaf9f042,132,6429.01,35.716722222222224,3.7752808988764044,2,1.8444444444444446,SP,17,378.1770588235294,0.5209223863733633,0.2,0.9408284023668639,9.098777531229455
8a40ae794fa3f9892cee24bd5af0488b,6,739.85,123.30833333333334,3.1666666666666665,3,2.1666666666666665,PR,13,56.91153846153846,0.5312339996498777,0.3333333333333333,0.6666666666666666,27.80233024691358
8a43128d7f9a3db592b866e6861a6cce,3,990.5999999999999,247.64999999999998,2.0,3,2.0,SP,3,330.2,0.1273745979356792,0.75,1.0,6.657034143518518
8a432f4e5b471f8da497d7dc517666e2,95,7555.0,71.27358490566037,4.201923076923077,3,1.179245283018868,SP,5,1511.0,0.2781198209298345,0.12264150943396226,0.9339622641509434,7.961400462962962
8a87611c08849ffeeccab52aa798b6c7,13,2369.8,169.27142857142857,2.642857142857143,4,3.0714285714285716,PR,3,789.9333333333334,0.24065658631426737,0.5714285714285714,1.0,8.858441358024692
8a8835a43bda99fd37310ad76c457510,2,224.34,74.78,4.333333333333333,1,1.0,SP,2,112.17,0.14853806814357928,0.0,1.0,6.612322530864198
8a9260f2b0340411d6d2a56bcf4f7378,8,1256.0,139.55555555555554,4.777777777777778,4,1.0,MG,7,179.42857142857142,0.2794627973159798,0.0,0.8888888888888888,9.192312242798355
8ab42aa58097fd4668d60cc648225d5f,20,2616.75,100.64423076923077,4.153846153846154,2,1.0,GO,11,237.88636363636363,0.4648973690060731,0.07692307692307693,1.0,11.153124554843306
8ae520247981aa06bc94abddf5f46d34,65,16320.99,251.09215384615385,4.446153846153846,4,1.9538461538461538,SC,10,1632.099,0.15339359236503822,0.09230769230769231,0.9846153846153847,10.97949643874644
8b11118053756a9a2932f447e11fc1b5,1,79.99,79.99,3.0,1,2.0,SP,1,79.99,0.13964245530691338,0.0,1.0,11.909560185185185
8b181ee5518df84f18f4e1a43fe07923,1,27.9,27.9,5.0,1,1.0,SP,1,27.9,0.9706093189964158,0.0,1.0,14.560891203703704
8b2492b7ff4468839593fafeed55bad9,29,3660.08,81.3351111111111,3.888888888888889,1,1.1777777777777778,RJ,12,305.00666666666666,0.35748427146510553,0.17777777777777778,0.8888888888888888,14.963503086419754
8b28d096634035667e8263d57ba3368c,143,9375.7,60.4883870967742,3.861842105263158,14,2.6903225806451614,SP,18,520.8722222222223,0.42512582459031656,0.18064516129032257,0.8675496688741722,14.29172338729458
8b2d4ab22f42c5cfc338b846decfda60,6,458.0,50.888888888888886,4.777777777777778,2,4.888888888888889,PR,6,76.33333333333333,0.44531192129629626,0.0,1.0,12.676804269547326
8b321bb669392f5163d04c59e235e066,943,17535.69,17.225628683693515,3.995069033530572,11,1.0982318271119842,SP,11,1594.1536363636362,0.9158403667986097,0.17092337917485265,0.8975124378109453,12.61689872397273
8b655f0855926bcb49f5835d38dfddf6,5,1089.5,217.9,4.8,1,2.6,SP,4,272.375,0.06634255576840405,0.0,0.8,5.609800925925926
8b87cd0d43d49b9bdf40f56229364d59,5,1552.9,310.58000000000004,2.6,2,3.2,SP,3,517.6333333333333,0.21445840988424406,0.6,1.0,15.342019675925926
8b8cfc8305aa441e4239358c9f6f2485,15,11892.0,792.8,4.2,2,2.8,PR,16,743.25,0.12089456909568562,0.13333333333333333,0.8666666666666667,12.536666666666667
8b9d6eec4a7eb7d0f9d579ce0b38324d,49,4232.54,79.85924528301886,4.056603773584905,2,1.2830188679245282,RJ,4,1058.135,0.40074795158892723,0.16981132075471697,0.8461538461538461,10.042015446937322
8bb48dc19fccaa8613b6229bf7f452a2,82,4190.72,44.11284210526316,4.336842105263158,4,1.0315789473684212,SP,10,419.072,0.5972075843797174,0.10526315789473684,0.9789473684210527,11.172459673489278
8bd0e3abda539b9479c4b44a691be1ec,7,596.55,45.888461538461534,1.6923076923076923,1,1.1538461538461537,RS,9,66.28333333333333,0.5512265563345398,0.7692307692307693,0.6666666666666666,22.936135223765433
8bd0f31cf0a614c658f6763bd02dea69,33,4455.34,127.29542857142857,4.205882352941177,3,2.657142857142857,SP,20,222.767,0.28030842296900377,0.08571428571428572,0.9714285714285714,10.124262235449736
8bdd8e3fd58bafa48af76b2c5fd71974,11,2324.82,211.34727272727275,4.545454545454546,1,1.0,SP,8,290.6025,0.08764912644771804,0.09090909090909091,0.8,10.378738425925926
8c0de775f52fe41590b376a3b7c50f68,9,672.7,74.74444444444445,3.888888888888889,1,1.0,SP,5,134.54000000000002,0.20341336956120692,0.1111111111111111,1.0,6.2137239583333335
8c16d1f32a54d92897cc437244442e1b,108,5642.6,47.81864406779661,4.327586206896552,8,3.5508474576271185,SC,23,245.3304347826087,0.444100941182493,0.07627118644067797,0.9830508474576272,10.976750333490271
8c351ed7c326c62123318f4f3246e906,2,114.9,57.45,5.0,1,1.0,SP,9,12.766666666666667,0.3105076642889664,0.0,1.0,10.105011574074075
8c3b533c63cca56240f94f1e3a6b18ef,5,3312.16,414.02,1.3333333333333333,2,1.75,MG,7,473.1657142857143,0.2945230518919122,0.625,0.2,49.224266203703706
8c5e007d7bd5693fa1386ffefbc99f6c,9,1029.11,42.87958333333333,4.166666666666667,1,2.0416666666666665,SP,3,343.03666666666663,0.374559309227422,0.16666666666666666,1.0,11.912432484567901
8c91bfea4263b8fba54081460693e2a1,2,739.0,369.5,5.0,1,4.0,RS,1,739.0,0.10862052098737346,0.0,1.0,12.129247685185184
8c9348f33ae3dada25c99c99ade2af78,2,312.99,156.495,5.0,2,2.5,SP,2,156.495,0.20294730114157283,0.0,1.0,10.17058449074074
8ca1551acf9832a4cf467bbbac15851f,11,2176.4,181.36666666666667,3.6666666666666665,3,3.6666666666666665,PR,7,310.9142857142857,0.13444727664616204,0.25,0.8333333333333334,15.862967785493828
8ca5b19e0263150d2c57afdde2b3d011,3,180.60000000000002,45.150000000000006,4.75,1,4.0,SP,2,90.30000000000001,0.3230423095552376,0.0,1.0,5.376125578703704
8cb7c5ddf41f4d506eba76e9a4702a25,2,138.0,69.0,3.0,1,1.0,GO,3,46.0,0.3215217391304348,0.5,1.0,16.01363425925926
8cbac7e12637ed9cffa18c7875207478,67,2990.98,36.47536585365854,4.146341463414634,4,1.975609756097561,SC,20,149.549,0.7131491898611981,0.10975609756097561,0.9506172839506173,13.53819973136717
8cc6a0e5738e61a87b03c78b2ba9db4b,24,13312.4,512.0153846153846,4.153846153846154,6,1.6666666666666667,MG,3,4437.466666666666,0.1354773004873763,0.11538461538461539,0.9166666666666666,16.687734857253087
8ccf3cf69651cc1d8a02c8bfaf3b8568,2,250.0,125.0,3.5,1,4.0,SP,2,125.0,0.15452,0.0,0.5,25.706637731481482
8cf21434553b02cbd37c0bbd07e041b0,2,94.98,47.49,2.5,1,1.0,SC,5,18.996000000000002,0.7204660536463816,0.5,1.0,11.212523148148149
8d46553a36e68f95350a200c12f8f2e2,13,746.6,46.6625,3.125,2,1.0,SP,8,93.325,0.6862986500008962,0.3125,1.0,17.23615951178451
8d79c8a04e42d722a75097ce5cbcf2ef,27,2777.7200000000003,99.20428571428572,4.464285714285714,1,1.0,CE,15,185.18133333333336,0.5063035043379659,0.10714285714285714,0.8518518518518519,19.56749485596708
8d899e15a5925f097cca50faa49b15e3,4,645.0,64.5,2.5,2,2.3,SP,4,161.25,0.2088049292404906,0.6,0.4,7.504748842592592
8d92f3ea807b89465643c219455e7369,3,121.2,15.15,1.0,1,1.0,SP,2,60.6,1.7223518847648456,1.0,0.125,42.1159056712963
8d956fec2e4337affcb520f56fd8cbfd,211,11015.19,48.312236842105264,4.18859649122807,13,3.3991228070175437,SP,11,1001.3809090909091,0.35746827023242816,0.10526315789473684,0.9030837004405287,9.30171148433676
8daab2245ebdc277c51098d01c5ad8ef,16,1604.59,100.286875,4.625,4,2.1875,SP,5,320.918,0.19647243869133632,0.0,0.9375,10.034896556712964
8dd386be0767c330276ea6a3f96532d3,1,89.98,44.99,5.0,1,2.0,SC,1,89.98,0.49455434541009113,0.0,1.0,10.293009259259259
8de8fe3af4449ed695d2434c933ed73e,1,2090.0,2090.0,5.0,1,1.0,SP,1,2090.0,0.031267942583732056,0.0,1.0,10.056851851851851
8def3db7f272735afb2ecd03aeca09a7,2,196.0,98.0,5.0,1,4.0,RJ,2,98.0,0.1716326530612245,0.0,1.0,2.659195601851852
8dfbc5ff27df12f6cef751d3b9554222,4,226.0,56.5,4.5,1,2.5,PR,4,56.5,0.8845223930481283,0.0,1.0,10.066796875
8e29d051f810eb22959ede205b462b9f,2,599.8,299.9,4.0,1,5.0,SP,1,599.8,0.3559186395465156,0.0,0.5,31.752569444444443
8e2b3afb420011ef0c88c9d5f11ea526,11,1384.5,125.86363636363636,4.2727272727272725,2,1.0,SP,3,461.5,0.12446853365185971,0.09090909090909091,0.9090909090909091,10.559795875420875
8e34331b7eedd03be4e5d965c1956225,5,145.0,29.0,4.8,1,1.0,SP,7,20.714285714285715,0.4683833333333333,0.0,0.8,13.948203703703703
8e4f041ff58e7845456d3482524014b3,2,133.8,66.9,3.0,1,7.0,RS,2,66.9,0.3631539611360239,0.5,0.5,24.080474537037034
8e670472e453ba34a379331513d6aab1,1,975.0,975.0,1.0,1,1.0,MG,1,975.0,0.11175384615384615,1.0,0.0,86.00116898148148
8e6cc767478edae941d9bd9eb778d77a,106,6830.58,59.91736842105263,3.892857142857143,2,1.1578947368421053,MG,18,379.4766666666667,0.6439669084978242,0.19298245614035087,0.9259259259259259,16.496237675754458
8e6d7754bc7e0f22c96d255ebda59eba,85,14497.27,111.51746153846155,2.973076923076923,1,1.0076923076923077,SP,9,1610.8077777777778,0.1344555316673064,0.45384615384615384,0.875968992248062,14.082051751363768
8e8a7ce9f2f970dc00e2acf6f6e199f6,65,9101.0,137.8939393939394,4.030769230769231,1,4.878787878787879,RJ,10,910.1,0.13325937569569038,0.12121212121212122,0.90625,12.201920572916666
8ea394aed8138685abe1eb9f25e1021d,2,1340.0,670.0,4.0,1,3.0,SP,7,191.42857142857142,0.05791044776119403,0.0,1.0,11.29025462962963
8eb88b0acb3f90a717ad659221471fa7,2,119.8,59.9,4.5,1,1.0,SC,6,19.966666666666665,0.3411519198664441,0.0,1.0,12.252141203703705
8ec76bb0965af3f007692b26fa9d6623,1,1999.0,1999.0,5.0,1,4.0,SC,1,1999.0,0.014882441220610306,0.0,1.0,11.309363425925927
8ed8ea9a57c862f2c18c2fe41f601d56,19,3831.9,201.67894736842106,4.473684210526316,2,5.0,SC,3,1277.3,0.19109165590870764,0.05263157894736842,1.0,8.578249878167641
8f0fbe2cd4d472157dc1cdef6edecaa9,2,71.88,35.94,3.0,2,1.0,SP,3,23.959999999999997,0.39577529588834914,0.5,1.0,7.662847222222222
8f119a0aee85c0c8fc534629734e94fd,77,3733.68,44.984096385542166,4.216867469879518,8,2.0481927710843375,SP,20,186.684,0.3571201815565331,0.0963855421686747,0.9382716049382716,9.895761459762232
8f2b51a30523cdecddc2f179f351c7d6,7,1027.9,128.4875,3.875,1,1.25,SP,4,256.975,0.23220047116399048,0.25,1.0,13.104777199074075
8f2ce03f928b567e3d56181ae20ae952,153,21712.9,124.07371428571429,4.063218390804598,1,1.9657142857142857,SP,17,1277.229411764706,0.19236088479886357,0.14285714285714285,0.8546511627906976,14.378301639211886
8f54d64f28a993550aa7943f12572959,15,2755.5,172.21875,3.8125,1,1.0,MG,10,275.55,0.16563774519440422,0.25,0.9375,13.924188368055557
8f580d36c1e9d6fbce95283403c7d447,8,4813.25,601.65625,4.375,1,4.0,SP,9,534.8055555555555,0.041220244251136476,0.125,0.875,12.273006365740741
8f78f0903005064036736c7173a5c2ed,13,2113.7000000000003,100.65238095238097,3.4761904761904763,4,3.761904761904762,MG,16,132.10625000000002,0.41714610967188637,0.2857142857142857,0.9523809523809523,18.313836529982364
8fb67a334bacec338885b4e9e1708073,1,59.9,59.9,5.0,1,2.0,PR,1,59.9,0.6430717863105176,0.0,1.0,8.214791666666667
8fb791022c1fc8909664f48ab7dc636d,5,8119.95,1623.99,4.2,1,2.6,SP,1,8119.95,0.0461014958378254,0.2,1.0,5.729247685185185
8fbd63429be6d3e5e6d1a709b6464802,6,1061.4,132.675,4.625,1,1.0,SP,3,353.8,0.212510402653502,0.0,1.0,8.535163483796296
8fbe2ee446b97e128471be4ce983dc0d,3,148.5,49.5,3.0,1,1.0,SP,3,49.5,0.3243963807227082,0.6666666666666666,0.6666666666666666,8.099621913580247
8fd3b4468f6425810648177996c14cbd,1,354.9,354.9,5.0,1,1.0,SP,1,354.9,0.06105945336714568,0.0,1.0,9.97412037037037
8fdca8e349553f99bc738833a62c8802,22,989.34,34.115172413793104,4.357142857142857,3,1.4827586206896552,SP,11,89.94,0.6705557046422431,0.06896551724137931,0.9655172413793104,10.302422972541509
8fe8786ee000001ab51d030dfd4a7bf1,5,2255.0,451.0,4.6,1,6.0,SC,8,281.875,0.08970887505507663,0.0,1.0,15.866671296296294
8fec2e460530482132c436cfb5439925,3,468.46,93.692,3.8,1,1.2,SP,2,234.23,0.21915292818261078,0.0,0.4,32.48059259259259
8ff1a9df749e454105c55cda13e79143,13,1400.6000000000001,100.04285714285716,3.727272727272727,5,1.6428571428571428,SP,8,175.07500000000002,0.22765848624803078,0.21428571428571427,1.0,12.379569279100528
8ff38bc3969e67c36c48343a07090f66,2,3472.0,434.0,2.5,1,1.0,SP,2,1736.0,0.11162442396313363,0.5,1.0,16.915497685185183
8fff28c4263ddec387f28d237fb42773,4,339.4,56.56666666666666,3.6666666666666665,2,2.1666666666666665,SP,19,17.86315789473684,0.8425547729067979,0.3333333333333333,1.0,7.907699652777778
900ba814c251a692506d7834c1218441,88,29099.690000000002,330.6782954545455,4.188235294117647,1,3.522727272727273,SP,14,2078.549285714286,0.08848259394788921,0.09090909090909091,0.8604651162790697,12.483181524547804
901b460cdce0c64e471230d7f2f9f3a3,5,1904.0,380.8,4.4,2,4.4,RS,10,190.4,0.05890897502802792,0.2,1.0,15.51374537037037
902c99f1ac505c0d18778b61bcd636f7,4,157.96,39.49,4.0,2,1.75,SP,2,78.98,0.8839192992564691,0.25,1.0,4.851431327160494
903037660cf848a717166eb7a06d616e,45,7991.51,133.19183333333334,3.7666666666666666,4,1.25,SP,20,399.57550000000003,0.2513885975113065,0.21666666666666667,0.847457627118644,11.60565069836786
90b36c5aeb728d5504a39f435bef0c5f,5,207.85999999999999,29.694285714285712,3.2857142857142856,3,1.0,SP,2,103.92999999999999,0.6730686481747252,0.42857142857142855,1.0,11.74271412037037
90b57083da5d803237da74daec6dcb2b,2,206.9,103.45,5.0,2,1.0,PR,4,51.725,0.5517575596346547,0.0,1.0,7.904450231481482
90d4125885ab6c86e8820a722be71974,3,1299.5500000000002,259.91,1.0,1,4.0,SP,1,1299.5500000000002,0.03339617559924589,1.0,,
910a922b426b7ff95eaee129ad6c0e1f,2,119.8,59.9,5.0,1,1.0,SP,1,119.8,0.2601001669449082,0.0,1.0,14.63134837962963
913fd0ebba70bb919f7254a02239173c,1,159.9,159.9,1.0,1,4.0,SC,1,159.9,0.12020012507817385,1.0,1.0,13.430914351851852
9140bd1d9de28b197dce077bdd687438,6,1258.87,157.35875,4.125,1,2.0,SP,4,314.7175,0.2673342872682629,0.0,1.0,5.334270833333333
9140ef75cc8211c4035935e80e567204,1,49.9,49.9,5.0,1,1.0,PR,1,49.9,0.4464929859719439,0.0,1.0,12.179131944444444
91543f9849d68d023e17194926598543,4,834.0,139.0,4.333333333333333,1,3.3333333333333335,SC,7,119.14285714285714,0.31699386029782545,0.0,1.0,10.965138888888887
916748bc99315c2d202898ae58b1617e,25,369.40000000000003,11.543750000000001,4.34375,2,1.2,SP,10,36.940000000000005,1.144657287157287,0.0625,1.0,10.402569444444444
916c9de0b5ad957346eeeb12f332687e,23,5480.25,195.72321428571428,4.392857142857143,1,1.0,PR,14,391.44642857142856,0.09534932816159178,0.07142857142857142,1.0,8.174615483539094
918717417d88a9f9ae9735567e6c7682,4,345.70000000000005,86.42500000000001,5.0,3,2.25,SP,3,115.23333333333335,0.2734587940521952,0.0,1.0,8.146559606481482
918f6fbcf3ab724d805867303e593a1b,2,79.69999999999999,26.566666666666663,4.333333333333333,2,1.0,SP,2,39.849999999999994,0.41562548969568364,0.0,1.0,5.639139660493828
9198786624eaeb375793215cad26cfa6,9,908.3000000000001,90.83000000000001,3.9,3,1.0,SC,15,60.553333333333335,0.2462589108677054,0.3,1.0,12.382560442386831
91f0eec23d4a61d7d7caeefa3f0ad1ca,11,2190.8,199.16363636363639,3.5454545454545454,1,1.1818181818181819,SC,18,121.71111111111112,0.1618380227116756,0.2727272727272727,0.7272727272727273,26.144559132996633
91f5779a8731baca4809fdeade81803f,6,1971.46,328.57666666666665,3.8333333333333335,2,1.0,RJ,6,328.57666666666665,0.237291966394791,0.16666666666666666,1.0,16.374195601851852
91f848e9f4be368f4318775aac733370,63,5932.599999999999,81.26849315068492,4.267605633802817,1,2.935483870967742,SP,7,847.5142857142856,0.22098119956723564,0.0684931506849315,0.9714285714285714,10.34480357142857
9200e6ce317b67196b6b0bad4d4bd567,1,36.9,36.9,3.0,1,7.0,RJ,1,36.9,0.3934959349593496,0.0,1.0,16.296388888888888
921323538c9f1c4e816f2720eac02bea,15,1401.84,82.46117647058823,4.0,3,1.4705882352941178,SP,10,140.184,0.2635169374039263,0.11764705882352941,0.8235294117647058,8.079127178649237
9261d76c62caaf0b24677c2ceb7f8f20,6,968.7,138.3857142857143,3.7142857142857144,1,2.7142857142857144,SC,2,484.35,0.25944971400171407,0.0,1.0,7.656248346560846
92992bec39dde5766f590d3b1f46d465,1,109.0,109.0,1.0,1,1.0,SP,1,109.0,0.11623853211009175,1.0,,
929f342384a6607afe143d789ade1316,4,209.4,52.35,5.0,3,1.0,PR,3,69.8,0.3629551197747931,0.0,1.0,4.4983478009259255
92c8bc6e8f925792247656fed09aad65,3,259.7,86.56666666666666,2.3333333333333335,1,1.0,SP,3,86.56666666666666,0.18682643230919158,0.6666666666666666,0.5,13.436047453703704
92d14edfb62ee5ae7fdff70b0f4e7233,8,322.0,24.76923076923077,2.769230769230769,3,2.0,SP,8,40.25,0.7890588902109597,0.46153846153846156,1.0,7.015035612535613
92eb0f42c21942b6552362b9b114707d,341,6548.63,17.94145205479452,3.930939226519337,3,1.7780821917808218,SP,19,344.66473684210524,0.8871097614906357,0.16712328767123288,0.9245810055865922,13.478276950134493
9315e491484b1b0081ca166fc164108d,1,29.99,29.99,3.0,1,2.0,PR,1,29.99,1.014004668222741,0.0,1.0,7.280138888888889
933446e9a59dece7ae9175103820ca8f,2,381.39,127.13,2.3333333333333335,1,1.3333333333333333,PR,2,190.695,0.18870176597560118,0.6666666666666666,1.0,24.027141203703703
934ed5cd1b9c1c7382d0a94a94b9e639,1,125.85,125.85,5.0,0,,PR,1,125.85,0.2115216527612237,0.0,1.0,13.127384259259259
939e6227d6964a11a70aa91243e418f2,4,425.0,106.25,4.25,1,4.75,MG,1,425.0,0.1491260999812769,0.0,1.0,5.3417332175925925
939f6e231201f26803cb5c3a3d2940b3,3,130.6,32.65,4.75,1,1.5,SP,1,130.6,0.8380454591860407,0.0,1.0,9.902161458333333
93b9a99027bd8bd6af682aff18dd19bf,20,1953.0,93.0,4.1,2,1.7222222222222223,SP,20,97.65,0.284963337766947,0.047619047619047616,1.0,11.368078125
93bef6edaa84956e8e575016449b6351,1,115.0,115.0,5.0,1,1.0,SP,1,115.0,0.12660869565217392,0.0,1.0,9.925324074074075
93dc87703c046b603023e75222018b45,35,8517.35,236.59305555555557,4.0,3,1.3333333333333333,MG,9,946.3722222222223,0.09915892286328537,0.1388888888888889,0.9117647058823529,19.72265727124183
94144541854e298c2d976cb893b81343,68,17286.28,227.45105263157893,4.333333333333333,3,3.3815789473684212,RS,13,1329.7138461538461,0.41537111726364967,0.10526315789473684,0.9605263157894737,12.354747807017544
941554c5757b73ba0e50aa7732310afc,3,107.69,26.9225,4.5,1,2.0,SP,3,35.89666666666667,0.5463386122272418,0.0,1.0,7.5560937500000005
94165aea8a35c3c21499cbcae239b16c,1,180.0,180.0,2.0,1,4.0,MG,1,180.0,0.0895,1.0,1.0,6.158113425925926
94231344608e603693b0a8891143f65d,3,722.0,240.66666666666666,4.0,1,6.0,SP,4,180.5,0.1434209073039727,0.0,1.0,12.531454475308642
9449f25aeaf531019b76999ea49a6949,10,2046.45,204.645,4.0,1,1.0,RJ,11,186.04090909090908,0.08964758064619568,0.2,0.7777777777777778,13.614467592592591
9485a23c0430ba1d58d359391606fce6,5,1129.9,225.98000000000002,3.2,1,2.6,SP,10,112.99000000000001,0.06303975505650813,0.2,0.75,13.413342013888888
94b9108d4b637ba65bb4f1e53cfcf8d8,7,234.95999999999998,29.369999999999997,4.5,2,2.375,SP,12,19.58,1.2510693561923423,0.125,0.875,16.451164641203704
94c49f20a123aeb9360dbf80ff912bf6,3,277.75,92.58333333333333,3.6666666666666665,2,1.0,SP,2,138.875,0.2754179992107999,0.3333333333333333,1.0,14.152438271604938
94ca168e8bcb407ab85c5da308863027,5,224.3,44.86,5.0,2,1.0,SP,10,22.43,0.39760453491422276,0.0,1.0,12.487648148148148
94d76e96eedd976258cd3278ce56d5f2,1,385.61,385.61,5.0,1,8.0,SP,1,385.61,0.1777962189777236,0.0,1.0,7.032673611111111
94e93ce877be27a515118dbfd2c2be41,30,5674.57,162.13057142857141,3.9411764705882355,9,1.088235294117647,SP,6,945.7616666666667,0.23237154434468016,0.17142857142857143,1.0,13.381931849128542
951e8cef368f09bb3f3d03c00ca4702c,64,4092.29,57.63788732394366,4.117647058823529,2,1.0,SP,5,818.458,0.36177855058540564,0.1267605633802817,0.9130434782608695,9.187698604401504
9523fb39dd240aa958e040f8183d64f3,1,146.99,146.99,1.0,1,2.0,SP,1,146.99,0.14490781685828968,1.0,1.0,21.88304398148148
9535a841eecebed61a9fb1ac1cbb5597,2,784.9,392.45,3.0,1,3.5,SP,2,392.45,0.05658017745795608,0.5,1.0,9.502650462962963
9539213aa8e023c01937bef95dc006da,9,229.1,25.455555555555556,4.555555555555555,1,1.0,SP,5,45.82,0.40860303001443493,0.0,0.6666666666666666,11.792710905349795
954e95f20808d7e5d11f0de292d078e0,3,158.78,39.695,4.75,0,,MG,3,52.92666666666667,0.7548655269161123,0.0,1.0,10.917008101851852
9558aa23f77a9e0a0eca83540999f43b,2,125.7,62.85,3.0,1,1.0,PR,1,125.7,0.2747351610327389,0.5,1.0,20.871423611111112
955fee9216a65b617aa5c0531780ce60,1287,135171.7,90.17458305537025,4.050437121721587,23,5.9566377585056705,SP,14,9655.121428571429,0.2585036321469586,0.14342895263509006,0.9191576086956522,10.740379176731079
9591fc341b1bfb7ef561e2968ec6e011,1,79.9,79.9,1.0,1,4.0,SP,1,79.9,0.17909887359198998,1.0,,
9596c870880d900012f2e8e6e30d06d7,22,8606.25,358.59375,4.041666666666667,4,3.625,MG,17,506.25,0.3095221722374316,0.08333333333333333,0.9565217391304348,13.437281099033816
9599519be538b98748162a2b48248960,1,570.0,190.0,1.0,1,2.0,SP,1,570.0,0.1053684210526316,1.0,1.0,22.617453703703703
95b293867b5862941c9cd74f756a3c68,9,648.1,72.01111111111112,3.5555555555555554,2,1.0,SP,4,162.025,0.17268386312331468,0.3333333333333333,0.5555555555555556,21.46414480452675
95cca791657aabeff15a07eb152d7841,1,9.99,9.99,5.0,1,1.0,PR,1,9.99,1.8248248248248249,0.0,1.0,3.7175
95e03ca3d4146e4011985981aeb959b9,175,11009.960000000001,57.046424870466325,4.00261780104712,13,3.233160621761658,RJ,16,688.1225000000001,0.3666430749011561,0.15025906735751296,0.968421052631579,12.354240740740742
95ec4458365c4d11f452ccf538377619,27,1866.76,60.21806451612903,4.266666666666667,4,2.7096774193548385,SP,8,233.345,0.30359406623749324,0.12903225806451613,0.967741935483871,5.755570116487455
95f83f51203c626648c875dd41874c7f,52,3217.46,48.02179104477612,3.208955223880597,2,1.7313432835820894,MG,10,321.746,0.7027643651257919,0.44776119402985076,0.9538461538461539,11.095884081196582
960945e1a9535cbc0cd6ddd35fbe7ae8,28,3381.73,116.61137931034483,4.655172413793103,3,1.0344827586206897,SP,4,845.4325,0.18558974947551785,0.0,1.0,6.061004150702426
9616352088dcf83a7c06637f4ebf1c80,92,5703.0,58.19387755102041,4.244897959183674,1,1.0,PR,19,300.1578947368421,0.3158206159052808,0.10204081632653061,1.0,12.479685113592973
961dff0a659b4561334372337dd897d9,4,9946.0,2486.5,3.75,1,2.0,RJ,5,1989.2,0.01375203645612916,0.25,0.3333333333333333,20.515949074074076
9646c3513289980f17226a2fc4720dbd,71,3039.2999999999997,38.965384615384615,4.256410256410256,4,2.236842105263158,SP,20,151.96499999999997,0.49277497541901266,0.1282051282051282,0.9210526315789473,12.624502314814816
96493fab2fbb13a14d0c0e8772eef5c3,63,18969.0,296.390625,4.031746031746032,1,1.0,SP,17,1115.8235294117646,0.0812949394305045,0.15625,0.9375,13.393676396122686
964ff64dc05b13811c6d0f41e0aa5f6b,1,180.0,180.0,5.0,1,4.0,SP,1,180.0,0.13366666666666666,0.0,1.0,6.680775462962963
966cb4760537b1404caedd472cc610a5,75,51286.05,683.8140000000001,3.8513513513513513,1,2.8933333333333335,SP,6,8547.675000000001,0.03376152513882289,0.18666666666666668,0.9701492537313433,10.040945273631841
9674754b5a0cb32b638cec001178f799,86,5069.92,52.267216494845364,4.0,5,1.1237113402061856,SP,15,337.99466666666666,0.35481541495057356,0.1958762886597938,0.968421052631579,7.946671052631579
96804ea39d96eb908e7c3afdb671bb9e,38,3610.7000000000003,90.26750000000001,3.9,5,5.05,MG,15,240.71333333333334,1.9263437692415817,0.2,0.9743589743589743,13.42224952516619
968268a686aa05d1f529fb07dff08130,12,4677.29,389.77416666666664,3.5,2,1.5,SP,8,584.66125,0.058144355445741515,0.3333333333333333,1.0,9.403155864197531
968ee78631915a63fef426d6733d7422,2,450.0,225.0,3.0,1,5.0,RS,6,75.0,0.16086363636363638,0.5,1.0,15.264716435185186
96e5dc09087bad639b4ee193104ec2e5,2,101.9,50.95,4.5,2,2.0,RJ,1,101.9,0.9073000386932729,0.0,1.0,7.808726851851851
96f7c797de9ca20efbe14545bed63eec,1,138.60000000000002,46.20000000000001,1.0,1,1.0,SP,1,138.60000000000002,0.27683982683982683,1.0,1.0,1.9462268518518517
972d0f9cf61b499a4812cf0bfa3ad3c4,83,8089.29,91.92375,2.9642857142857144,1,1.0113636363636365,SC,11,735.39,0.28048837834508605,0.42045454545454547,0.8837209302325582,18.16777279823428
973f21788dfab357250f69a8dcb7ddee,10,909.0,43.285714285714285,2.3333333333333335,1,1.0,MG,18,50.5,0.8650515495086925,0.5238095238095238,0.631578947368421,21.206091617933726
974cf2cb8f4b7add98709c30df02fe10,33,2982.67,90.3839393939394,4.0606060606060606,2,5.03030303030303,SP,11,271.1518181818182,0.20171662303751617,0.15151515151515152,0.9666666666666667,11.269405092592592
97512d3fc193b2d1dfcdba0f9d1f0f8a,12,1458.8700000000001,112.22076923076924,4.3076923076923075,1,5.615384615384615,SP,6,243.145,0.2535855456521378,0.07692307692307693,0.9230769230769231,7.993189102564102
977f9f63dd360c2a32ece2f93ad6d306,24,2858.8700000000003,114.35480000000001,3.8,1,1.04,SP,12,238.2391666666667,0.35906802548394906,0.2,0.875,12.524404417438271
979e9f8b5b39dd243a2550c8b05aecf0,3,525.0,131.25,5.0,1,1.0,SP,4,131.25,0.10262559523809524,0.0,1.0,8.52640625
97e4a63591ca439a2b8b7efd20e6e19e,5,349.95,69.99,4.4,1,1.0,RJ,7,49.99285714285714,0.22446063723389056,0.0,1.0,6.431298611111112
97e50a621f8e801f4baf69e08687c192,1,89.9,89.9,5.0,1,2.0,SP,1,89.9,0.08765294771968854,0.0,1.0,9.454490740740741
97e995629983723d11830a829bc2b246,5,499.5,99.9,4.8,2,1.0,SP,10,49.95,0.30817908342173866,0.0,1.0,17.008074074074074
9803a40e82e45418ab7fb84091af5231,11,4278.75,237.70833333333334,3.111111111111111,7,1.3333333333333333,GO,4,1069.6875,0.46332184587256386,0.4444444444444444,1.0,15.709532536008233
980640c45d7a4635885491d077167e4d,14,1004.29,71.735,4.642857142857143,3,4.0,SP,2,502.145,0.2644406914801685,0.0,0.9285714285714286,7.608943452380953
98115075dd26cb8835946fc6086f5d30,4,434.96000000000004,108.74000000000001,4.75,1,5.333333333333333,SP,5,86.992,0.13525331976408428,0.0,1.0,4.25859375
984c273121e743dd14767befe6cb17f5,1,259.6,259.6,1.0,1,1.0,SP,1,259.6,0.08208782742681046,1.0,0.0,33.85025462962963
9853a239ab7b7ebbdc3a21248d5b8e1f,5,381.0,76.2,3.8,1,2.4,PR,8,47.625,0.2594921949560003,0.2,0.75,17.958078703703706
985c92cc412091f8529c12d7f23d3fef,12,1368.5,114.04166666666667,4.75,1,1.1666666666666667,MG,4,342.125,0.2106122317902319,0.0,0.9166666666666666,7.550009645061729
989becdce12ebc39863c2bceab6f3ca1,18,7840.88,435.6044444444444,4.555555555555555,3,1.8333333333333333,PR,22,356.4036363636364,0.20416406061532355,0.05555555555555555,0.8666666666666667,13.739216820987654
98dac6635aee4995d501a3972e047414,91,4235.85,21.722307692307695,3.8756476683937824,1,1.0102564102564102,SP,17,249.16764705882355,0.9856548547816082,0.24102564102564103,0.9526315789473684,8.496727095516569
98dddbc4601dd4443ca174359b237166,2,158.0,79.0,5.0,1,4.0,PR,1,158.0,0.33968354430379744,0.0,1.0,8.23082175925926
98e164d549402270247f3c96a1a158ef,2,162.7,81.35,2.5,1,3.5,SP,3,54.23333333333333,0.15363002212717528,0.5,1.0,8.833802083333333
98f52e1020fe788c10c0418de4393fec,1,21.6,21.6,4.0,1,1.0,RJ,1,21.6,0.699074074074074,0.0,1.0,9.267129629629629
99002261c568a84cce14d43fcffb43ea,36,4088.0,113.55555555555556,3.7222222222222223,2,2.1666666666666665,MT,11,371.6363636363636,0.2693751899908331,0.16666666666666666,0.9166666666666666,16.837109374999997
9906e7aa42a3c067b7c9a564d01c4320,12,2619.0,163.6875,4.0625,1,1.0625,PR,7,374.14285714285717,0.1873252565739035,0.25,0.875,16.24080005787037
994f04b3718c2bab35c2adfa8afecd2a,49,3445.7,60.45087719298245,4.280701754385965,3,1.3508771929824561,SP,10,344.57,0.2536404768164818,0.05263157894736842,0.9272727272727272,13.48990845959596
9996ae921c50e8dff411ac69c0b4bb8b,2,29.700000000000003,9.9,2.3333333333333335,1,2.0,SP,1,29.700000000000003,1.47037037037037,0.3333333333333333,1.0,16.56861111111111
999f6d9a1c7c81f43be44c6b7d076210,2,28.0,14.0,4.5,1,4.0,SP,3,9.333333333333334,0.8153571428571429,0.0,1.0,4.6904918981481485
99a25c39b28a74d1151c35c18d178292,1,173.94,28.99,5.0,1,1.0,SP,1,173.94,0.257330113832356,0.0,1.0,2.230983796296296
99a54764c341d5dc80b4a8fac4eba3fb,45,3708.7599999999998,55.35462686567164,3.4696969696969697,5,1.0,SP,5,741.752,0.6036707284608315,0.23880597014925373,0.7727272727272727,7.078410669191919
99cd94252748d2bdde08e17858233602,2,159.8,79.9,4.5,1,1.0,SP,1,159.8,0.1346683354192741,0.0,1.0,3.0130844907407406
99eaacc9e6046db1c82b163c5f84869f,66,13139.17,187.70242857142858,3.9,3,1.5178571428571428,SP,17,772.8923529411765,0.11786837555557833,0.2,0.8955223880597015,15.014922090934217
9a03a4e9eb0b947652fae4f6121a3f5e,7,1497.0,213.85714285714286,3.857142857142857,2,2.2857142857142856,SP,8,187.125,0.17093906769185407,0.14285714285714285,0.8571428571428571,13.86299107142857
9a1aea68d3efa00862ec88c0768037d0,7,1309.2,163.65,4.375,2,1.0,SP,6,218.20000000000002,0.14829794638631769,0.0,1.0,13.29107494212963
9a208dee8f95cfdf00760c4d627828ec,1,269.9,269.9,1.0,1,1.0,RJ,1,269.9,0.09666543164134865,1.0,,
9a84ba99f5367fdbd4598363496f1ea2,16,2284.98,142.81125,3.625,1,2.125,GO,17,134.4105882352941,0.2980850954721316,0.1875,1.0,10.512725308641977
9aa388272ee334b6ae07bc73706e254a,6,678.0,96.85714285714286,3.857142857142857,1,8.285714285714286,MG,6,113.0,0.2789285714285714,0.2857142857142857,1.0,7.597832341269841
9ac4f14370b1e24ddc58be041b7f99df,5,314.51,62.902,4.4,3,4.8,GO,6,52.41833333333333,0.40615079080870187,0.0,1.0,9.02382175925926
9ac75591b69c3402684b6ce0310f22ee,1,60.5,60.5,5.0,1,2.0,SP,1,60.5,0.1515702479338843,0.0,0.0,2.984837962962963
9add47bf45ce8e8c7db6b9cf670b1e09,43,4829.24,107.31644444444444,4.204545454545454,6,1.3333333333333333,PR,19,254.17052631578946,0.2746275479228642,0.08888888888888889,0.9767441860465116,12.256529661929372
9b00cad94ef3078faf6fba2e792c158f,1,354.9,354.9,5.0,1,2.0,MG,1,354.9,0.053310791772330245,0.0,1.0,19.39923611111111
9b00ed88b7fdb95d6ff76e27c1b52d16,47,1627.88,31.919215686274512,4.509803921568627,2,1.803921568627451,SP,13,125.22153846153847,0.4374615255663829,0.0784313725490196,0.94,9.049010879629629
9b013e03b2ab786505a1d3b5c0756754,174,9027.4,40.12177777777777,4.0,6,2.8444444444444446,SP,11,820.6727272727272,0.42021245739052693,0.17777777777777778,0.9454545454545454,7.997937447390573
9b1050e85becf3ae99c1cf4934c9bc5d,2,85.14,42.57,2.5,1,3.0,MG,3,28.38,0.3547098895936105,0.5,,
9b1585752613ec342d03bbab9997ec48,3,4248.98,1416.3266666666666,3.6666666666666665,2,1.0,RJ,1,4248.98,0.033463256609834284,0.3333333333333333,1.0,8.091628086419753
9b1ab052f5fca308ba743ac789ebb2e1,2,294.09000000000003,147.04500000000002,4.0,2,2.0,PR,2,147.04500000000002,0.10928042372830676,0.0,1.0,10.214050925925925
9b1f656ca3060f8af17a50d8a024b533,2,41.0,20.5,5.0,2,1.5,SP,2,20.5,1.4717754385964912,0.0,0.5,16.34451388888889
9b522ba7eae9e1d04082f267144583cc,4,1507.6,251.26666666666665,4.5,2,3.0,SP,12,125.63333333333333,0.21338810744846745,0.0,0.8,26.798921296296292
9b76ad3d04236f76bc71c59470305e13,2,394.70000000000005,131.5666666666667,5.0,1,7.0,SP,2,197.35000000000002,0.16888593824898313,0.0,1.0,4.845304783950618
9bade61a92bed55a25d2b67b9f4ed739,2,117.68,39.22666666666667,2.3333333333333335,1,1.0,PR,1,117.68,0.4874256586479106,0.6666666666666666,1.0,10.112179783950618
9baf5cb77970f539089d09a38bcec5c3,32,6129.67,185.74757575757576,4.333333333333333,7,2.0,SP,20,306.4835,0.13755847515889608,0.09090909090909091,1.0,14.813060980902778
9bc484c87d79cd4874e05ca182658045,9,1120.0,124.44444444444444,4.0,4,1.6666666666666667,SP,7,160.0,0.2642858347330244,0.2222222222222222,0.75,13.12238425925926
9bcdfa7b615b3abb9461d9e3ad9886ae,14,2126.07,106.30350000000001,4.6,1,2.2,SC,16,132.879375,0.5971444936046292,0.05,0.95,11.408699652777777
9bf11dfc0bec77e5a23028043c3c5a8f,1,115.0,115.0,1.0,1,1.0,MG,1,115.0,0.1483478260869565,1.0,0.0,31.544166666666666
9c068d10aca38e85c50202e17b4a7e88,17,2658.9,156.40588235294118,4.125,1,2.411764705882353,MS,10,265.89,0.2050796146694802,0.17647058823529413,0.8235294117647058,16.52933142701525
9c0e69c7bf2619675bbadf47b43f655a,157,33702.78,163.6057281553398,4.019607843137255,3,1.0,SP,14,2407.3414285714284,0.10287541490124041,0.15048543689320387,0.905,15.161132060185185
9c1c0c36cd23c20897e473901a8fb149,6,544.97,77.85285714285715,5.0,1,3.5714285714285716,SP,4,136.2425,0.38452600575862445,0.0,1.0,5.780507605820105
9c351405b754cc5ce3e2ecf277bb034a,1,45.0,45.0,1.0,1,1.0,SP,1,45.0,0.31355555555555553,1.0,,
9c3a1c416c765687bc79a04113269929,1,74.9,74.9,1.0,1,1.0,MG,1,74.9,0.7863818424566087,1.0,1.0,6.0855902777777775
9c3c24eca51c52b91c1de727d2a2ae06,6,307.5,51.25,4.5,2,3.3333333333333335,RS,20,15.375,0.3730306008479242,0.0,1.0,10.611865354938272
9c4d31c7e46ab03a43fc06e3142afd4e,2,1218.9,609.45,4.5,1,5.5,RJ,1,1218.9,0.033814756327586966,0.0,1.0,6.894334490740741
9c54608f0996c32ae4743089d915f845,3,194.8,64.93333333333334,4.0,1,1.6666666666666667,PR,2,97.4,0.5630196709964315,0.0,1.0,12.21988811728395
9c57bc60cfad5ee62d35d3f1ce4593a1,1,180.0,180.0,1.0,1,5.0,PR,1,180.0,0.08572222222222223,1.0,0.0,37.03043981481481
9c690ceacd5c66731bf443ea810195cb,10,871.8,72.64999999999999,4.416666666666667,2,1.0,MG,13,67.06153846153846,0.2968027980340616,0.08333333333333333,1.0,7.378122106481482
9c7fd21e0aa159b20da593371f08ff7c,7,798.3,99.7875,3.375,4,2.75,SP,6,133.04999999999998,0.19770435784654147,0.375,0.875,6.7072540509259255
9cad4b68bb993ee401a3c5aaa2bc26dd,5,649.3000000000001,92.75714285714287,3.4285714285714284,1,1.0,SP,7,92.75714285714287,0.1702981665391891,0.2857142857142857,0.8571428571428571,16.36822255291005
9cea4682e16655f7da87f406902e989e,4,87.75999999999999,9.75111111111111,2.3333333333333335,1,1.0,PR,12,7.313333333333333,2.509629625642544,0.6666666666666666,1.0,8.910434670781893
9cf787a239c1aa29dbd76f153dc13f9a,4,316.0,79.0,4.75,1,4.0,SP,3,105.33333333333333,0.16582278481012658,0.0,1.0,6.560300925925926
9d213f303afae4983637247556438ede,2,47.7,15.9,5.0,1,3.3333333333333335,SP,1,47.7,1.5327044025157235,0.0,1.0,6.905385802469136
9d39404483343dd55c7ae254494d8388,10,293.2,29.32,3.5,1,1.6,SP,6,48.86666666666667,0.4780266117884338,0.3,0.9,14.386840277777779
9d489893ff6af05029671b785f54b998,5,298.7,49.78333333333333,4.166666666666667,2,1.0,SP,15,19.913333333333334,0.3428996676473793,0.16666666666666666,0.8333333333333334,7.366913580246913
9d4db00d65d7760644ac0c14edb5fd86,98,9979.7,99.79700000000001,4.515151515151516,7,2.33,SP,9,1108.8555555555556,0.19342645526153737,0.05,0.9595959595959596,8.073691428170594
9d5604a1f112324ad6b2aa552122e0fb,13,421.5,24.794117647058822,3.6470588235294117,1,2.7058823529411766,SP,10,42.15,1.1340134669252315,0.29411764705882354,1.0,12.085738017429193
9d5a9018aee56acb367ba9c3f05d1d6a,67,10292.310000000001,130.28240506329115,4.405063291139241,5,1.6835443037974684,GO,13,791.7161538461539,0.1923111118464587,0.12658227848101267,0.9871794871794872,14.43177424620133
9d681c7e12db302cb261e721040dde65,13,785.6,56.114285714285714,4.928571428571429,1,3.0714285714285716,PR,4,196.4,0.42203425929730154,0.0,1.0,9.021041666666667
9d69ba0a7a626a64dc5db08e529559cf,1,19.3,19.3,5.0,1,1.0,SP,1,19.3,0.9450777202072538,0.0,1.0,13.860972222222221
9d7a1d34a5052409006425275ba1c2b4,13,1054.82,65.92625,3.75,4,1.875,SP,14,75.3442857142857,0.931674756075902,0.25,0.9375,12.984201388888888
9da15f4a4ea758d9eeb49000dbe57e22,1,196.9,196.9,2.0,1,1.0,SP,1,196.9,0.1915185373285932,1.0,0.0,22.51039351851852
9da1ca0bef29ee170e541927a5aeabdc,6,1484.3999999999999,247.39999999999998,3.0,2,2.5,SP,4,371.09999999999997,0.09567415513812892,0.3333333333333333,0.6666666666666666,16.803595679012343
9dc79dd988ac42f4d56c340d7048420a,4,749.6,187.4,4.75,1,6.0,SP,1,749.6,0.12219133399441245,0.0,1.0,6.52150462962963
9dd459b29a14bf89d47183cf2cd0e4c7,2,180.0,90.0,5.0,1,1.5,SP,8,22.5,0.1822,0.0,0.5,6.62347800925926
9dd59e43f0c9f0553244e8f9c2fb247e,10,356.3,35.63,4.8,1,1.2,PR,4,89.075,0.5017898942488419,0.0,0.9,13.135447916666667
9dda5bbacd45e18d6485fee649205d09,19,1912.6000000000001,86.93636363636364,4.2272727272727275,2,1.2727272727272727,MG,18,106.25555555555556,0.3018523287150191,0.13636363636363635,0.9090909090909091,14.653299137205387
9de4643a8dbde634fe55621059d92273,72,17560.34,216.79432098765432,4.530864197530864,2,2.037037037037037,SC,14,1254.31,0.13312561716572607,0.06172839506172839,0.9382716049382716,15.001743541380886
9df5750209b83567ec144eb299d7d634,11,4917.0,447.0,4.0,3,5.454545454545454,RS,22,223.5,0.0638373502953909,0.18181818181818182,0.9090909090909091,14.06586595117845
9e17b9d64683aebcbb9ee362d06463b4,2,98.69999999999999,32.9,1.0,2,1.0,SP,1,98.69999999999999,0.3819022563070848,1.0,,
9e25199f6ef7e7c347120ff175652c3b,1,12.5,12.5,4.0,1,3.0,SP,1,12.5,1.1616,0.0,1.0,8.199456018518518
9e6229250fedbe05838fef417b74e7fb,74,13132.2,168.36153846153846,3.8974358974358974,3,1.3076923076923077,SP,12,1094.3500000000001,0.15043569795256842,0.15384615384615385,0.961038961038961,11.88666366041366
9e6967d3cf386d284251784b18ccb485,9,517.67,47.060909090909085,3.6363636363636362,2,4.5,SP,3,172.55666666666664,0.4463203512267983,0.2727272727272727,0.9090909090909091,7.787544191919192
9e7c5f4d7770eab65738cca38f9efccf,2,184.8,92.4,3.5,1,1.0,SP,3,61.6,0.20230725425071713,0.0,1.0,7.437210648148148
9e94fa26a70ede4d26226e918e8706a2,1,62.8,62.8,5.0,1,5.0,SP,1,62.8,0.15828025477707006,0.0,1.0,5.644328703703704
9e9b539eb2806acee3f5c28085c1db9f,3,967.0,322.3333333333333,3.6666666666666665,2,2.6666666666666665,MG,2,483.5,0.08861830418172505,0.3333333333333333,0.6666666666666666,24.787878086419752
9ed65337433adfbedefd23dd76eaa494,6,1262.6,210.4333333333333,4.833333333333333,1,4.0,SP,9,140.2888888888889,0.17230589288226295,0.0,1.0,7.400858410493828
9ef932e837d8b7f392c0bfee9d359dc2,1,59.9,59.9,3.0,0,,SP,1,59.9,0.3282136894824708,0.0,0.0,36.47038194444445
9f50216bfd01913736a55a11b55ea842,17,1354.0,71.26315789473684,4.473684210526316,8,2.210526315789474,SP,3,451.3333333333333,0.2592193312227639,0.05263157894736842,0.7894736842105263,10.640924098440546
9f505651f4a6abe901a56cdc21508025,397,26361.82,61.306558139534886,4.28169014084507,7,2.4651162790697674,SP,11,2396.529090909091,0.38800355913685464,0.10697674418604651,0.9530516431924883,8.16848548078595
9f56a7a649097b166d8ed286ad86a15c,2,27.98,13.99,1.0,1,1.5,RJ,1,27.98,0.8092888202091104,1.0,,
9fbd5666d8618fa571c4230fafa09bd6,1,79.9,79.9,5.0,1,1.0,SP,1,79.9,0.2103879849812265,0.0,1.0,13.122824074074074
9fc70243fb26800cba56e8f014797004,6,466.6,66.65714285714286,4.571428571428571,2,1.0,MG,9,51.84444444444445,0.2500390346366254,0.0,1.0,9.620205026455027
9fe7c6641c79970ab48185498f547c09,1,130.0,130.0,5.0,1,1.0,SP,1,130.0,0.267,0.0,1.0,17.920046296296295
a00824eb9093d40e589b940ec45c4eb0,3,9399.97,3133.3233333333333,4.666666666666667,1,2.0,SP,7,1342.8528571428571,0.040512483120411946,0.0,1.0,8.007125771604938
a0415d9b25ede3c4b1e477e9916ffc03,10,4044.1,404.40999999999997,3.9,2,1.3,RJ,10,404.40999999999997,0.07218398682067664,0.2,1.0,8.927204218106997
a066df7361163e7ddc5d7452dd17448b,15,1078.3,63.42941176470588,4.470588235294118,1,4.411764705882353,SP,6,179.71666666666667,0.27956583471176755,0.11764705882352941,0.7647058823529411,15.814748774509804
a06c8ff043abea0528ee44171e2140a2,8,514.5,64.3125,4.75,3,3.5,MG,7,73.5,0.27453494529355277,0.0,1.0,3.879386574074074
a080fc8a850289b27500f6b49cca2553,4,383.0,95.75,4.75,2,1.75,SP,4,95.75,0.1471613628835421,0.0,1.0,5.423171296296296
a08692680c77d30a0b4280da5df01c5a,6,2433.0,143.11764705882354,5.0,1,2.2941176470588234,SP,10,243.3,0.09957493230174082,0.0,1.0,11.04900258714597
a09a13f18ed27932d08438aa6f12756e,1,29.9,29.9,3.0,1,4.0,RS,1,29.9,0.5387959866220736,0.0,1.0,8.917627314814816
a0a14e50070f3225b3eabba5b85da517,4,176.2,44.05,4.5,1,4.0,PR,2,88.1,0.41112372304199774,0.0,1.0,6.053330439814815
a0d7fbb07bb5ebc3b05980e750db56f3,3,848.99,212.2475,2.0,1,2.75,SP,4,212.2475,0.30754896452103403,0.75,1.0,17.37723090277778
a0e19590a0923cdd0614ea9427713ced,2,258.3,36.9,1.0,1,1.0,PR,2,129.15,0.5385985288424313,1.0,,
a1040efe9ff4a6f93c28b0499eada8f5,1,1658.83,1658.83,5.0,1,1.0,SP,1,1658.83,0.02078573452373058,0.0,1.0,17.278831018518517
a1043bafd471dff536d0c462352beb48,718,101901.16,132.33916883116885,4.189048239895698,3,1.2025974025974027,MG,19,5363.218947368421,0.3283088186460309,0.11818181818181818,0.9441489361702128,13.586722905585107
a11a0e0ca67423425691db355cff69b0,2,448.9,224.45,5.0,1,2.5,SP,2,224.45,0.06665749545510993,0.0,0.5,5.527760416666666
a13580f0e8f782b7a543885a0ef99f08,10,1304.9,130.49,4.4,2,2.3,RJ,10,130.49,0.20668968980145105,0.0,0.8,25.04871990740741
a13aaf2d2886ab9fb30fb9a920160b8f,4,1011.52,252.88,4.5,1,1.0,SC,2,505.76,0.0733642627392789,0.0,0.75,9.351059027777778
a1474fd46fd3430168f7ec202da39408,12,2752.5,196.60714285714286,4.428571428571429,3,1.2142857142857142,SP,9,305.8333333333333,0.2944636714323231,0.07142857142857142,0.8571428571428571,15.817856316137567
a150c540f572d0fb53992264bc5c10b5,1,119.9,119.9,4.0,1,1.0,SP,1,119.9,0.1300250208507089,0.0,1.0,10.858275462962963
a1544b9ea0b2390e020537d4daa89049,8,841.2,105.15,3.875,1,2.125,SP,19,44.27368421052632,0.1859031201276288,0.125,1.0,10.917319155092592
a154d7316f158bb42e6fa18bbe3afd3a,2,139.8,69.9,3.0,0,,SP,1,139.8,0.3600143061516452,0.5,0.5,47.48453125
a17f621c590ea0fab3d5d883e1630ec6,65,2778.58,34.73225,4.092105263157895,2,1.1,SP,14,198.47,0.515245451879353,0.1625,0.9358974358974359,11.659324103751187
a1bea7061f61f6fdd9a85a6325ba1033,9,810.95,90.10555555555555,4.444444444444445,8,2.111111111111111,SP,3,270.31666666666666,0.20851571353869355,0.0,0.8888888888888888,4.491721965020576
a1bea9970d8f65b240555f99c2214f7f,1,75.0,75.0,3.0,1,4.0,PR,1,75.0,0.3664,0.0,1.0,9.306875
a1ed30492b3b798bc121845bc4aa7366,1,41.8,20.9,3.0,1,1.0,SP,1,41.8,0.5669856459330144,0.0,,
a20d8058c866dbaeca014d2cd20ac62e,2,1194.0,597.0,5.0,1,14.0,SP,6,199.0,0.037604690117252926,0.0,0.5,23.55626736111111
a213f1bd6458f4a158f3746cb2514559,1,41.52,41.52,5.0,1,1.0,PR,1,41.52,0.34754335260115604,0.0,1.0,8.3459375
a218df5c097b0ca409cfaac1488cc7f6,4,130.69,32.6725,2.75,3,2.5,SP,2,65.345,1.4629179499800729,0.25,1.0,11.561912615740741
a21c11ec5c3f03e7cc9f9203bff9e1c6,3,385.0,96.25,3.0,2,1.0,SP,1,385.0,0.32270454545454547,0.5,1.0,8.954418402777778
a23266650e7c84bb93fbbba502137478,11,1512.4,94.525,3.25,5,1.5625,RS,5,302.48,0.2834022443013642,0.3125,1.0,10.540355902777778
a247197e2e9c19a6a53a6888cb8b660f,2,798.0,399.0,1.0,1,3.0,SP,1,798.0,0.17928571428571427,1.0,,
a254c682cc01e119f83530446f1df9a9,6,569.4,81.34285714285714,4.142857142857143,1,1.2857142857142858,SP,6,94.89999999999999,0.41236607550881615,0.14285714285714285,0.8571428571428571,15.934608134920635
a2a41aedb70551d4a85aa04dc2fced48,2,52.79,26.395,4.0,1,2.0,SP,2,26.395,0.49997754992968063,0.0,1.0,8.864953703703703
a2b5b6105ea5942300631d2e76f4ffe0,16,3286.6899999999996,205.41812499999997,4.75,2,1.75,SP,4,821.6724999999999,0.2505033869536501,0.0,0.875,8.46931495949074
a2b911e9ad40dc7d61c142a4683e2d85,1,85.9,85.9,5.0,1,1.0,RJ,1,85.9,0.4004656577415599,0.0,1.0,12.782881944444444
a2deecd5398f5df4987110c80a1972a3,16,827.4300000000001,51.714375000000004,3.65625,2,1.75,SP,5,165.48600000000002,0.4663091255226396,0.25,1.0,8.307628205128205
a2e85714b56b1cb6bb24a9a6e6cad36f,2,339.70000000000005,113.23333333333335,1.0,1,1.0,SP,1,339.70000000000005,0.11939609102137583,1.0,,
a2e874074c877c5a05abae80ad6e488f,44,8071.9800000000005,175.47782608695653,3.9130434782608696,5,2.282608695652174,SP,18,448.4433333333334,0.2889951875690625,0.17391304347826086,0.9523809523809523,19.191609071869486
a2fa0bdc798ee84cdb08281337cf4fb6,10,392.75,30.21153846153846,4.230769230769231,1,1.0,SC,13,30.21153846153846,0.6308760956681123,0.15384615384615385,1.0,19.99129208754209
a3082f442524a1be452e3189e003b361,3,301.6,75.4,4.25,1,1.0,SP,14,21.542857142857144,0.32029336961859295,0.0,1.0,12.446550925925926
a35124e2d763d7ca3fbe3b97d143200f,4,411.5,58.785714285714285,4.428571428571429,1,1.0,SP,3,137.16666666666666,0.19703962379853893,0.0,1.0,8.886656746031745
a353b1083c9863d756d9404695016d64,1,120.0,120.0,5.0,1,5.0,ES,1,120.0,0.14241666666666666,0.0,1.0,20.71329861111111
a35ef466c6fd6d052f5d241240d3c5e2,3,569.9,189.96666666666667,4.666666666666667,1,2.6666666666666665,RS,2,284.95,0.2784770282823535,0.0,1.0,11.831080246913581
a369d693961cb93b61ca2cc518872a85,11,2597.0,144.27777777777777,4.111111111111111,2,1.2777777777777777,SP,9,288.55555555555554,0.2624632461908063,0.1111111111111111,1.0,10.362204861111111
a36ac007a4d18f865c8d32c3b2402c2d,9,1359.7800000000002,151.0866666666667,2.5555555555555554,2,3.3333333333333335,SP,9,151.0866666666667,0.14694625602500128,0.5555555555555556,1.0,9.652709780092593
a36b125ac6d5fdbc7f50de85c9157bdc,24,1843.64,70.90923076923077,4.038461538461538,3,6.230769230769231,SP,23,80.15826086956523,0.3003269562772354,0.11538461538461539,0.88,12.929280092592592
a37c340b91cb0169e8b029db6440fba2,5,345.0,69.0,4.8,0,,SP,4,86.25,0.27521739130434786,0.0,1.0,11.123074074074074
a3a38f4affed601eb87a97788c949667,254,26533.32,100.88714828897338,4.388461538461539,12,3.311787072243346,SC,23,1153.6226086956522,0.24084491753773632,0.08365019011406843,0.9538461538461539,12.492160211894587
a3b0df0065e264a91b7bbf5f844af5cd,2,186.69,93.345,5.0,1,1.0,SP,1,186.69,0.19471083336729333,0.0,1.0,13.619450231481482
a3b42d266fa8afc874b909422ce88582,1,839.4000000000001,139.9,5.0,1,2.0,SP,1,839.4000000000001,0.09749821300929234,0.0,1.0,3.5071296296296297
a3dd39f583bc80bd8c5901c95878921e,34,4607.81,124.53540540540541,4.594594594594595,1,1.0,BA,9,511.97888888888895,0.2503208717899991,0.02702702702702703,0.972972972972973,12.530534284284284
a3e9a2c700480d9bb01fba070ba80a0e,130,13440.8,93.33888888888889,4.02112676056338,2,1.0,SP,16,840.05,0.26008910326732154,0.1527777777777778,0.9020979020979021,13.146437775187776
a3f0b55de503387383c7b1de3ad7f678,24,4348.400000000001,167.24615384615387,4.384615384615385,2,2.230769230769231,PR,9,483.1555555555556,0.2740666471376994,0.038461538461538464,0.9615384615384616,10.481014512108262
a3fa18b3f688ec0fca3eb8bfcbd2d5b3,1,47.8,23.9,5.0,1,2.0,SP,1,47.8,0.7627615062761507,0.0,1.0,14.268726851851852
a414555ce331b8c8aea4a9cb8395194d,7,1450.95,181.36875,3.5714285714285716,3,1.75,SP,3,483.65000000000003,0.26565297037589364,0.25,1.0,7.642094907407407
a416b6a846a11724393025641d4edd5e,162,25670.72,141.827182320442,4.1602209944751385,2,1.0276243093922652,SP,20,1283.536,0.1797889161924246,0.15469613259668508,0.875,12.603594933712122
a420f60ff1aa9acc80d0e42959f2b313,67,7443.3,107.87391304347827,3.925373134328358,9,3.420289855072464,SP,13,572.5615384615385,0.2536975612591319,0.15942028985507245,0.9130434782608695,11.347290827965647
a425f92c199eb576938df686728acd20,17,1165.8,61.357894736842105,4.368421052631579,5,1.4736842105263157,PR,23,50.68695652173913,0.3043457420622949,0.15789473684210525,1.0,17.3334966563786
a435b009cd956ea60748b5cfbddf2e24,3,361.18,120.39333333333333,4.333333333333333,2,2.0,SP,3,120.39333333333333,0.17286819588710678,0.0,0.3333333333333333,30.40936342592593
a44fb5a447105f8469bdf16bf9159f25,19,3706.1,195.0578947368421,4.052631578947368,1,2.1578947368421053,RS,10,370.61,0.23400824937288167,0.15789473684210525,0.7368421052631579,14.242983065302143
a45314082d50d578a4721c9787ce09ab,2,424.9,212.45,5.0,2,2.0,SP,1,424.9,0.066779153029106,0.0,1.0,5.23833912037037
a45765f8afb1e594b22bf9e974b46765,1,79.99,79.99,4.0,1,2.0,SP,1,79.99,0.11163895486935867,0.0,1.0,4.976712962962963
a478c7961d6a992065b24e63b366f90b,8,1281.5,142.38888888888889,4.888888888888889,2,3.7777777777777777,SC,13,98.57692307692308,0.20733511143124603,0.0,1.0,10.556203703703703
a49928bcdf77c55c6d6e05e09a9b4ca5,98,8816.7,83.17641509433963,2.952830188679245,3,2.056603773584906,SP,12,734.725,0.20488972737503577,0.4339622641509434,0.75,16.937956508190883
a4b6b9b992b46e9ef863637af96e04bc,7,7147.0,510.5,2.5714285714285716,3,1.1428571428571428,SC,6,1191.1666666666667,0.06155787328717186,0.5,0.875,18.636880787037036
a4b8d97cd5d3674eeff96abc99d8ed67,1,214.08,214.08,1.0,1,1.0,SP,1,214.08,0.09015321375186845,1.0,1.0,6.10394675925926
a4bd6e9adf39b63f43dc545d3ca1f53d,4,1848.59,369.71799999999996,4.6,2,2.6,RJ,14,132.04214285714286,0.08184797089607143,0.0,1.0,9.838613425925924
a4e634166243bbb3a13fa584463fa468,2,155.55,77.775,2.0,2,1.5,SP,3,51.85,0.4063656445696451,1.0,,
a4fc6eadaff1576af888509a53420f6a,1,100.86,100.86,3.0,1,2.0,SP,1,100.86,0.20582986317668056,0.0,1.0,28.985127314814815
a513150f33f99a06569e9cd5c4bb889b,2,677.0,338.5,4.5,2,2.0,SP,2,338.5,0.07480922433767756,0.0,1.0,9.656533564814815
a5259c149128e82c9d6d46e0c1c812bb,8,1182.26,147.7825,3.875,1,1.0,RO,9,131.36222222222221,0.8740352713232267,0.25,1.0,19.34989728009259
a53f60f05f822b5c621a50ff6a5cb362,4,415.40000000000003,69.23333333333333,2.6,2,4.5,MG,3,138.46666666666667,0.3843374464991907,0.5,1.0,13.007635030864199
a56a8043ebf66e42119618fb8cf232c6,1,83.0,83.0,5.0,1,5.0,SC,1,83.0,0.28590361445783136,0.0,1.0,10.828888888888889
a56e351445e5863fc8960640ba9190c7,3,760.9200000000001,190.23000000000002,4.25,2,4.0,SC,1,760.9200000000001,0.08720167351774692,0.0,0.75,9.26288773148148
a5a1bfcf728ab0e19182959cf0771ee4,21,1812.96,75.54,4.291666666666667,3,1.25,SP,8,226.62,0.2201245251669748,0.041666666666666664,0.9166666666666666,13.616142939814814
a5bff0f43eb51f0cad7c37fac7244c8a,4,445.0,89.0,4.8,1,2.0,SP,8,55.625,0.2163370786516854,0.0,1.0,15.689243055555556
a5cba26a62b8b4d0145b68b841e62e7f,54,14737.84,267.9607272727273,4.527272727272727,3,1.8727272727272728,PR,14,1052.702857142857,0.11471581478997589,0.05454545454545454,0.9814814814814815,13.203352194787382
a5dd1946fb63ada8bcaa0c9cd8f11e22,6,219.62,31.374285714285715,3.857142857142857,2,1.0,PE,7,31.374285714285715,1.2505054910090923,0.14285714285714285,1.0,19.004900793650794
a5ff20ff766e7f50bd5066f33da14413,2,66.59,16.6475,3.0,2,1.0,SP,1,66.59,0.6723705583149538,0.5,1.0,5.640086805555555
a61cc04793308395a840807104365121,1,14.63,14.63,5.0,1,1.0,SP,1,14.63,1.6226930963773067,0.0,1.0,8.368773148148149
a63bfbaa882c8f4542891b4e2246cc7f,7,6772.0,967.4285714285714,4.428571428571429,1,7.285714285714286,RJ,3,2257.3333333333335,0.038198785239492695,0.14285714285714285,0.8333333333333334,11.690190972222224
a64e44665225d19dfc0277eeeaaccc57,6,335.0,55.833333333333336,5.0,1,1.0,SP,3,111.66666666666667,0.4031936116901724,0.0,0.8333333333333334,7.929162808641976
a663d9c3797e90eac99ff60939416a56,1,235.0,235.0,5.0,1,2.0,SP,1,235.0,0.05991489361702128,0.0,1.0,5.360590277777778
a673821011d0cec28146ea42f5ab767f,129,13863.69,94.95678082191782,3.8949275362318843,7,4.116438356164384,SP,19,729.6678947368422,0.21783096016489711,0.18493150684931506,0.8865248226950354,12.565776858418703
a67780aba9dd436e7ac0aa1f889e73ec,6,863.0,143.83333333333334,3.6666666666666665,2,1.0,SP,10,86.3,0.2718514280515946,0.16666666666666666,0.6666666666666666,21.632880015432097
a69aa24cec11168e7e39a3fbc727e925,3,105.97,35.32333333333333,5.0,1,1.0,SP,2,52.985,0.3194773298942281,0.0,1.0,8.651388888888889
a6bd7d1ccdac48c6b33b28596b7eb122,16,14368.61,898.038125,3.3333333333333335,1,5.25,PB,14,1026.3292857142858,0.052183241788501866,0.375,0.8666666666666667,15.621216049382717
a6fe7de3d16f6149ffe280349a8535a0,51,2904.7999999999997,55.86153846153846,4.0,1,1.0,SP,14,207.48571428571427,0.2585268006154855,0.17307692307692307,0.8431372549019608,14.846080927741466
a70e9066dbfd10b6b97a3f54a1356762,2,1716.0,429.0,5.0,1,6.0,PR,8,214.5,0.18146853146853148,0.0,1.0,18.28829861111111
a72c2f59332659e361d647515c698798,5,802.9,133.81666666666666,4.833333333333333,2,1.0,RS,7,114.7,0.16726891473388542,0.0,1.0,10.038487654320987
a72f15980dc3e9bfd1a49ac9b2f3af65,1,89.9,89.9,4.0,1,2.0,SP,1,89.9,0.20834260289210232,0.0,1.0,5.1416203703703705
a7a9b880c49781da66651ccf4ba9ac38,3,307.6,76.9,3.75,1,4.5,SP,3,102.53333333333335,0.21522320802358158,0.0,1.0,9.169887152777777
a7b7354cc588f7566a848bcbb1ce3d96,2,79.8,39.9,4.0,1,1.0,SP,1,79.8,0.3141604010025063,0.0,1.0,11.876527777777778
a7c53f6b3b61adbdaa99dda97e8cbd56,1,99.0,99.0,4.0,1,3.0,SP,1,99.0,0.11414141414141415,0.0,1.0,6.837638888888889
a7c88262832dfc683781d6a421edefae,5,1520.0,304.0,4.2,1,1.2,SP,12,126.66666666666667,0.05659522930017319,0.0,1.0,11.176726851851852
a7d0f8dd44f57ef6de7f7f02e3d82630,2,73.78999999999999,36.894999999999996,4.5,2,1.5,SP,3,24.596666666666664,0.33463927338738625,0.0,1.0,6.127939814814814
a7dc4098e4da6e41b426269d12ae7e91,2,518.0,172.66666666666666,3.6666666666666665,1,1.0,SP,2,259.0,0.06974774179334654,0.3333333333333333,1.0,5.982071759259259
a7ecf689b40a44361e259b28939023e4,1,389.0,389.0,5.0,1,1.0,ES,1,389.0,0.05632390745501285,0.0,1.0,10.922962962962963
a7f13822ceb966b076af67121f87b063,75,12477.64,145.0888372093023,3.4352941176470586,5,1.0,SP,8,1559.705,0.25562617662691783,0.26744186046511625,0.9404761904761905,22.157743468915346
a806a4bb063ea7ca6d374eafa50a6058,5,294.4,49.06666666666666,3.8333333333333335,1,2.0,ES,2,147.2,0.42089057918615547,0.0,1.0,12.33940586419753
a81466620e46a6970b22ef40379fdfc9,2,321.8,160.9,5.0,1,2.0,SC,1,321.8,0.10248601615910502,0.0,1.0,7.190133101851853
a8739afb32aaa45e01815ca76f76f54b,13,298.83,19.922,3.466666666666667,1,1.0666666666666667,SP,3,99.61,0.9067525661390103,0.3333333333333333,0.9333333333333333,9.54413348765432
a888faf2d1baececa6baf9c3d603ee1f,54,17765.8,323.01454545454544,4.054545454545455,1,1.2181818181818183,PR,17,1045.0470588235294,0.06989606631327241,0.16363636363636364,0.8518518518518519,17.909094864540467
a89e143d5211473ae18db9577ee34b64,2,140.0,70.0,3.0,1,2.0,SP,5,28.0,0.14057142857142857,0.5,1.0,9.211030092592592
a90a5da8b09e44264a177c0374a5ac87,3,74.69999999999999,24.899999999999995,4.333333333333333,1,1.0,PR,2,37.349999999999994,1.4402055455998397,0.0,1.0,9.380806327160494
a938325a4b357fd23a6a4d5bb126408e,24,3231.0,129.24,3.88,1,4.68,RJ,12,269.25,0.2459975189120719,0.2,0.96,13.119169907407409
a9415cf907dfa12f9ed18693244f5329,1,210.0,105.0,5.0,1,8.0,MG,1,210.0,0.8353333333333333,0.0,1.0,11.134502314814815
a99504ac23ed125aaf5302af6cc30af9,1,978.0,978.0,5.0,1,2.0,SP,1,978.0,0.04830265848670757,0.0,1.0,16.25554398148148
a9ae440659f48b7849df83e82734150b,1,285.0,285.0,5.0,1,1.0,SP,1,285.0,0.09480701754385965,0.0,1.0,13.342361111111112
a9b533a26e898b12e8b8d4c07279bf4d,4,119.6,29.9,5.0,1,2.0,RJ,6,19.933333333333334,0.5974916387959867,0.0,1.0,15.162638888888889
aa17b35ce4de7b565be3249ba838944f,2,79.8,39.9,4.5,1,1.0,SP,2,39.9,0.4285714285714286,0.0,1.0,16.367667824074076
aa1eb17b9fdf6dfd546e25c45c7b9235,3,117.99,29.4975,4.5,1,1.0,SP,5,23.598,0.31068783494105034,0.0,1.0,6.515587384259259
aa2640d851ec322526f1295bbeb20092,1,159.98,79.99,3.0,1,3.0,SP,1,159.98,0.13976747093386674,0.0,1.0,3.9644328703703704
aa762680c40618316a896838866140ea,3,261.0,87.0,3.3333333333333335,1,1.0,PR,2,130.5,0.2393103448275862,0.3333333333333333,0.6666666666666666,22.5642862654321
aa8af66c623d7d544dfe4bb85b5ebe3b,1,99.0,99.0,5.0,1,6.0,MG,1,99.0,0.1572727272727273,0.0,1.0,8.003946759259259
aac29b1b99776be73c3049939652091d,98,6755.91,48.95586956521739,3.9389312977099236,7,3.1594202898550723,MG,20,337.7955,0.7004702987107269,0.15942028985507245,0.9083969465648855,14.373473812553012
aac51c486b672a9850d59f3e84b1cf88,10,728.28,56.02153846153846,4.769230769230769,3,1.6153846153846154,SP,1,728.28,0.24585485874841784,0.0,1.0,4.934210292022792
aadfe0417e61315688b6bd7043361e25,1,289.9,289.9,4.0,1,2.0,GO,1,289.9,0.04925836495343222,0.0,1.0,6.484421296296296
aae3bfea055532c57fb453ed3ec80b30,48,3057.92,61.1584,3.5510204081632653,1,1.62,SP,17,179.87764705882353,0.31294337770281005,0.22,1.0,12.442886805555556
aae5953b9edddf14749c0d65d60eb4b9,2,173.0,86.5,5.0,1,1.0,MG,2,86.5,0.3578966063956057,0.0,1.0,12.825434027777778
aae5e7b457a3c72ee230a47d98fceda5,5,604.8,86.39999999999999,4.142857142857143,1,2.0,PR,5,120.96,0.33923721272744006,0.0,1.0,12.341810515873016
aaed1309374718fdd995ee4c58c9dfcd,105,9376.95,83.72276785714287,4.053571428571429,5,3.0089285714285716,SC,23,407.6934782608696,0.3348737137989445,0.13392857142857142,0.972972972972973,12.201750604771437
aafe36600ce604f205b86b5084d3d767,129,9251.4,70.62137404580153,4.3816793893129775,4,3.404580152671756,SC,19,486.9157894736842,0.296613082376724,0.09923664122137404,0.9541984732824428,12.440077484450098
ab27bbbad5239bc31a34709275a70db4,3,382.9,34.809090909090905,5.0,2,2.1818181818181817,SP,10,38.29,0.27023644386279044,0.0,1.0,8.072671506734007
ab3e0c171fe84a7ba7de130f19cfb485,7,863.42,86.342,3.2,2,1.5,PR,13,66.41692307692307,0.21036052702477198,0.4,0.7142857142857143,19.90822585978836
ab75b89cc49c9ab3160d0c91565a442a,2,37.98,18.99,1.5,1,4.5,SP,3,12.659999999999998,0.4173249078462349,1.0,1.0,9.102488425925927
ab91571efab27993ff2f6b36e38055c3,3,102.24,25.56,4.75,1,4.0,SP,5,20.448,0.55447965571205,0.0,0.5,15.227343750000001
ab9db4cf53b08b828b64dccaafc2d9f0,5,277.67,55.534000000000006,4.2,3,1.0,RS,15,18.511333333333333,0.5849618850295124,0.2,1.0,11.719855324074075
aba1721a889e04decc910aa13b768ef4,83,14103.3,153.2967391304348,4.456521739130435,4,1.7934782608695652,SP,19,742.278947368421,0.1965038602399637,0.09782608695652174,0.8913043478260869,9.191300070450886
abbf6046bbdf1028606a5bc7f00c99e7,7,2217.15,316.7357142857143,4.142857142857143,1,5.714285714285714,SC,5,443.43,0.08011558895401741,0.14285714285714285,1.0,11.785158179012347
abc015ebac1d283a323ca9db35ede4b9,12,1106.8,85.13846153846154,4.384615384615385,2,1.4615384615384615,SP,11,100.61818181818181,0.29703099395478083,0.07692307692307693,1.0,11.109822827635327
abcd2cb37d46c2c8fb1bf071c859fc5b,45,4880.22,93.85038461538463,4.25,1,1.2115384615384615,MT,16,305.01375,0.34659362046115516,0.038461538461538464,0.9607843137254902,13.683934958242556
abe021b01ba992245271b9aa422032df,2,6720.0,3360.0,3.5,0,,PR,4,1680.0,0.017827165022191248,0.5,1.0,17.93034722222222
abe42c5d03695b4257b5c6cbf4e6784e,50,17159.0,343.18,3.9183673469387754,2,3.58,RJ,13,1319.923076923077,0.0662301671934426,0.18,0.8367346938775511,14.357426303854876
ac137bac82ffa8548e62bd9d01d2a14f,1,49.6,49.6,1.0,0,,SP,1,49.6,0.18830645161290321,1.0,,
ac1ed5fc15901fbc92920361eb4ab350,1,110.25,110.25,1.0,1,1.0,SP,1,110.25,0.12507936507936507,1.0,,
ac3508719a1d8f5b7614b798f70af136,103,12775.84,122.84461538461538,4.568627450980392,4,4.788461538461538,RS,16,798.49,0.24910607779513214,0.04807692307692308,0.9702970297029703,9.45691453520352
ac51cac5e20d69ff485a54746488ef48,4,759.9,189.975,3.5,1,1.0,SP,1,759.9,0.12523045037526664,0.25,1.0,16.31224922839506
ac6417315ae5da8f9a38ee11de6f7780,8,788.9,98.6125,3.75,4,1.25,SP,13,60.684615384615384,0.27566929032388976,0.25,0.8571428571428571,11.468726851851853
ac9b01377919cdbd2a1bbb8d5837c70b,1,55.9,55.9,3.0,1,4.0,SP,1,55.9,0.4211091234347048,0.0,1.0,9.7975
acadd4d36859671cb635527c6c977533,12,2381.0,198.41666666666666,4.25,2,1.0,SP,9,264.55555555555554,0.32619846322784235,0.08333333333333333,0.8333333333333334,17.891220100308644
acb6c2ca5c82411c1fdb88d5fd5eb95e,10,413.88,37.625454545454545,3.727272727272727,4,2.5454545454545454,SP,19,21.783157894736842,0.6373510564038245,0.2727272727272727,1.0,9.944088804713804
acce39e832338debb07b02385cde5967,44,4748.1,107.91136363636365,4.4772727272727275,2,7.795454545454546,MG,4,1187.025,0.25721018370202803,0.06818181818181818,1.0,7.04824626473064
ace601496e211a664100321f038f50af,1,165.0,165.0,2.0,1,5.0,SP,1,165.0,0.09042424242424242,1.0,,
aced59e9b31ef866a94f9e7f29d8d418,61,7268.5,108.48507462686567,4.447761194029851,3,3.1492537313432836,SP,19,382.55263157894734,0.3415829097608665,0.05970149253731343,0.9253731343283582,9.67080379353234
acf974e4d5950ad143a247471b831eb9,5,423.8,35.31666666666667,4.8,1,3.0,RS,8,52.975,0.8039471069359755,0.0,1.0,13.873653549382716
ad14615bdd492b01b0d97922e87cb87f,1,8.25,8.25,5.0,1,4.0,SC,1,8.25,1.3284848484848486,0.0,1.0,13.583900462962964
ad273c9eb54ecb4532de4bf75bae9e4e,10,645.0,58.63636363636363,3.8181818181818183,2,2.0,PR,18,35.833333333333336,0.3898255688511297,0.18181818181818182,1.0,11.928710016835016
ad420dd0c4f92f8af951ac24b86d0cf5,42,4705.29,102.28891304347826,4.159090909090909,2,4.173913043478261,MG,17,276.7817647058823,0.4119230286065321,0.13043478260869565,0.9347826086956522,14.698960094605475
ad738d3fcf42655ed15c4960b7b6c601,1,65.0,65.0,1.0,1,2.0,RS,1,65.0,0.24446153846153848,1.0,,
ad75519a07f039025e83795a4418470f,3,302.1,33.56666666666667,3.2222222222222223,1,1.0,GO,8,37.7625,0.3780960694186579,0.4444444444444444,1.0,9.059162808641975
ad781527c93d00d89a11eecd9dcad7c1,44,6899.570000000001,156.8084090909091,3.0681818181818183,1,1.0,SP,11,627.2336363636364,0.34777258879181505,0.4090909090909091,0.6842105263157895,25.504659478557503
ad87df7699e83b8a91822a4a0b765c3a,6,349.9,49.98571428571428,3.7142857142857144,2,1.1428571428571428,SP,4,87.475,0.2953516991092049,0.0,1.0,9.560673225308642
ad8ada0ffa993cb1197d102d9ab21a3e,1,599.8,299.9,1.0,1,3.0,MG,1,599.8,0.09396465488496165,1.0,,
ad8b531ae67582f096925cff5630d0d1,3,208.35000000000002,69.45,3.0,2,1.6666666666666667,PR,8,26.043750000000003,1.7331886819940188,0.3333333333333333,1.0,20.48488425925926
ad97a199236354e53fcd91a5a913e9a2,17,13205.9,733.661111111111,4.5,3,2.5,SC,9,1467.322222222222,0.07113274796336393,0.05555555555555555,0.8823529411764706,15.305991285403051
adbc26658d6c7b4b6219f9d934598091,88,11806.4,128.3304347826087,4.054347826086956,2,4.869565217391305,PR,13,908.1846153846153,0.16279996329494384,0.17391304347826086,0.8478260869565217,17.181017512077293
adbe70ab2c97442046d393988c8d1d27,5,289.5,57.9,5.0,1,2.0,SP,2,144.75,0.22830870421979185,0.0,1.0,7.185418981481481
adcf50477d6a1f5d91bb9d54c4903cb5,19,1425.14,37.503684210526316,3.1315789473684212,4,1.0,MG,17,83.83176470588236,0.9989886969583476,0.34210526315789475,0.8387096774193549,24.512162485065712
ade45994b717ccee333492330fbf037b,10,7196.0,719.6,4.5,1,2.3,PR,3,2398.6666666666665,0.04075214131511795,0.0,1.0,8.410002314814815
aded58c8142dedc5494a81f948431fab,4,289.5,57.9,3.2,2,2.2,RJ,1,289.5,0.37688585542108377,0.4,1.0,8.000819444444444
ae45ad30c2d2e5913094769690a239d2,1,251.8,125.9,5.0,1,4.0,SP,1,251.8,0.12414614773629865,0.0,1.0,19.199479166666666
ae45df84722b1d15c5f32b23a095746c,9,901.83,75.1525,4.833333333333333,1,1.0,SP,7,128.83285714285714,0.2487428729878863,0.0,1.0,7.358047839506173
ae7ab174effdead6c241e547e4ca13f0,6,2778.6,396.9428571428571,3.857142857142857,1,2.0,PR,3,926.1999999999999,0.2883159144699281,0.2857142857142857,1.0,9.901106150793652
ae8bfdbf1c2a2a2dee92d799db0a31c6,8,339.92,42.49,4.125,4,1.125,PR,4,84.98,0.5193172767057882,0.0,1.0,8.8746875
ae9690c6e8fee182c28c9ff8e11ca52c,1,47.4,47.4,5.0,1,3.0,SP,1,47.4,0.26181434599156117,0.0,1.0,4.4846875
aeb36d67f1414f234d42a29e27cf1f17,4,3263.8,815.95,4.5,1,3.75,SP,4,815.95,0.08372287980284225,0.0,0.75,19.47006076388889
aec99834ab5d38ead22766ada8497e87,1,459.0,459.0,5.0,1,1.0,PR,1,459.0,0.03814814814814815,0.0,1.0,7.261747685185185
af3ef48d0e13835e529c29ac573c63e5,21,1405.63,66.93476190476191,3.761904761904762,2,1.0,SP,4,351.4075,0.34649183083499085,0.23809523809523808,0.9523809523809523,7.9285300925925934
af4a0e4cfe1d9c26b6712b1be25a72e5,21,8757.98,336.8453846153846,3.5,2,1.0,MG,8,1094.7475,0.07892290725888075,0.34615384615384615,0.9230769230769231,12.817845441595441
af7cdac9d9897cddead9c6b08976c642,6,543.54,90.58999999999999,3.6666666666666665,1,2.5,SP,6,90.58999999999999,0.28163998097106635,0.16666666666666666,0.8333333333333334,15.225084876543209
afa6714acee029b2dfdf357e5579cc03,16,3220.7599999999998,189.45647058823528,4.0588235294117645,4,2.8823529411764706,SP,23,140.03304347826085,0.15782236136873798,0.17647058823529413,0.8823529411764706,12.618579793028323
afac9f6b0c4e5f0a7ee87e922cd0f873,1,20.99,20.99,1.0,0,,SP,1,20.99,0.5645545497856123,1.0,,
afe0067131b73e40875c9b6c10bd2e21,46,5130.400000000001,111.53043478260871,4.2,1,5.891304347826087,MG,17,301.78823529411767,0.2209084019910187,0.10869565217391304,0.9555555555555556,15.468515432098766
b00af24704019bd2e1b335e70ad11f7c,1,189.0,189.0,5.0,1,1.0,BA,1,189.0,0.09656084656084656,0.0,1.0,15.554780092592592
b01c2b7b8599b325103ebcddc67413e1,4,169.45,42.3625,4.75,1,1.0,RS,2,84.725,0.43031976203755345,0.0,1.0,8.455002893518518
b026643914f651e8371425e5b8a1e780,1,27.9,27.9,5.0,1,1.0,RJ,1,27.9,0.5412186379928315,0.0,1.0,10.419143518518519
b0398568231ba5e6734af1881671a317,4,656.77,164.1925,4.0,3,1.25,ES,2,328.385,0.3837267550889941,0.25,1.0,13.211869212962963
b05b432bf68945d4d9783f9e3ca29ee8,2,224.8,112.4,4.5,1,1.0,SP,1,224.8,0.127171607952253,0.0,1.0,5.414924768518519
b080809eaacb49e5ca07290981472431,11,424.0,38.54545454545455,4.818181818181818,1,1.4545454545454546,MG,16,26.5,0.34429611307407876,0.0,1.0,10.537906144781145
b0b346d3a89f5eb4c2968af3f083cd43,11,614.0,51.166666666666664,3.0833333333333335,2,1.0,SP,10,61.4,0.3547260681748676,0.4166666666666667,0.5555555555555556,23.350222479423866
b0f2a6122a90a93eb03e68653dd960e3,6,1620.3,231.47142857142856,4.857142857142857,1,1.75,PR,5,324.06,0.19190698298795747,0.0,1.0,8.20083167989418
b1204cfda1d4948679db3cfc0d3cb95c,7,2903.7,263.97272727272724,3.272727272727273,3,3.0,SP,19,152.82631578947368,0.1893111539343786,0.5454545454545454,1.0,9.825545910493828
b127efdabeffb5d559349c7b172eb75d,10,308.5,30.85,4.8,1,1.6,SP,5,61.7,0.3672257223113965,0.0,0.9,9.848835648148148
b12cfd255810394b60caef18ae163547,2,560.0,280.0,4.5,1,1.0,PR,1,560.0,0.2966964285714285,0.0,1.0,15.839143518518519
b14db04aa7881970e83ffa9426897925,83,5898.6,53.14054054054054,3.764705882352941,2,2.918918918918919,SP,23,256.4608695652174,0.3864938442508571,0.18018018018018017,0.8857142857142857,15.616071318342152
b16d3dadc47d4eb18be3d88bad0775ce,10,722.1,65.64545454545454,4.363636363636363,3,4.7272727272727275,RS,4,180.525,0.3852896232405821,0.09090909090909091,0.9090909090909091,6.5302640993266
b17b679f4f5ce2e03ce6968c62648246,55,4084.75,71.66228070175438,3.6140350877192984,2,1.087719298245614,SP,20,204.2375,0.33299414903673463,0.2631578947368421,0.8235294117647058,19.11136029411765
b18871c324516afa228a13e8f1ef0ae9,9,1064.6,46.28695652173913,3.9565217391304346,1,2.869565217391304,SP,5,212.92,0.27558650297631254,0.30434782608695654,0.9130434782608695,7.477408917069242
b18dc380845b24038cfc48006478f099,44,8353.3,154.69074074074072,3.9245283018867925,2,1.0185185185185186,SP,11,759.3909090909091,0.1572873521176739,0.18518518518518517,0.8541666666666666,13.993235918209876
b19c48688808720822399ffa9f2dbe2f,1,959.99,959.99,5.0,1,3.0,SP,1,959.99,0.025854435983708162,0.0,1.0,6.303900462962963
b19f3ca2ea475913750f25a5c37c8d8f,24,6202.91,258.45458333333335,2.7916666666666665,2,1.4583333333333333,MG,11,563.9009090909091,0.22920151475585857,0.5,0.6842105263157895,18.389999390838206
b1a81260566c1bac3114a6d124413f27,51,8684.69,160.8275925925926,4.222222222222222,4,3.074074074074074,RS,6,1447.4483333333335,0.20736465441335863,0.14814814814814814,0.9814814814814815,8.556352023319617
b1aaae6b66ad3c40f54b389d7ea4bee0,15,1176.5,69.20588235294117,4.470588235294118,3,8.058823529411764,SP,5,235.3,0.3188187400828482,0.058823529411764705,1.0,8.124083605664488
b1ac6ea7895bc3dd6f0f6f4abbdd2821,40,3139.0,76.5609756097561,4.2682926829268295,1,1.0,RS,11,285.3636363636364,0.280548644777665,0.0975609756097561,1.0,10.18083455165692
b1b3948701c5c72445495bd161b83a4c,18,24699.19,1372.177222222222,1.7222222222222223,1,5.0,SP,3,8233.063333333334,0.02731812385096342,0.7777777777777778,0.35714285714285715,23.403023313492064
b1fc4f64df5a0e8b6913ab38803c57a9,107,7994.74,66.07223140495867,3.7815126050420167,1,3.43801652892562,RJ,16,499.67125,0.28065105967522885,0.19834710743801653,0.8842975206611571,15.73235058922559
b1fecf4da1fa2689bccffa0121953643,19,3669.64,183.482,4.95,1,1.2,MS,8,458.705,0.11965145428692132,0.0,1.0,10.688985532407408
b2479f944e1b90cf8a5de1bbfde284d6,103,4752.51,36.27870229007634,3.3153846153846156,3,1.2900763358778626,SP,8,594.06375,0.5940765407899028,0.33587786259541985,0.8527131782945736,15.440582023399369
b248792ac0b60ec3f93d80af1b4fae47,7,454.5,50.5,3.7777777777777777,2,1.0,SP,2,227.25,0.35098984334867633,0.1111111111111111,0.7777777777777778,6.319003343621399
b26741d31a563d769b4af0465ab20c56,2,648.0,324.0,4.0,2,1.0,SC,2,324.0,0.07157799158608925,0.0,1.0,12.684010416666666
b274baf5bbd142410eb2958cf685d684,7,585.9,83.7,4.285714285714286,2,1.5,RS,3,195.29999999999998,0.252311398090996,0.14285714285714285,1.0,6.354259259259259
b29d3380981c51df13fc6fbe87e1763d,6,435.3,62.18571428571429,4.0,1,1.1666666666666667,SP,5,87.06,0.2739416263707259,0.14285714285714285,1.0,7.856157407407407
b2a6d334e2833acea353624840e25a0e,25,1650.98,63.49923076923077,4.5,4,4.8076923076923075,SP,11,150.0890909090909,0.3660272044196992,0.07692307692307693,1.0,10.69655137108262
b2ac621f0d0322434d04a12b078b9369,30,9575.5,319.18333333333334,4.4,2,2.1,PR,13,736.5769230769231,0.16983204958368894,0.06666666666666667,0.9,14.670295524691358
b2ba3715d723d245138f291a6fe42594,337,51676.88,142.36055096418733,4.108333333333333,27,1.5702479338842976,SP,23,2246.8208695652174,0.19177584445995535,0.14049586776859505,0.9142857142857143,13.970765972222221
b2bdc5e7940a7d7ca8c4a37953b27a42,1,250.0,250.0,4.5,1,2.0,SP,1,250.0,0.24996000000000002,0.0,,
b2c97074649f92197d9387d9033dda5f,10,684.71,62.24636363636364,4.636363636363637,2,3.0,SP,5,136.942,0.4344909377894172,0.0,0.9090909090909091,12.046823442760944
b2eecf5ea250510da76590ca79d60e5d,9,1060.0,96.36363636363636,5.0,1,2.3636363636363638,SP,9,117.77777777777777,0.24931011211011211,0.0,1.0,6.134214015151515
b2f4d63c7203f539a78252565ca32257,1,14.9,14.9,5.0,1,5.0,RJ,1,14.9,1.3986577181208053,0.0,1.0,13.007511574074075
b32be1695eb7ec5f10f72d9610a12527,45,26874.0,584.2173913043479,4.088888888888889,4,4.413043478260869,RS,10,2687.4,0.16135672860699898,0.13043478260869565,0.9555555555555556,12.322987911522635
b335c59ab742f751a85db9c411a86739,33,2873.34,82.09542857142857,3.6857142857142855,2,2.4444444444444446,MG,15,191.556,0.3616570127668768,0.17142857142857143,0.9354838709677419,16.838304211469534
b33aaadd1a8891d2dfef0c4c3bdf0371,16,1504.0,88.47058823529412,3.764705882352941,1,3.4705882352941178,SP,6,250.66666666666666,0.24841649353576334,0.23529411764705882,0.8823529411764706,13.492799564270152
b33e7c55446eabf8fe1a42d037ac7d6d,152,44985.17,290.22690322580644,4.15483870967742,5,1.903225806451613,SP,11,4089.560909090909,0.07649124275738951,0.14193548387096774,0.868421052631579,16.425508269371345
b347677812ea483b0f528eaf8cbc09b7,21,7288.99,347.09476190476187,4.523809523809524,1,1.35,PR,8,911.12375,0.10976491477800789,0.047619047619047616,1.0,13.219165564373899
b372ee768ed69e46ca8cdbd267aa7a38,63,12630.0,183.04347826086956,4.398550724637682,1,1.0,SP,18,701.6666666666666,0.1647499378243319,0.10144927536231885,1.0,12.324170524691358
b37c4c02bda3161a7546a4e6d222d5b2,4,24075.0,1605.0,1.4,2,2.533333333333333,SP,16,1504.6875,0.02139044620184285,0.9333333333333333,0.9333333333333333,17.17511111111111
b3809b8d4394588a47c8470ea331e135,1,89.0,89.0,4.0,1,3.0,SP,1,89.0,0.08853932584269662,0.0,1.0,5.049641203703704
b39d7fe263ef469605dbb32608aee0af,44,5193.1,105.98163265306123,3.75,1,1.1224489795918366,SP,12,432.7583333333334,0.23074546487369127,0.1836734693877551,0.9583333333333334,13.300397858796297
b3b17aab11f273023a5f22ca52e1eb70,7,6850.0,526.9230769230769,4.846153846153846,1,1.0,PR,6,1141.6666666666667,0.06360943760265875,0.0,0.8461538461538461,17.222088675213676
b3e2faf2c1004d674f16a3aa3197f0e1,3,61.47,20.49,5.0,1,2.0,SP,4,15.3675,0.6029675244210614,0.0,1.0,6.792133487654321
b3f19518fcec265b2e97af287725f981,9,486.91,54.101111111111116,4.222222222222222,1,1.0,SP,6,81.15166666666667,0.31530530866261985,0.0,1.0,10.665917245370371
b410bdd36d5db7a65dcd42b7ead933b8,44,7726.9,175.61136363636362,4.659090909090909,1,1.0,GO,8,965.8625,0.1319138989304922,0.045454545454545456,0.9761904761904762,9.202473820546738
b416191c9813d821a295cfabafff4161,2,117.8,58.9,2.5,0,,SP,2,58.9,0.2745331069609508,0.5,1.0,19.298738425925926
b43d8b707f887a30f4675391098354a0,3,1342.0,335.5,2.5,2,1.0,SP,4,335.5,0.25471993865914433,0.5,0.75,19.93375289351852
b44dbfbf62e52125f3c15d230569ea91,4,609.37,76.17125,4.375,2,1.0,SP,5,121.874,0.20849077295393303,0.0,1.0,4.566316550925926
b452cb0ae35044c4a53179c39f49fb06,2,63.699999999999996,31.849999999999998,4.0,2,1.5,SP,1,63.699999999999996,0.5801523306911125,0.0,1.0,16.722858796296297
b45d7ebfb7378630f1bcd74b6ff86ff7,5,1007.5,201.5,3.8,1,1.0,MG,6,167.91666666666666,0.17203716016375165,0.2,1.0,29.70025077160494
b494891378bd8f4560abe576c52deacd,20,2958.9,134.49545454545455,4.636363636363637,4,1.0,SP,3,986.3000000000001,0.13913452044072389,0.045454545454545456,0.9047619047619048,5.217683531746031
b499c00f28f4b7069ff6550af8c1348a,152,10327.130000000001,55.22529411764707,4.144385026737968,12,3.4224598930481283,SP,23,449.00565217391306,0.2912219890540775,0.12834224598930483,0.8901098901098901,10.819418752543752
b4a476fbd28de64b1e347abf9089366a,33,5724.04,150.63263157894735,3.7567567567567566,3,1.0789473684210527,SP,16,357.7525,0.4481716331285173,0.23684210526315788,0.9142857142857143,11.858209986772486
b4b447d715f9ab302a188fb43d3e96b3,5,685.9300000000001,137.186,4.8,1,3.6,SP,2,342.96500000000003,0.13367251263698013,0.0,0.8,3.623861111111111
b4f8921fcc4ff77b66bea6dda43dcd51,18,11395.05,569.7524999999999,4.6,1,2.05,RS,4,2848.7625,0.18233378659131533,0.1,0.95,7.627169560185185
b4ffb71f0cb1b1c3d63fad021ecf93e1,144,6656.09,40.339939393939396,4.024242424242424,1,1.587878787878788,SP,19,350.3205263157895,0.6021483724569372,0.15151515151515152,0.975609756097561,9.748157393292683
b55638ad525e906c698fa2ce742c1742,11,1094.8,91.23333333333333,4.166666666666667,1,1.5,SC,10,109.47999999999999,0.2934908966813891,0.0,0.8333333333333334,22.67656732253086
b561927807645834b59ef0d16ba55a24,85,4501.99,47.38936842105263,4.336842105263158,4,1.4947368421052631,SP,8,562.74875,0.4392115485383416,0.09473684210526316,0.8526315789473684,12.522224049707603
b566ab0ef88016e00422755e305103c6,5,1208.0,241.6,3.2,3,1.8,MG,5,241.6,0.311123098165642,0.4,0.8,13.048136574074073
b56828a9f9027f3c918c04ca720d9e3c,3,360.0,120.0,2.6666666666666665,1,1.0,SP,8,45.0,0.31002777777777785,0.3333333333333333,0.6666666666666666,16.972858796296297
b56906f7fd1696e043f1bcce164c487b,40,2148.49,51.1545238095238,3.9523809523809526,2,1.1666666666666667,SP,23,93.41260869565217,0.4371257551669653,0.21428571428571427,0.9523809523809523,13.57789489638448
b57e8460909fa137df7951b4a3b5ea84,1,198.0,99.0,2.0,1,2.0,RS,1,198.0,0.42494949494949497,1.0,,
b586cd24c010a13916af621b0325fbba,6,1108.94,158.42000000000002,3.857142857142857,3,3.7142857142857144,SC,3,369.6466666666667,0.24628426148248225,0.14285714285714285,1.0,5.1057208994709
b5abf4f36adc043117b4fca82c22984c,11,1247.8,103.98333333333333,2.4166666666666665,5,1.1666666666666667,DF,17,73.39999999999999,0.29928357444194736,0.5833333333333334,0.6666666666666666,21.20098636831276
b5b800c4065bebf4d3442311c9857344,1,79.9,79.9,5.0,1,1.0,SP,1,79.9,0.11151439299123904,0.0,1.0,6.455601851851852
b5bb2b985208834bd5bd86c7a402bbad,2,621.06,310.53,5.0,1,5.0,RS,4,155.265,0.06224841400186778,0.0,1.0,11.335590277777778
b5d034ac251546e25afe9067f05c1539,1,69.9,69.9,5.0,1,2.0,SP,1,69.9,0.2198855507868383,0.0,1.0,12.577013888888889
b5dd7151a92ccaaa282cbe9681a05f44,1,85.0,85.0,5.0,1,1.0,SP,1,85.0,0.22,0.0,1.0,13.437083333333334
b5e3e38609125694d2ea2417522a60b7,16,995.04,58.53176470588235,4.352941176470588,1,3.3333333333333335,SC,6,165.84,0.39512825260779744,0.058823529411764705,0.7647058823529411,17.78087418300654
b5f0712d22a873b6797ab6cc65c3fcba,1,12.99,12.99,4.0,1,1.0,SP,1,12.99,0.6381832178598922,0.0,1.0,3.2610069444444445
b5f49fe968dff6b112861e6cd8e192ef,1,194.70000000000002,97.35000000000001,5.0,1,10.0,PR,1,194.70000000000002,0.2206856702619414,0.0,1.0,13.995439814814814
b64d51f0435e884e8de603b1655155ae,17,416.18,18.094782608695652,4.130434782608695,2,2.5,SP,5,83.236,1.7583733861117297,0.13043478260869565,0.782608695652174,8.026424114331723
b67d6c666e8dce1d078c882825e12704,7,352.84,44.105,4.875,2,1.75,SP,2,176.42,0.5073200180563969,0.0,1.0,8.126384548611112
b6c6854d4d92a5f6f46be8869da3fa1a,1,69.9,69.9,1.0,1,1.0,SP,1,69.9,0.2563662374821173,1.0,,
b6d44737c043328708f6749c2dbe50bd,62,5369.6,67.12,4.525,1,5.1,SP,18,298.31111111111113,0.32711512823815736,0.075,0.9493670886075949,7.913105954055322
b6dc74ed30f124f95227bed4e43a3bed,11,518.9599999999999,39.919999999999995,3.8461538461538463,1,1.0,PR,12,43.24666666666666,0.49294877098948897,0.23076923076923078,0.9,17.64544560185185
b6e1504972665f739dec4facb9943775,14,1484.48,106.03428571428572,4.357142857142857,2,4.444444444444445,SP,11,134.9527272727273,0.23718034704443008,0.14285714285714285,0.9285714285714286,11.147410714285714
b6f52e346160519c24a23af05410ad32,1,129.9,129.9,4.0,1,1.0,SP,1,129.9,0.10277136258660508,0.0,1.0,12.60994212962963
b74d1c09cb380e1d03a6f859c6f4224b,31,2221.6,56.96410256410256,4.205128205128205,4,3.3076923076923075,RJ,7,317.37142857142857,0.5420271136208464,0.1282051282051282,0.8421052631578947,11.470774549220272
b76a1f8356322f12529c37b67d5c96c2,5,298.5,59.7,4.8,4,3.0,SP,3,99.5,0.25706282487686916,0.0,1.0,7.468219907407407
b76dba6c951ab00dc4edf0a1aa88037e,159,2574.7799999999997,15.235384615384614,4.149700598802395,3,2.3846153846153846,SP,20,128.73899999999998,1.013499239310613,0.11834319526627218,0.9700598802395209,10.246473372699047
b76f4d90e85657a240495c876313adc5,1,299.0,299.0,5.0,1,1.0,SP,1,299.0,0.0645484949832776,0.0,1.0,2.6615972222222224
b77a27b1864483e721dc831d5ba4afa0,2,41.8,20.9,3.5,1,3.0,RJ,3,13.933333333333332,0.684688995215311,0.5,1.0,8.473414351851853
b7ba853e9551f4558440881fd3e5c815,2,376.8,188.4,1.0,2,2.0,RS,1,376.8,0.11947897392114012,1.0,1.0,34.95599537037037
b7cc6c5e001441ae8cdd5c69a480cbe4,6,651.8,108.63333333333333,4.166666666666667,2,2.8333333333333335,SC,12,54.31666666666666,0.4895941952140066,0.16666666666666666,1.0,12.828016203703703
b7d5b4b87af9d42b601865d3f3810bff,2,1049.0,524.5,2.0,1,2.0,SC,7,149.85714285714286,0.04409934600449622,0.5,1.0,8.628703703703703
b7e1750c1157341d2abd0251e07c186b,3,159.6,39.9,4.5,2,2.5,SP,3,53.199999999999996,0.45725579977251285,0.0,1.0,9.544210069444444
b7ed9fb14c8eadb37adb9c45d67ab0fb,7,566.0,51.45454545454545,2.909090909090909,2,3.909090909090909,SP,13,43.53846153846154,0.41605795846565746,0.5454545454545454,1.0,13.357425294612794
b8114f2f589a6804810f04f99b36b498,8,1399.62,127.23818181818181,4.7272727272727275,1,3.5454545454545454,SP,5,279.924,0.26417877508710086,0.0,1.0,5.398903619528619
b81e3a6c866a764974fe849821abeebd,8,836.1500000000001,76.01363636363637,4.545454545454546,2,2.090909090909091,SP,2,418.07500000000005,0.3958135176540178,0.0,1.0,5.752156986531987
b839e41795b7f3ad94cc2014a52f6796,33,42829.0,1189.6944444444443,4.027777777777778,3,1.0,SP,6,7138.166666666667,0.025048845039123267,0.16666666666666666,0.9722222222222222,6.920479038065844
b83cedfb587e7911540e3f576d6917ce,24,2224.95,88.99799999999999,4.24,2,1.08,SP,12,185.4125,0.2176261606966074,0.12,0.92,10.077923148148148
b8555308bfdb4ca1ed54325a58da9a97,26,3047.2000000000003,108.82857142857144,4.071428571428571,1,6.0,SP,9,338.5777777777778,0.19815054740359525,0.10714285714285714,0.9285714285714286,10.288528852513227
b8578d2d823bd8e251f6fdd02b40902d,9,1255.6,139.5111111111111,4.444444444444445,1,1.1111111111111112,SC,4,313.9,0.29868580783743787,0.1111111111111111,1.0,9.916325874485597
b8630e1121437d41cb08e3c749c2c2e2,12,6988.0,582.3333333333334,4.333333333333333,2,1.8333333333333333,RJ,10,698.8,0.17339779677708686,0.16666666666666666,0.8333333333333334,11.137473958333333
b86a47b3366e3b5424a7b225781f4908,1,86.5,86.5,3.0,0,,MG,1,86.5,0.2294797687861272,0.0,1.0,14.259398148148149
b87a7ea0c30fad2dd6781b74a0064859,9,515.4,57.266666666666666,3.4444444444444446,1,3.111111111111111,SP,7,73.62857142857142,0.3270953353213639,0.3333333333333333,0.6666666666666666,15.243249742798355
b88e7c57cb2d8b973b7dd4a2bfa14b36,4,353.9,88.475,4.25,1,1.5,PR,8,44.2375,0.5981943864774624,0.0,1.0,9.365081018518518
b8a0adc91af209270c2c725168eb00fd,6,281.4,46.9,4.0,1,1.3333333333333333,SP,3,93.8,0.392261424728833,0.16666666666666666,1.0,11.105634645061729
b8bc237ba3788b23da09c0f1f3a3288c,45,13685.710000000001,291.1853191489362,4.3478260869565215,1,3.0,SC,11,1244.1554545454546,0.14244526072032157,0.06382978723404255,0.9787234042553191,11.921712470449172
b8d890108a7a80e4f5d59eea9f362438,2,89.69999999999999,29.899999999999995,3.3333333333333335,1,1.0,PR,2,44.849999999999994,0.38561872909698997,0.0,0.6666666666666666,11.696026234567901
b906dd0e57f282c7089171b6ed07982e,2,175.0,87.5,4.0,1,1.0,PR,3,58.333333333333336,0.22826923076923075,0.0,1.0,6.987065972222222
b90e891671cffd9557f33a97dc523645,34,4449.0,114.07692307692308,4.128205128205129,2,1.0,PR,13,342.2307692307692,0.17694787354386918,0.15384615384615385,1.0,7.579306445868945
b92e3c8f9738272ff7c59e111e108d7c,62,8231.09,117.587,4.057142857142857,4,3.63768115942029,MG,20,411.5545,0.3206744718678466,0.2,0.9714285714285714,16.306628306878306
b94cc9f10ddc85e4ba73a6f7974e7101,39,25346.1,649.9,4.297297297297297,2,6.17948717948718,RJ,8,3168.2625,0.03993628555511204,0.1282051282051282,0.9230769230769231,10.580454059829059
b98b715fe9e276204e2a3464f48cd796,6,450.58000000000004,75.09666666666668,3.3333333333333335,3,1.8333333333333333,SP,15,30.038666666666668,0.18517310049081284,0.3333333333333333,0.75,11.317511574074075
b9a03475e6447e631b6799ec8274800f,10,1349.1,122.64545454545454,4.2727272727272725,3,6.545454545454546,PR,9,149.89999999999998,0.27600655103701394,0.09090909090909091,1.0,10.671656144781146
b9c0ffa92f3ff9a5a3d45ef7213c0842,3,490.0,163.33333333333334,5.0,2,1.6666666666666667,SP,4,122.5,0.18811868686868685,0.0,1.0,21.183537808641976
b9ca8e8baa5d4aa038394a700f63e69f,14,1289.77,92.12642857142858,4.214285714285714,3,1.3571428571428572,SP,5,257.954,0.2798662010220457,0.07142857142857142,0.9285714285714286,9.672949735449736
b9de031b671cd48b28fae9d828cbf2b4,1,155.32,155.32,5.0,1,1.0,SP,1,155.32,0.2792299768220448,0.0,1.0,9.232627314814815
b9ec22de23f18567de0e09d776ca0309,2,341.98,170.99,5.0,1,3.0,DF,3,113.99333333333334,0.12261503102621854,0.0,1.0,6.534861111111111
ba143b05f0110f0dc71ad71b4466ce92,85,6110.58,71.05325581395348,4.423529411764706,3,1.1744186046511629,SP,5,1222.116,0.23630086273573764,0.09302325581395349,0.8452380952380952,10.277845982142857
ba5daa4041e1f15cdf34b76e3e18a450,15,806.8000000000001,53.78666666666667,4.266666666666667,1,2.466666666666667,SP,7,115.25714285714287,0.25421161453715874,0.13333333333333333,1.0,5.692246141975308
ba6b4a237f92479743cf0ca06b67a9ac,8,801.89,100.23625,4.25,5,2.625,RJ,8,100.23625,0.18671723520057892,0.125,0.875,12.598758680555555
ba6b68b55fe8704377a7d43c8e5c0185,5,739.77,147.954,4.2,2,1.0,MG,2,369.885,0.14963600368051908,0.2,1.0,10.590298611111113
ba6ce6de456f6c11d08c17701ba5c26f,6,744.35,106.33571428571429,3.7142857142857144,1,1.7142857142857142,SP,6,124.05833333333334,0.18100492341303692,0.2857142857142857,0.8571428571428571,12.060459656084657
ba89796db68db180bd389de96b2ff3b6,2,309.8,154.9,5.0,2,4.0,SP,1,309.8,0.18043791807207024,0.0,1.0,8.601232638888888
ba8e85df286308fe68a2ce83a8f8b2d6,1,80.9,80.9,5.0,1,2.0,SC,1,80.9,0.20716934487021013,0.0,1.0,9.845416666666667
ba90964cff9b9e0e6f32b23b82465f7b,38,44212.5,1163.4868421052631,4.421052631578948,5,5.394736842105263,SP,7,6316.071428571428,0.036117368753255795,0.05263157894736842,0.9473684210526315,10.018161245126706
baa49d93c8c8841e27400a300f5d74b2,6,246.39999999999998,41.06666666666666,4.5,1,1.6666666666666667,SC,2,123.19999999999999,0.35887853963266375,0.0,0.8333333333333334,12.282937885802468
bab0a8cd684e41ba6e2637dca0979d3b,1,269.9,269.9,5.0,1,3.0,RJ,1,269.9,0.0709151537606521,0.0,1.0,13.315324074074073
babcc0ab201e4c60188427cae51a5b8b,1,79.0,79.0,5.0,1,2.0,SP,1,79.0,0.1788607594936709,0.0,1.0,8.19707175925926
bac44fa8e13424950488659b5f765c41,1,19.9,19.9,5.0,1,2.0,SP,1,19.9,0.7296482412060302,0.0,1.0,8.709305555555556
bac692d6c0ed08467878018e6cc9c26c,1,477.0,159.0,4.0,1,1.0,SC,1,477.0,0.17238993710691827,0.0,1.0,7.197361111111111
bacb1f0ed56ad24198f5810d2b3fe9a5,42,6940.45,165.2488095238095,4.075,3,3.0,SP,10,694.045,0.13456266598603028,0.14285714285714285,0.9736842105263158,9.781034356725147
baeda7047354773262ba2405f97038ba,1,35.0,35.0,5.0,1,2.0,SP,1,35.0,0.43142857142857144,0.0,1.0,23.479270833333334
baf15155e37ef5492731459bdc05be8a,1,47.0,47.0,5.0,1,4.0,SP,1,47.0,0.18553191489361703,0.0,1.0,33.05329861111111
bafc5aa11e413978be29040f51342e70,9,1679.55,186.61666666666667,3.7777777777777777,1,3.0,MG,2,839.775,0.10038911456239978,0.3333333333333333,0.8888888888888888,13.440901491769546
bb135baca94c82fcb731335ad5b04a03,18,1049.8,27.626315789473683,2.6578947368421053,4,3.5,SP,20,52.489999999999995,0.7101929828265557,0.5263157894736842,1.0,7.996843932748537
bb2afe2061d53c6968aa0cffa233a8ec,5,549.4,91.56666666666666,4.833333333333333,1,3.6666666666666665,SP,3,183.13333333333333,0.18576809790459983,0.0,1.0,4.69764274691358
bb3dca718920a4d7ec3cc9ffb025108b,2,108.0,36.0,2.3333333333333335,1,1.0,SP,1,108.0,0.8675925925925926,0.6666666666666666,1.0,10.654934413580248
bb5bd94c8f59cc050072d2930c869cac,16,2543.87,149.63941176470587,4.235294117647059,2,3.9411764705882355,SP,17,149.63941176470587,0.16462812025829274,0.058823529411764705,0.9411764705882353,14.840234204793028
bb5d956dece964a06c12bceb66b923ae,2,1278.36,639.18,5.0,1,3.0,RJ,2,639.18,0.05789740355363473,0.0,1.0,10.383778935185186
bb7a14e229b1c95156719c3d9552eeee,11,3190.1,290.0090909090909,4.181818181818182,3,2.1818181818181817,RJ,7,455.7285714285714,0.14341048528745726,0.18181818181818182,0.9,11.600447916666667
bb7ad8a45c027be8ab075b8e465f8ca0,2,19.98,9.99,5.0,1,1.0,SC,1,19.98,1.6336336336336337,0.0,1.0,5.669924768518518
bba3293d6f5d5af2f415e004e8b93ae3,17,11702.1,688.3588235294118,4.294117647058823,2,1.8235294117647058,SP,10,1170.21,0.03260676580573223,0.11764705882352941,0.9411764705882353,12.072742374727667
bba74270a87732727b5a3b4fd9ac1c39,36,6001.59,146.38024390243902,3.8048780487804876,5,3.4,MG,8,750.19875,0.25550550209025646,0.24390243902439024,1.0,9.283693287037037
bba8d0c234a52b87b3957037a215d1a4,1,120.0,120.0,5.0,1,1.0,GO,1,120.0,0.16275,0.0,1.0,23.839618055555555
bbad7e518d7af88a0897397ffdca1979,69,4462.22,52.49670588235294,3.0357142857142856,8,1.4352941176470588,SP,15,297.48133333333334,0.3972281015192113,0.4470588235294118,0.7738095238095238,15.275709738756612
bbaff50f3b708fda865918715276cd87,12,449.7,28.10625,4.8125,1,1.5,SP,18,24.983333333333334,0.5038800321874681,0.0,0.875,8.590279224537037
bbd3acfe6de99892e73940d3fdceaf68,2,69.0,34.5,3.0,1,3.0,SP,1,69.0,0.37092105263157893,0.5,1.0,3.2957581018518516
bbe87dce25ba8b38bb61cc7210a3f10b,2,287.0,143.5,5.0,1,2.5,SP,4,71.75,0.27305197421434324,0.0,1.0,6.258229166666666
bbf4a892cac7b82422baa711dffb8997,1,70.0,70.0,5.0,1,7.0,PR,1,70.0,0.5048571428571429,0.0,1.0,3.0054398148148147
bbf9ad41dca6603e614efcdad7aab8c4,14,7846.0,560.4285714285714,4.5,1,5.214285714285714,CE,17,461.52941176470586,0.10334184059479988,0.07142857142857142,1.0,13.931492228835978
bc07d855eac23aab5ac8a120f21d16b2,12,1283.1100000000001,98.70076923076924,4.153846153846154,4,1.0,SP,6,213.8516666666667,0.21824960397560686,0.15384615384615385,0.8333333333333334,12.699539930555554
bc2ac6b95e1accce9858528ee566c17e,18,2045.0,92.95454545454545,4.636363636363637,1,1.0,SP,10,204.5,0.12083404437512853,0.09090909090909091,1.0,4.882892992424242
bc302730ea8cf49b5c74f579febb5bbf,11,2640.9,240.0818181818182,3.8181818181818183,3,1.1818181818181819,SP,13,203.14615384615385,0.32274429544436917,0.18181818181818182,0.9090909090909091,11.243857323232323
bc30de0d71bd6260b936a026b5cf7200,3,392.37,130.79,4.666666666666667,1,1.0,SP,1,392.37,0.19381375314799285,0.0,1.0,12.237530864197531
bc39d8938f90a3a2b98193723ed59774,2,306.8,153.4,4.0,1,3.0,SP,3,102.26666666666667,0.07271838331160364,0.0,1.0,4.553125
bc47d5d1490df2b36add65d733eafaba,24,1004.8,40.192,3.28,1,2.72,SP,8,125.6,0.6288637651430694,0.36,0.9090909090909091,13.23846696127946
bc503e244f187939d10c92a5c8e378ce,7,637.67,39.854375,3.75,1,2.0,SP,11,57.97,0.3858265550909201,0.3125,0.9230769230769231,9.832486645299145
bc8c8d665ec4664d286be0d521722b19,1,22.5,22.5,2.0,1,2.0,SP,1,22.5,0.3697777777777778,1.0,0.0,8.033923611111112
bca9230d3bbb4efa51872bf605a2f1ad,5,117.57,23.514,4.0,1,1.4,SP,3,39.19,0.4296278644798666,0.2,0.8,7.055643518518518
bcc9dd23e2a8bd8267cf92b19304a1b9,3,202.79000000000002,67.59666666666668,2.3333333333333335,1,1.0,SP,2,101.39500000000001,0.21921086437083392,0.6666666666666666,0.3333333333333333,22.54966049382716
bccf933e006e9b94a6184af782963e77,45,4162.74,90.49434782608695,4.533333333333333,1,1.0434782608695652,SP,11,378.4309090909091,0.24983906662790478,0.06521739130434782,0.9782608695652174,11.57500251610306
bcd2d7510d58e293f20fad6438c1b314,1,23.9,23.9,,1,2.0,PR,1,23.9,0.6510460251046025,0.0,0.0,33.19689814814815
bce6a5ecf98e99fd2a8868b15c51f04b,14,3464.9,230.99333333333334,4.133333333333334,1,1.9333333333333333,SP,3,1154.9666666666667,0.08549095326885904,0.2,0.8,11.243800925925926
bcf5566870987da7bc811fbc8c5b9fd9,1,96.0,24.0,1.0,1,2.0,SP,1,96.0,0.32416666666666666,1.0,,
bd0389da23d89b726abf911cccc54596,87,7472.16,83.024,4.2,5,2.311111111111111,DF,18,415.12,0.2651694834207433,0.1111111111111111,0.9222222222222223,13.493771219135803
bd0a1b0aadca9a83d9304f7e8ff5fbd5,4,150.6,37.65,4.5,1,2.25,SP,1,150.6,0.41596774215024584,0.0,1.0,5.896536458333333
bd149ed516d4c5d418d5781f8e18919f,8,414.0,46.0,4.888888888888889,1,1.0,SP,11,37.63636363636363,0.40185672707893655,0.0,1.0,8.932146347736627
bd15ee794d5e640d9dd71b665b2ab15b,12,374.79999999999995,31.23333333333333,4.0,2,2.5,SP,6,62.46666666666666,0.5903778967500675,0.16666666666666666,0.8333333333333334,14.46503375771605
bd1d49a326abfa9b1036772e40445430,12,637.7,49.05384615384616,3.8461538461538463,1,1.0,SP,8,79.7125,0.3625761034801076,0.15384615384615385,0.9230769230769231,11.991891915954415
bd23da7354813347129d751591d1a6e2,89,10544.300000000001,117.1588888888889,4.022471910112359,1,4.911111111111111,SP,14,753.1642857142858,0.15151910910711863,0.17777777777777778,0.9540229885057471,9.830312899106003
bd43e172d599bed47a85da877172ca8c,1,23.92,23.92,5.0,1,3.0,SC,1,23.92,0.7637959866220735,0.0,1.0,12.473587962962963
bd4431c1a8dfa744b59e1e2a8bc99b9e,7,809.5,115.64285714285714,4.571428571428571,1,1.4285714285714286,RJ,5,161.9,0.2742275852350113,0.0,1.0,7.122043650793651
bd4889b5e9133b35b66e42a8665cea5c,36,6271.9,149.33095238095237,4.463414634146342,1,1.0,SP,16,391.99375,0.20042359240221816,0.07142857142857142,1.0,10.212597552910054
bd4ff04377f974574f7f0bf9d6ce7dde,4,164.96,41.24,3.5,3,2.25,SP,5,32.992000000000004,0.31023495680212265,0.25,0.75,21.992728587962965
bd65d163ded559eb90a10cd09fec178f,1,19.8,9.9,4.0,1,1.0,SP,1,19.8,0.9434343434343434,0.0,1.0,4.471331018518518
bd697db56ff8e7c9cd1abeb7f72029b2,22,3069.78,139.53545454545454,4.181818181818182,1,1.8181818181818181,SP,19,161.56736842105263,0.26320083452285553,0.13636363636363635,1.0,10.883916997354497
bdae679a9b282249bc23b9b69dae9a99,6,663.15,55.262499999999996,3.5,2,1.0833333333333333,DF,7,94.73571428571428,0.4160636908944919,0.3333333333333333,1.0,8.194706790123456
bdb3edbaee43a761e2d4f258dc08f348,5,259.5,51.9,3.8,2,2.2,SP,2,129.75,0.3582390950478302,0.2,0.8,11.946273148148148
bdf0d02d36a1d839d0c39c4a887cdd49,5,120.0,17.142857142857142,5.0,1,1.0,SP,2,60.0,0.8434897959183674,0.0,1.0,7.988988095238095
be1e9e378700cecaa4ebf71433d7915c,2,119.89000000000001,59.94500000000001,3.0,0,,SP,3,39.96333333333334,0.30285846868944605,0.5,0.0,48.17583912037037
be3b4b0f050a6aa1b2d901c4b77e979f,3,578.1999999999999,72.27499999999999,2.75,2,1.125,PR,3,192.73333333333332,0.38882045059428916,0.75,1.0,7.576799768518518
be67f78487e2cecb0d55bc769709e4f5,1,102.0,102.0,5.0,1,4.0,MG,1,102.0,0.23176470588235296,0.0,1.0,10.03462962962963
be7a093e5b4d147b36b72bb1f9e415e5,1,60.9,60.9,5.0,1,2.0,PR,1,60.9,0.3671592775041051,0.0,1.0,5.3288773148148145
be8e909810184b9b19e886129149d8e5,15,629.85,41.99,3.7333333333333334,3,1.0,SP,8,78.73125,0.34852742122512653,0.2,0.8,15.356016203703705
be9a160a9011f627c3e121d076c1ec7b,7,2934.0,419.14285714285717,3.5714285714285716,2,2.0,SC,10,293.4,0.0921695603863022,0.2857142857142857,1.0,14.817761574074074
beadbee30901a7f61d031b6b686095ad,64,4373.98,64.32323529411764,3.9411764705882355,3,2.735294117647059,SP,4,1093.495,0.2623792547901992,0.17647058823529413,0.7647058823529411,13.541908700980391
bec568278124768c474ee90971ca94d1,2,219.9,109.95,4.5,2,3.5,SP,2,109.95,0.4318986078718954,0.0,1.0,3.4400520833333337
bede56095ba33c42038fb85f707b8a42,2,3973.9,1986.95,4.5,1,2.5,SP,5,794.78,0.0497966507771721,0.0,1.0,12.575914351851853
bee36b4f9a2b9fdcaff6ec05df202ed0,2,33.8,16.9,3.0,1,3.0,SP,2,16.9,0.5822485207100592,0.5,1.0,13.397164351851853
bf00385a5f7fc1ef39a13c2e9ee50a5f,29,870.3,30.010344827586206,4.310344827586207,6,1.3103448275862069,SP,2,435.15,0.48361220152593787,0.10344827586206896,1.0,5.772894758597884
bf0045791395e66460eb04749c68672a,2,119.8,59.9,4.0,1,1.0,SP,2,59.9,0.2959098497495827,0.0,1.0,14.245839120370372
bf0d50a6410d487dc97d2baac0a8c0be,1,27.9,27.9,2.0,1,1.0,SP,1,27.9,0.3318996415770609,1.0,,
bf100ecb7997df312b285358fb32f92c,20,1991.9,94.85238095238095,4.368421052631579,3,1.8095238095238095,PR,14,142.27857142857144,0.22160783689411676,0.0,1.0,9.660422178130512
bf3c6d2a28b2b5501e6c15448982dcc9,35,3956.5,92.01162790697674,4.4186046511627906,2,3.813953488372093,SP,13,304.34615384615387,0.22031314513902184,0.06976744186046512,0.9767441860465116,10.611320790267012
bf84056e679dbe9c69929847a40e338f,36,2024.04,50.601,3.725,2,1.0,SP,3,674.68,0.22423380664770165,0.175,0.9210526315789473,12.35544864766082
bf961104a38e01b9062ee026bb657dee,4,585.56,146.39,4.5,1,3.0,SP,1,585.56,0.1364505772252203,0.0,1.0,9.057149884259259
bfd27a966d91cfaafdb25d076585f0da,117,19921.0,168.82203389830508,4.2844827586206895,6,2.2288135593220337,SP,18,1106.7222222222222,0.17949697620897917,0.11016949152542373,0.9478260869565217,12.371912238325281
bfd938b22bc99bce1ae60dc602889f52,6,922.8000000000001,76.9,3.0833333333333335,3,2.909090909090909,RJ,4,230.70000000000002,0.2972532293881334,0.5,1.0,11.246290509259259
bff9deb0ec77d437f3305a79cf25529e,5,161.95,32.39,4.0,1,1.0,SP,3,53.98333333333333,0.5008888180469573,0.2,1.0,6.972201388888888
c003204e1ab016dfa150abc119207b24,197,25108.09,124.29747524752476,4.422885572139304,2,3.8168316831683167,SP,11,2282.5536363636365,0.19542273187386683,0.0594059405940594,0.935,9.686840162037036
c00396cbdd2e088fe4281baa5920aef1,1,832.4100000000001,277.47,5.0,1,1.0,PR,1,832.4100000000001,0.08822575413558222,0.0,1.0,12.10460648148148
c004e5ea15737026cecaee0447e00b75,2,4700.0,2350.0,1.0,1,1.0,SP,1,4700.0,0.03708936170212766,1.0,0.0,33.83170138888889
c0098efcf800861dcae589affca31408,9,1189.28,132.14222222222222,4.777777777777778,1,1.0,SP,8,148.66,0.19212312748082228,0.0,0.8888888888888888,11.417037037037037
c013e57c075a06e5b5c48ee03c525719,42,1971.55,43.81222222222222,4.155555555555556,1,3.977777777777778,SP,7,281.65,0.4530725511080929,0.08888888888888889,0.9111111111111111,9.355028806584363
c026ef0d72e9132d9fa112308090c8dc,1,520.0,520.0,4.0,1,2.0,RJ,1,520.0,0.07253846153846154,0.0,1.0,11.181145833333334
c03121937e54a93fcc1825c3098bbb6e,7,1043.0,149.0,5.0,1,9.0,PR,15,69.53333333333333,0.1485522531160115,0.0,1.0,11.15910052910053
c04d70d515d15a7e3db3a73320598566,3,158.2,39.55,5.0,1,1.0,RJ,7,22.599999999999998,0.35657097288676237,0.0,1.0,7.230824652777778
c0563dd588b775f2e37747ef6ad6c92c,28,3697.2000000000003,132.04285714285714,4.357142857142857,1,2.0,SP,19,194.58947368421053,0.10986139333171183,0.14285714285714285,0.8928571428571429,10.860574156746031
c092292535a57dacd95a8765f5518f87,1,125.0,125.0,5.0,1,5.0,RJ,1,125.0,0.15184,0.0,1.0,8.097824074074074
c0aff2da32c17759d30b22fb0af6649d,4,188.8,37.760000000000005,3.8,2,1.4,SC,3,62.93333333333334,0.7011048725069428,0.0,1.0,7.814456018518518
c0e0b73d039eb9a99b6ce4cb7a429cd3,1,29.88,29.88,5.0,1,1.0,SC,1,29.88,0.2570281124497992,0.0,1.0,4.986238425925926
c0e6839516f5398edc34adf5f1d53d1a,3,432.92,144.30666666666667,2.6666666666666665,1,2.0,SP,4,108.23,0.25840235925714866,0.6666666666666666,1.0,5.102037037037037
c0f3eea2e14555b6faeea3dd58c1b1c3,1,79.99,79.99,5.0,1,10.0,SP,1,79.99,0.19577447180897614,0.0,1.0,5.6671875
c0f783394e37cd9c9d7f5f81141450fa,6,249.39999999999998,41.56666666666666,3.6,0,,SP,2,124.69999999999999,0.36420963946853374,0.16666666666666666,1.0,13.170179398148148
c113b8df1fc375bc3d73d29c1b1144d1,3,333.0,66.6,4.2,0,,SP,3,111.0,0.2075851825965403,0.0,1.0,6.676039351851853
c12b92bf1c350f3e6bf88d3596219c86,17,4808.78,282.8694117647059,3.8823529411764706,6,1.411764705882353,SP,4,1202.195,0.11967208832067457,0.23529411764705882,0.9411764705882353,10.78250408496732
c12d7463a579237ffb9248bd7cff378b,1,25.9,25.9,4.0,1,4.0,SP,1,25.9,0.3366795366795367,0.0,1.0,11.243993055555556
c13ef0cfbe42f190780f621ce81f2234,1,390.0,390.0,3.0,1,2.0,SP,1,390.0,0.15712820512820513,0.0,0.0,28.063055555555554
c13fb473e7cb8b83ccd543c094df0608,2,54.8,27.4,3.5,2,2.5,SP,3,18.266666666666666,0.5056284286763331,0.0,1.0,12.762152777777779
c1552b1dab6e6f760950368ae61fb600,2,53.8,26.9,2.5,1,1.0,SP,1,53.8,0.3029525022361699,0.5,1.0,5.066215277777777
c157bdeedcbc9a8e3c8bf0d87ff24428,7,514.27,51.427,4.5,1,2.5,SP,4,128.5675,0.6275317671738823,0.0,1.0,12.821667824074074
c161d1327ebc3a156c09582ab2f59f6c,3,52.99,17.663333333333334,3.0,2,1.3333333333333333,SP,7,7.57,0.45579831022668343,0.3333333333333333,1.0,3.5126793981481486
c18309219e789960add0b2255ca4b091,1,9.9,9.9,5.0,1,2.0,RJ,1,9.9,1.424242424242424,0.0,1.0,14.187407407407408
c1849d4d32d7a6cecd5aa471809d3135,3,388.98,129.66,4.333333333333333,2,1.6666666666666667,SP,1,388.98,0.41845115527427906,0.0,1.0,5.419305555555556
c1d1ebb4745cc43cb6f05e9c8a705c9a,3,34.5,11.5,2.3333333333333335,0,,SP,8,4.3125,1.2618962962962963,0.6666666666666666,0.0,26.52927083333333
c1dde11f12d05c478f5de2d7319ad3b2,1,12.5,12.5,1.0,1,1.0,SP,1,12.5,0.5912,1.0,1.0,3.2347337962962963
c1ed9e3daf6154542826a6996af0fb8c,9,971.25,57.13235294117647,4.411764705882353,1,1.0,SC,8,121.40625,0.43284105899440606,0.11764705882352941,0.6875,18.098057725694446
c1f12f926d0ba950578b4fa41115cbb6,2,479.6,119.9,4.5,2,3.5,SP,7,68.51428571428572,0.16042767560568966,0.0,0.75,25.440807291666665
c200c73f9d7e5a08ca439d6a0803da7c,1,40.0,20.0,1.0,1,2.0,PR,1,40.0,0.705,1.0,,
c240c4061717ac1806ae6ee72be3533b,1,59.9,59.9,4.0,1,1.0,RJ,1,59.9,0.2335559265442404,0.0,1.0,6.056956018518519
c24173065483e421f9e5e7f599de101d,9,373.91,41.54555555555556,3.5555555555555554,1,1.6,SP,5,74.78200000000001,0.3342442573119972,0.2222222222222222,0.8888888888888888,15.815204475308642
c26a2be5b53b7db6b276280da212a779,13,7482.0,415.6666666666667,2.7222222222222223,1,1.0,RJ,13,575.5384615384615,0.11389739097858757,0.5555555555555556,1.0,13.558947402263374
c26ba52cf8d2f34915f2f6b7ffa0a3f3,4,125.96,31.49,4.0,0,,RJ,3,41.986666666666665,0.4365131912045427,0.25,1.0,7.716890432098765
c273175f7c6c80fb02f051e2fc6d0d72,14,1188.23,84.87357142857142,3.7857142857142856,2,2.7857142857142856,SP,7,169.74714285714285,0.2804166480212219,0.21428571428571427,0.9285714285714286,10.586340112433861
c286ec035ee04ba81c97508f0b5df544,2,493.0,246.5,2.5,1,3.0,PR,5,98.6,0.14202774074453903,0.5,1.0,14.242025462962962
c2bda99904207edd1834f03e0022b007,2,79.8,39.9,2.5,1,1.0,SP,2,39.9,0.27418546365914787,0.5,1.0,12.421550925925926
c2d70ce2c5d0a2eb75e78668236e6dc8,13,2470.9,164.72666666666666,4.666666666666667,1,1.6666666666666667,SP,12,205.90833333333333,0.21155332127433174,0.0,1.0,8.098435956790123
c31eff8334d6b3047ed34bebd4d62c36,122,13191.5,107.2479674796748,3.8524590163934427,2,1.2195121951219512,SP,10,1319.15,0.19071565459756792,0.17886178861788618,0.859504132231405,12.768233566727885
c3251e13f1bbda6c74e37c160f991e19,2,437.79999999999995,218.89999999999998,5.0,2,1.5,SP,3,145.9333333333333,0.15436219759162484,0.0,1.0,13.26116898148148
c32fc744b9160ac853450488e3cfea93,3,185.70000000000002,61.900000000000006,2.3333333333333335,1,1.3333333333333333,SP,4,46.425000000000004,0.19888547271618404,0.6666666666666666,1.0,15.516493055555555
c33847515fa6305ce6feb1e818569f13,114,15519.85,121.248828125,3.71875,2,1.0,SC,4,3879.9625,0.29482028517010966,0.25,0.953125,9.561364474826389
c33a5c3c983090c8b78a28e65052a20d,9,629.1,69.9,4.222222222222222,1,1.0,SC,6,104.85000000000001,0.23058337307264345,0.2222222222222222,1.0,11.570222800925926
c353f8fc0ce8344999f17d578eb69a5e,2,175.98,87.99,5.0,1,4.0,RS,2,87.99,0.20792135469939768,0.0,1.0,9.96112847222222
c35672b10ad50968f567ea3f4b91e877,18,1150.57,52.29863636363636,4.454545454545454,2,1.1818181818181819,RJ,13,88.50538461538461,0.39339863180130263,0.045454545454545456,0.9545454545454546,10.14469539141414
c35affa65afd250151285c5917fc1c8a,9,5279.91,586.6566666666666,4.0,1,2.888888888888889,SP,8,659.98875,0.13114714715801412,0.2222222222222222,0.875,17.261034432870368
c360e4787614ed31ac7a2f95d3b22dc6,1,188.9,188.9,2.0,1,1.0,SP,1,188.9,0.1590788777130757,1.0,1.0,12.66162037037037
c37b2059d4f90d4feead554e5246565e,12,839.3,52.45625,3.75,1,1.875,SP,9,93.25555555555555,0.2834098498847038,0.3125,0.5625,20.022840711805554
c3867b4666c7d76867627c2f7fb22e21,245,37153.4,143.44942084942085,3.8443579766536966,1,1.0,SP,17,2185.494117647059,0.16912862549702978,0.22393822393822393,0.8879668049792531,15.219363906177962
c394e193cda3b4225ff2094d32184849,3,3419.88,284.99,4.666666666666667,1,1.0,SP,2,1709.94,0.056013661298057245,0.08333333333333333,1.0,13.63089436026936
c398bc00a606d33758afd91f4e64fd15,2,150.0,75.0,4.5,1,1.0,RJ,2,75.0,0.10333333333333333,0.0,1.0,3.7029050925925926
c3aad7dc65449ae90a5e9c3c6c1e78e0,6,510.0,85.0,4.666666666666667,1,1.0,SP,1,510.0,0.2629074074074074,0.0,1.0,7.48622299382716
c3acdfac4e3e97ff87529454fbc03642,12,16788.0,1399.0,4.25,1,2.5833333333333335,SP,6,2798.0,0.01730428673713956,0.08333333333333333,0.9166666666666666,11.161102430555557
c3cfdc648177fdbbbb35635a37472c53,278,43048.18,140.22208469055374,4.447712418300654,2,1.013029315960912,PR,20,2152.409,0.17133113084433213,0.08143322475570032,0.9771986970684039,9.690750919893835
c3e1abd72a42fe690fcd89cf5720fe29,13,1798.61,138.35461538461539,4.461538461538462,1,1.5384615384615385,SP,4,449.6525,0.09718811024657147,0.07692307692307693,1.0,4.309395477207977
c3e2398fcc7e581cda2e546557bf6968,1,14.9,14.9,5.0,1,2.0,SP,1,14.9,1.0221476510067113,0.0,1.0,11.835428240740741
c3ee2331a724e6fc02c4b698b57a73f3,2,1347.0,449.0,3.0,1,2.0,SP,2,673.5,0.10458797327394209,0.0,1.0,6.240069444444444
c3f5668699a1b04c0fa61ecea1e2bff6,3,407.81,135.93666666666667,5.0,2,1.6666666666666667,PR,6,67.96833333333333,0.2616256569093056,0.0,1.0,12.12863811728395
c3fe93ba3085f92855c97e57f38c8c05,7,245.0,35.0,5.0,1,2.5714285714285716,PR,14,17.5,0.5243341083523094,0.0,1.0,13.222635030864197
c42fd8e4d47dfb18ce5222f2dd7752f9,7,466.99,42.45363636363636,4.0,2,3.9,SP,4,116.7475,0.44076824294216305,0.09090909090909091,0.5454545454545454,34.291219486531986
c43d924a0f1688ee9fae0efcd6f539d4,1,29.9,29.9,4.0,1,3.0,RJ,1,29.9,0.5053511705685618,0.0,1.0,21.502858796296298
c447f8dd3ed213f291d65ef074a268eb,7,655.0,81.875,3.875,2,2.75,SP,5,131.0,0.26825775434243176,0.25,1.0,12.454298321759259
c458e2045a8aa8964f8879af03fdcce6,4,494.91,54.99,3.111111111111111,1,2.5555555555555554,SP,4,123.7275,0.5237051683415371,0.3333333333333333,1.0,15.368130144032923
c4af86330efa7a2620772227d2d670c9,4,5396.0,1349.0,4.333333333333333,1,2.0,SP,6,899.3333333333334,0.06791299922298726,0.0,1.0,15.150208333333333
c4b911d06343b21dd906651f8101cb49,2,90.98,45.49,1.0,1,1.0,SP,1,90.98,0.6015912423570641,1.0,,
c4d51195486dc781531876a7d00453d8,17,11468.98,674.6458823529412,3.9411764705882355,2,2.2941176470588234,SP,4,2867.245,0.07709981362784685,0.11764705882352941,0.7058823529411765,23.733787445533768
c4f7fee5b0db50e87766f5a4d1b1b758,8,11961.829999999998,1329.092222222222,2.6666666666666665,4,1.6666666666666667,SP,4,2990.4574999999995,0.0847923960099331,0.5555555555555556,1.0,11.528446759259259
c4fabeea6e569d42d02993bb1f4f1cbc,11,859.3000000000001,78.11818181818182,4.0,2,1.6363636363636365,CE,8,107.41250000000001,0.33502621581753467,0.18181818181818182,0.9090909090909091,21.726757154882154
c4fb51fb1c5b7c07bc5e67be6e7e8f6e,15,1567.9,97.99375,3.5,5,1.1875,PR,14,111.99285714285715,0.43921722668008706,0.1875,0.875,15.853416521990741
c500367424994318b9e779ff1ae9a330,9,4346.4,482.9333333333333,3.7777777777777777,3,3.3333333333333335,SP,4,1086.6,0.1234838750141319,0.2222222222222222,0.8888888888888888,16.712573302469135
c510bc1718f0f2961eaa42a23330681a,13,12251.0,942.3846153846154,4.0,1,2.6923076923076925,SP,5,2450.2,0.11596647065777556,0.23076923076923078,1.0,6.957580054012346
c522be04e020c1e7b79f3acff36513d5,7,739.9300000000001,105.70428571428572,3.5714285714285716,4,3.857142857142857,SP,5,147.98600000000002,0.12696487185501315,0.2857142857142857,0.6666666666666666,15.649359567901236
c52c644cc0dc85121207a27013efc6af,1,397.8,198.9,5.0,1,1.0,MG,1,397.8,0.7118149824032177,0.0,1.0,7.146863425925926
c53bcd3be457a342a97e39e5a9f0be22,5,509.5,101.9,3.2,1,1.6,SE,19,26.81578947368421,0.37532372639045697,0.4,1.0,12.383395833333333
c542f5a8c64d973f30e9df8d06f70b4a,1,81.0,81.0,1.0,1,1.0,SP,1,81.0,0.2137037037037037,1.0,,
c54679b132454625907c773d273d4126,7,1032.0,129.0,4.875,1,1.0,SP,5,206.4,0.13222883597883597,0.0,1.0,6.140862268518519
c5e60e39c0f42b8e827daa13cff74afa,6,134.0,16.75,4.125,1,1.0,SP,1,134.0,0.7743599312846203,0.0,0.875,3.3866304976851853
c5ebe6598748b0aeaa61cfb820478b92,3,297.0,99.0,4.666666666666667,1,1.3333333333333333,RS,2,148.5,0.15002875270176483,0.0,1.0,4.9036535493827165
c5f7e746b7e6d07def6c0dae9903279b,10,1429.0,129.9090909090909,4.454545454545454,1,1.8181818181818181,PR,5,285.8,0.27910646773334646,0.0,1.0,5.398118686868687
c5f7feb04a6a1fb3596322bfc3cf1917,11,1720.6,156.4181818181818,4.2727272727272725,1,1.0,SP,3,573.5333333333333,0.32439371651161086,0.18181818181818182,0.9090909090909091,10.024396043771043
c60b801f2d52c7f7f91de00870882a75,41,12913.5,314.9634146341463,3.317073170731707,5,1.5853658536585367,SP,8,1614.1875,0.07700388635103728,0.3170731707317073,0.7948717948717948,16.103873160018995
c611f4ce9ce875bcc063fa97fd4d7d12,1,319.0,319.0,4.0,1,6.0,SP,1,319.0,0.041536050156739814,0.0,0.0,4.072800925925926
c6218512d16fcac0af02fe92691cf274,8,674.0,84.25,4.0625,2,3.0,MG,3,224.66666666666666,0.3112325012950013,0.125,0.875,14.866530671296296
c6381b1321d7d97717a5bb4ed5b77882,2,66.0,22.0,3.6666666666666665,2,1.0,SP,2,33.0,0.5825238095238094,0.3333333333333333,1.0,4.495408950617284
c6381d2d013342748761e906d45aff76,15,2042.98,72.96357142857143,3.0,2,1.6071428571428572,RS,10,204.298,0.3361127095194602,0.5,1.0,16.966397156084657
c64a2aec32cc408a8a4c6d7c46017f91,9,3221.5,357.94444444444446,3.888888888888889,1,7.0,RS,4,805.375,0.12698096674567264,0.1111111111111111,1.0,21.510210905349794
c66dccfb3f109511246da627dd5a2498,45,12708.55,282.4122222222222,4.488888888888889,2,1.3555555555555556,SP,8,1588.56875,0.09579520058422834,0.08888888888888889,0.9545454545454546,11.345025252525254
c679fb69a36e1d8349e8c50a217b4d58,14,1825.68,107.39294117647059,3.5625,2,1.2352941176470589,RS,2,912.84,0.33539235787693195,0.29411764705882354,0.8235294117647058,10.436830746187365
c68fb906c8f4b4b946d8386bfa6e5467,45,4541.16,94.6075,4.51063829787234,8,1.75,SP,17,267.1270588235294,0.24169308431182882,0.0625,0.9791666666666666,11.158594714506172
c6a7539d424a8402232c2228d7a03c5e,10,607.5,40.5,2.6,1,3.0,SP,9,67.5,0.6482633744855967,0.5333333333333333,0.9333333333333333,13.75304398148148
c6bda72e4dbf5c5866b13cb1810c6d03,59,14059.380000000001,238.29457627118646,4.398305084745763,4,1.847457627118644,SP,14,1004.2414285714286,0.12561904836387633,0.0847457627118644,0.9661016949152542,10.208053005335843
c70a353f02429c00775a46a75fb787da,6,242.0,40.333333333333336,4.666666666666667,1,1.0,SP,2,121.0,0.39560846724065896,0.0,1.0,6.758491512345679
c70c1b0d8ca86052f45a432a38b73958,261,36537.369999999995,108.09872781065087,4.3014925373134325,1,1.0,SP,5,7307.473999999999,0.10808727245355483,0.11242603550295859,0.9196428571428571,7.6691412794863325
c714262700f93defc16bf17a51a4cb23,4,421.8,105.45,3.75,2,1.5,SP,3,140.6,0.18470358379674073,0.25,1.0,10.20859375
c716e0b86ed568878475b60fbb6323ad,1,35.0,35.0,5.0,1,1.0,SP,1,35.0,0.43514285714285716,0.0,1.0,7.47505787037037
c7246702dc991a06d788120dc7544391,1,54.86,54.86,5.0,1,2.0,CE,1,54.86,0.3219103171709807,0.0,1.0,20.98670138888889
c72de06d72748d1a0dfb2125be43ba63,21,17522.0,796.4545454545455,4.454545454545454,3,4.636363636363637,BA,4,4380.5,0.11492664892749832,0.045454545454545456,1.0,9.705412457912457
c731d18cea9bf687ffee82a241c25b11,24,3662.0,140.84615384615384,3.96,5,1.2307692307692308,SC,19,192.73684210526315,0.19257501768040824,0.23076923076923078,1.0,7.650308493589743
c747d5b92c7648417faea95d36d763e8,1,139.0,139.0,5.0,1,2.0,CE,1,139.0,0.6169064748201439,0.0,1.0,12.949432870370371
c74f14c1e26cf1bd5bd34b6a1e274426,1,39.0,39.0,5.0,1,1.0,SC,1,39.0,0.43051282051282047,0.0,1.0,24.23091435185185
c76d418370990614e89e956c7a7567d9,2,305.24,152.62,3.5,1,4.0,SP,2,152.62,0.21144303846921247,0.0,1.0,10.554403935185185
c79151301b9d90985d1fa52879213105,4,322.3,40.2875,4.375,1,1.625,PR,6,53.71666666666667,0.4144286292347733,0.125,1.0,8.649183201058202
c794dab4928dd97beb41d05514441e86,16,1312.3999999999999,82.02499999999999,4.375,1,1.0,SP,7,187.48571428571427,0.29194384151545766,0.0625,0.875,13.794497974537038
c7a0a13cbcf29d5ce51c8f80afdc0b89,8,483.08,53.675555555555555,4.222222222222222,2,1.0,SC,11,43.916363636363634,0.6985284338177641,0.1111111111111111,1.0,10.247235082304526
c7b7db6c8f3c64a7cc1afa634db21d50,1,1489.0,1489.0,1.0,1,4.0,SP,1,1489.0,0.015352585627938214,1.0,0.0,33.21452546296296
c7bb64409aa480bb7d0335faaaf3d242,4,97.6,24.4,2.25,1,1.0,SC,2,48.8,0.8785347653109603,0.5,1.0,5.879091435185185
c7c7b2682c648339a0e9846bb1023a39,2,168.0,56.0,4.666666666666667,0,,SP,3,56.0,0.18857142857142853,0.0,1.0,8.459675925925927
c7dcd301ecfe5ab7f778ac172cf74be7,4,457.69,114.4225,2.5,2,2.5,MG,1,457.69,0.221810867837315,0.5,1.0,25.347723765432097
c7fdb77fdbff3c41981bc52f787e959e,10,696.32,58.02666666666667,3.3333333333333335,1,1.0,SP,7,99.47428571428573,0.29347905074650726,0.4166666666666667,0.8181818181818182,17.778820496632996
c8025364abeecb115431bf95c11a747f,2,928.0,464.0,4.5,1,2.0,RS,4,232.0,0.046224254202800005,0.0,0.5,7.962546296296296
c8143b3069f6746a77421b5ce30a450c,1,142.47,142.47,5.0,1,4.0,GO,1,142.47,0.30469572541587703,0.0,1.0,24.404675925925925
c826c40d7b19f62a09e2d7c5e7295ee2,354,45643.74,122.36927613941018,4.0431266846361185,1,1.0,SP,13,3511.056923076923,0.13398127319123967,0.16621983914209115,0.9095890410958904,13.195016837899542
c840d3fdbba0790404fdae73d253b253,9,4522.28,323.02,3.9285714285714284,2,1.2142857142857142,PR,9,502.4755555555555,0.1260883901039475,0.14285714285714285,1.0,11.619641203703704
c8417879a15366a17c30af34c798c332,26,1767.9,49.108333333333334,4.0285714285714285,4,4.3428571428571425,SP,8,220.9875,0.4365040112628059,0.16666666666666666,0.9142857142857143,9.486715939153438
c84592044b180dec206770c38603814b,15,511.94000000000005,34.129333333333335,4.2,4,1.3333333333333333,SP,4,127.98500000000001,0.5360817513290305,0.13333333333333333,1.0,12.918706183862435
c8467937e403e76a8ee9f0ab13f6f5ef,30,1853.79,56.17545454545454,4.133333333333334,1,2.727272727272727,MG,12,154.4825,0.4937082730617292,0.12121212121212122,0.8787878787878788,16.679165614478112
c847e075301870dd144a116762eaff9a,42,15348.7,356.946511627907,4.166666666666667,4,3.9767441860465116,MG,12,1279.0583333333334,0.22616478540002388,0.13953488372093023,0.9047619047619048,16.810005787037035
c85d7b477a709c85a1e8b8f25aa1b270,1,75.0,37.5,1.0,1,1.0,SP,1,75.0,0.4296,1.0,,
c864036feaab8c1659f65ea4faebe1da,58,10454.2,180.2448275862069,4.568965517241379,1,7.551724137931035,PR,14,746.7285714285715,0.17565638644201065,0.05172413793103448,0.9655172413793104,12.280721982758621
c8660dcf9ba70575f45d80fe28c27713,4,335.0,47.857142857142854,4.714285714285714,2,1.4285714285714286,SP,2,167.5,0.3143516483516483,0.0,0.8571428571428571,11.137800925925927
c8665a4dd081a2c436b1cd921079d0d9,1,79.39,79.39,5.0,1,3.0,SP,1,79.39,0.1781080740647437,0.0,1.0,4.243194444444445
c8771b1a10bb99bb34d3c459c5cffb53,1,64.9,64.9,5.0,1,1.0,SP,1,64.9,0.4807395993836671,0.0,1.0,6.815891203703703
c878515173c84a492ebe50d6b493230b,9,1118.84,111.88399999999999,4.2,4,1.7,PR,9,124.31555555555555,0.34816501470046485,0.2,0.8,15.808011574074076
c87abc38c8ed3240861729e1aeadf221,1,133.0,133.0,1.0,1,1.0,SP,1,133.0,0.11789473684210526,1.0,1.0,10.748113425925926
c88f62b4c386a59281014d677864d016,1,1099.0,1099.0,1.0,1,1.0,PR,1,1099.0,0.22884440400363967,1.0,,
c89cf7c468a48af70aada384e722f9e2,14,745.0,53.214285714285715,4.0,1,1.4285714285714286,RJ,15,49.666666666666664,0.40473841033151375,0.14285714285714285,0.9285714285714286,14.189191468253968
c8b0e2b0a7095e5d8219575d5e7e1181,84,12170.210000000001,143.1789411764706,4.0476190476190474,1,2.458823529411765,SP,14,869.3007142857143,0.1508247623700827,0.15294117647058825,0.9294117647058824,10.063569852941177
c8b3445d737de6befde0c88ede534a5e,30,3149.04,87.47333333333333,3.9722222222222223,2,2.0833333333333335,SP,8,393.63,0.24003107429272086,0.19444444444444445,0.9722222222222222,11.377567193930041
c8c1bea22194a4eefa2dc9a9fa89f536,7,1266.0,97.38461538461539,5.0,1,1.0,SC,3,422.0,0.28995084485407063,0.0,1.0,8.50494123931624
c8cc60ffd415254af5d9b9f34f32c369,8,722.2,80.24444444444445,4.666666666666667,1,1.2222222222222223,SP,3,240.73333333333335,0.28883330739315,0.0,1.0,4.984198816872428
c8e135e7b21ecbc36c1153a29d2f5a06,7,1165.5,166.5,4.857142857142857,1,1.0,SP,4,291.375,0.09978886193665662,0.0,1.0,8.14822585978836
c963a25b8671419c6ce9eebe8fd03218,1,49.0,49.0,5.0,1,4.0,RJ,1,49.0,0.3942857142857143,0.0,1.0,6.8539814814814815
c97aa4ee7420f937da13b7f9e2228b99,1,29.9,29.9,1.0,1,1.0,RS,1,29.9,0.22274247491638796,1.0,1.0,10.80730324074074
c990d6cf976a5718aaedc539f383ab88,10,200.9,18.263636363636365,3.1818181818181817,3,1.5454545454545454,SP,4,50.225,0.7627750625423796,0.36363636363636365,0.5555555555555556,21.001264146090534
c9a06ece156bb057372c68718ec8909b,14,4688.9,334.9214285714285,3.0,3,4.0,DF,5,937.78,0.1334968937983128,0.35714285714285715,1.0,11.487320075757577
c9aafcd0621b2207c10e32c649cada4d,44,2997.25,57.63942307692308,4.019230769230769,1,1.2307692307692308,SP,2,1498.625,0.44688801355943286,0.17307692307692307,0.9148936170212766,9.011922773837668
c9c7905cffc4ef9ff9f113554423e671,127,10657.18,76.67035971223022,4.158273381294964,9,3.129496402877698,SP,15,710.4786666666666,0.30601130469324966,0.1079136690647482,0.8848920863309353,11.062386923794298
c9d2ba8dde44a275ae06475ed1d2fafc,1,28.79,28.79,5.0,1,1.0,MG,1,28.79,0.5043417853421327,0.0,1.0,8.417430555555555
c9e5ad1f6647f5dbd1172adf6ae3cada,4,259.03,64.7575,4.75,3,1.5,RS,9,28.78111111111111,0.24954011383677274,0.0,1.0,9.245217013888889
ca3bd7cd9f149df75950150d010fe4a2,71,9731.85,70.52065217391305,3.7246376811594204,2,1.0217391304347827,SP,20,486.59250000000003,0.5748669149955468,0.21739130434782608,0.9777777777777777,13.791865569272977
ca4b77513ac2040591b0d8fae6958380,14,1772.45,118.16333333333334,4.466666666666667,1,1.0,SP,2,886.225,0.1192853078310765,0.06666666666666667,0.8,7.591638888888889
ca5832c6960267b71041f74bb39e8b12,1,79.9,79.9,1.0,1,2.0,SC,1,79.9,0.2229036295369211,1.0,0.0,45.16071759259259
ca77545ca4d2dfd1431bf61334e2fa3c,6,760.0,76.0,4.8,2,2.0,PR,4,190.0,0.28034986447253896,0.0,1.0,13.283905092592594
ca7c6bd577e559472af1c699de9e764e,6,148.0,18.5,4.0,1,1.0,SP,2,74.0,0.47851351351351346,0.25,1.0,4.270792824074074
caa9bc43a9fe8cf9c564ddd8a03cc4a6,13,803.87,57.419285714285714,4.6923076923076925,1,5.4,SP,5,160.774,0.3753561577465638,0.0,0.9285714285714286,9.10769427910053
cab85505710c7cb9b720bceb52b01cee,206,11389.1,54.4933014354067,4.2860576923076925,1,4.526315789473684,SP,23,495.17826086956524,0.2612490387956026,0.07655502392344497,0.9754901960784313,10.18005049473493
cac4c8e7b1ca6252d8f20b2fc1a2e4af,75,4168.18,50.21903614457832,3.5304878048780486,7,1.5421686746987953,SP,23,181.22521739130437,0.5167917146737073,0.27710843373493976,0.7682926829268293,19.899524333785006
cac4e0bc1a3269fa2b6ea5e763f6115b,2,57.88,19.293333333333333,5.0,1,2.0,SC,5,11.576,0.8885730105170394,0.0,1.0,12.094972993827161
cac63f48c38cd7d002a7e846dcd99a23,10,874.0,87.4,4.8,1,4.0,SP,10,87.4,0.16161436923347378,0.0,1.0,7.2265243055555555
cac876b37d3abcd6bd76caca30277996,27,2229.77,67.56878787878787,4.5625,6,1.1515151515151516,PR,6,371.62833333333333,0.4740466475340778,0.030303030303030304,0.8484848484848485,12.067220468574634
cad10cc982ab6a391570c211b995c17c,1,47.4,47.4,5.0,1,1.0,SP,1,47.4,0.269831223628692,0.0,1.0,4.2977893518518515
cad9969167c09b48ae6f1d123f7fa68d,2,43.2,21.6,3.0,1,1.0,MG,1,43.2,0.6322395833333334,0.5,1.0,3.389236111111111
cb0b3bcf14e0a709df412a99424a59d7,2,460.0,230.0,4.5,1,1.5,SP,1,460.0,0.10321590909090908,0.0,1.0,22.21970486111111
cb162c8eef257253782d245c08d9097c,1,34.99,34.99,5.0,1,5.0,SP,1,34.99,0.4038296656187482,0.0,1.0,10.642743055555556
cb32766839f443db85c82a43c4a6c19e,2,234.0,117.0,3.0,1,1.0,SP,1,234.0,0.13480781877968578,0.5,1.0,19.473778935185187
cb3dd9ce66268c7a3ca7241ac70ab58c,50,2879.76,55.38,4.173076923076923,2,1.1730769230769231,SP,15,191.984,0.4011568017887638,0.1346153846153846,0.94,13.811846064814816
cb41bfbcbda0aea354a834ab222f9a59,12,4002.0,333.5,3.3333333333333335,1,1.6666666666666667,SP,9,444.6666666666667,0.2164520676691729,0.3333333333333333,0.6363636363636364,37.56390677609427
cb4a705d00e100b9732d0ca34817d441,1,998.0,499.0,1.0,1,2.0,SC,1,998.0,0.08272545090180361,1.0,1.0,24.12673611111111
cb5df0dcb9e280b1780e9d589889f2c7,16,2934.7200000000003,154.45894736842106,2.5555555555555554,5,1.0,SP,6,489.12000000000006,0.2578255887948232,0.5263157894736842,0.8333333333333334,20.691591435185185
cb5ff1b9715e99589f3e0c7a6afab9e3,4,85.0,21.25,4.0,1,1.0,PR,1,85.0,0.7149047619047619,0.0,1.0,6.08377025462963
cb6c9f5888a7a090c75beaf615925792,11,779.8900000000001,70.89909090909092,3.8181818181818183,5,2.090909090909091,ES,5,155.978,0.3249048309910663,0.18181818181818182,0.9090909090909091,10.160455597643098
cb810bd318f51b3dc3c753944d61a1fa,1,1750.0,1750.0,4.0,1,1.0,RJ,1,1750.0,0.02229714285714286,0.0,1.0,12.295810185185186
cb8bcce248bb1fb274ba762d8b971456,68,9402.2,136.26376811594204,4.260869565217392,3,3.0,MG,20,470.11,0.13466211002919964,0.07246376811594203,0.9850746268656716,12.572458022388059
cb9fb4ca75d7ba8437480e8dde64fe98,10,532.14,53.214,4.0,0,,SP,5,106.428,0.3417662178278301,0.2,1.0,9.250421296296297
cbbd5ae8f53de5f5097cd8217b529e24,2,351.8,175.9,2.5,1,2.0,SP,1,351.8,0.20025582717453097,0.5,1.0,20.768761574074073
cbd996ad3c1b7dc71fd0e5f5df9087e2,165,8411.04,42.91346938775511,4.081081081081081,3,1.0,SP,19,442.6863157894737,0.435090420564078,0.1326530612244898,0.9153439153439153,12.841035726533411
cbf09e831b0c11f6f23ffb51004db972,10,1535.2,153.52,4.4,2,5.3,SP,4,383.8,0.2574880839247761,0.0,1.0,5.281611111111111
cc1f04647be106ba74e62b21f358af25,1,11.9,11.9,1.0,1,1.0,SP,1,11.9,0.6966386554621847,1.0,1.0,13.295810185185186
cc3d14116804f7209f3884f6367f1152,27,5477.8,182.59333333333333,4.666666666666667,3,1.0666666666666667,PR,16,342.3625,0.12951302154434055,0.03333333333333333,0.9666666666666667,13.041336805555554
cc419e0650a3c5ba77189a1882b7556a,1706,104288.42,58.75403943661972,4.066402565553669,4,1.9092957746478874,SP,20,5214.421,0.3162687470444505,0.14816901408450706,0.9400814426992438,11.539753288410575
cc5a78bbad32776dc4e3af205218368c,33,4269.18,112.34684210526316,4.473684210526316,5,1.0,MG,4,1067.295,0.6442822925375052,0.07894736842105263,0.9736842105263158,7.63766904239766
cc63f0dd2acba93ffed4fe9f8e0321fa,55,7096.71,112.64619047619048,4.0476190476190474,2,3.5873015873015874,SP,4,1774.1775,0.21725136087098132,0.09523809523809523,1.0,9.015471597589654
cc80e2f693fa6e2408f47ccf62413fc1,2,420.0,210.0,4.0,1,1.0,PR,2,210.0,0.21102380952380953,0.0,1.0,14.152598379629628
cca3071e3e9bb7d12640c9fbe2301306,712,64009.89,77.12034939759036,3.850985221674877,6,1.153012048192771,SP,23,2783.038695652174,0.2862283849785358,0.1927710843373494,0.9461444308445532,14.24264624133007
ccada0ef508e698917a6eab263375905,3,172.8,57.6,3.6666666666666665,1,1.0,PR,4,43.2,0.4921851821891711,0.3333333333333333,1.0,9.912824074074074
ccb83a794700270fde70898fe9ff368b,12,11062.0,921.8333333333334,4.333333333333333,1,6.583333333333333,SC,7,1580.2857142857142,0.1568609590284112,0.08333333333333333,0.8333333333333334,16.59214988425926
ccbd753e6863fe7314dc6c0ca5a074e7,1,495.0,495.0,4.0,1,1.0,SC,1,495.0,0.20517171717171717,0.0,1.0,11.860879629629629
ccc4bbb5f32a6ab2b7066a4130f114e3,187,74004.62,385.44072916666664,4.282722513089006,2,1.109375,PR,20,3700.2309999999998,0.07607617498252807,0.11458333333333333,0.9259259259259259,15.853247415735842
cce6ab8d1682639fe45ab70234f1665f,63,2522.7,38.22272727272727,4.4393939393939394,1,1.6515151515151516,SP,15,168.17999999999998,0.464022293131892,0.07575757575757576,0.953125,15.456308955439814
ccf8813e5a7d6c84d865cd38bfc2b130,26,2635.5,101.36538461538461,4.384615384615385,2,3.8461538461538463,SP,13,202.73076923076923,0.15932345209051177,0.11538461538461539,0.9230769230769231,11.43051549145299
cd06602b43d8800bd0afad514919d35c,44,2588.07,48.83150943396227,3.6792452830188678,3,1.0377358490566038,SP,20,129.4035,0.9054886169421829,0.2641509433962264,0.9615384615384616,11.95675013354701
cd2169d9f31ff6fbb9ca3373b0c9e354,1,569.0,569.0,4.0,1,2.0,RJ,1,569.0,0.0989982425307557,0.0,1.0,15.16494212962963
cd233f8bfa30ebfd651f47ee7d054951,1,79.9,79.9,5.0,1,7.0,SP,1,79.9,0.23354192740926155,0.0,1.0,9.33625
cd3d09fbe6e3e9ff0c0ac0c300e93ae7,12,651.04,54.25333333333333,4.166666666666667,1,2.3333333333333335,SP,3,217.01333333333332,0.3982613864385034,0.16666666666666666,0.9166666666666666,11.708241705246913
cd52a8efd71af3336b14b5039b951cc1,3,170.8,56.93333333333334,2.3333333333333335,1,2.0,SP,3,56.93333333333334,0.3482607157656428,0.3333333333333333,1.0,11.198726851851852
cd68562d3f44870c08922d380acae552,125,18569.7,140.67954545454546,3.8396946564885495,9,2.1136363636363638,SP,15,1237.98,0.18016003236668549,0.21212121212121213,0.7984496124031008,16.78016392118863
cd6efc47efaabf134f8bdb654e10b4f1,31,4158.55,129.9546875,4.5,6,1.625,RJ,10,415.855,0.15209522241455592,0.0625,0.90625,8.499921513310186
cd843d4cf8ef32827de0396605163ba3,5,1915.0,383.0,3.8,1,1.0,MG,14,136.78571428571428,0.36460317952279786,0.0,1.0,16.075208333333332
cda598c48d7c614bc1cad7d8ff6f0010,17,1118.6000000000001,62.14444444444445,3.9444444444444446,4,5.333333333333333,SP,6,186.43333333333337,0.37885697840774957,0.1111111111111111,1.0,8.133234310699589
ce20a2ec1514c25e16f2b5b39bc818f0,4,287.0,41.0,4.857142857142857,1,2.0,SP,3,95.66666666666667,0.7283275261324043,0.0,0.5714285714285714,14.636984126984126
ce248b21cb2adc36282ede306b7660e5,65,15230.06,230.75848484848484,4.196969696969697,8,2.5757575757575757,SC,14,1087.8614285714286,0.2924312851399753,0.13636363636363635,0.8923076923076924,15.604850071225071
ce27a3cc3c8cc1ea79d11e561e9bebb6,135,10682.65,65.13810975609756,3.8714285714285714,11,2.951219512195122,SP,23,464.46304347826083,0.36418266701662494,0.17073170731707318,0.9801324503311258,10.078763643610497
ce33c6211beaa8fef4cae8b52db39862,1,49.0,49.0,3.0,1,2.0,SP,1,49.0,0.2963265306122449,0.0,1.0,18.732430555555556
ce3ad9de960102d0677a81f5d0bb7b2d,1,158.0,158.0,5.0,1,3.0,RJ,1,158.0,0.10259493670886076,0.0,1.0,4.042291666666666
ce4755084bc097113867e6454f8f5e52,1,18.9,18.9,5.0,1,1.0,SP,1,18.9,0.6767195767195767,0.0,1.0,6.389606481481482
ce616e1913288884e7742faac9d981db,15,365.1,15.2125,4.666666666666667,1,2.9166666666666665,SP,4,91.275,1.974836386163777,0.0,0.9545454545454546,7.6400873316498314
ce69a8021d18961dd2a40269b7c2c293,19,4818.0,253.57894736842104,4.473684210526316,4,3.6842105263157894,PR,6,803.0,0.1963828382683435,0.10526315789473684,0.8947368421052632,10.203286427875245
ce7d1888639e6fb06b2749cbfdac1ff7,78,11793.89,140.4034523809524,4.107142857142857,4,2.0714285714285716,MG,13,907.2223076923076,0.27085881095648795,0.19047619047619047,0.9166666666666666,14.191560433201058
cea729054f157f5870bdd321a958d994,24,2482.1,95.46538461538461,4.1923076923076925,2,1.3846153846153846,SP,6,413.68333333333334,0.27847446677781107,0.11538461538461539,0.9615384615384616,7.258142806267807
ceaec5548eefc6e23e6607c5435102e7,203,52917.18,250.7923222748815,4.14975845410628,7,1.2606635071090047,SP,8,6614.6475,0.12749075236259869,0.11848341232227488,0.941747572815534,12.918996932308522
ceb7b4fb9401cd378de7886317ad1b47,1,399.9,399.9,3.0,1,2.0,RJ,1,399.9,0.04138534633658415,0.0,,
cecd97bc34ed8330bd4cd15713eda670,1,57.99,57.99,1.0,1,1.0,SC,1,57.99,0.3191929643041904,1.0,1.0,7.138460648148148
cee48807215b30a12ca2ca10ffb5f250,39,7212.2300000000005,180.30575000000002,3.7,2,1.05,SP,13,554.7869230769231,0.20950224668862033,0.25,0.85,23.413385416666664
cf1313c6e2c01c2f4b014f97db4bcd2b,5,315.70000000000005,63.14000000000001,5.0,2,2.8,RJ,3,105.23333333333335,0.2584172197698349,0.0,0.8,8.240326388888889
cf2384dd2f1dddea3f838efed0945e65,16,2101.5,131.34375,3.9375,2,1.625,SP,18,116.75,0.2062902817285144,0.125,1.0,14.251440248842593
cf281cf8b7affbdfe751b29cc85580e1,1,64.9,64.9,1.0,1,2.0,CE,1,64.9,0.3902927580893682,1.0,,
cf654707ed6a99f112c7ec3d6f314b8b,3,756.0,189.0,4.75,1,5.0,SP,4,189.0,0.04436507936507936,0.0,1.0,4.274947916666667
cf6f6bc4df3999b9c6440f124fb2f687,1,3.5,3.5,5.0,1,2.0,SP,1,3.5,2.4914285714285715,0.0,,
cf8ab1616079e2793aa29d524df01bb1,9,14391.0,1599.0,2.0,1,1.0,SP,4,3597.75,0.05276700715725106,0.7777777777777778,0.8333333333333334,26.40703896604938
cfa5ab0e4d3fc212fd0b3410e7081c62,16,6180.8,294.32380952380953,3.5238095238095237,6,1.5238095238095237,MG,11,561.8909090909091,0.2618243903251266,0.19047619047619047,1.0,14.077226851851853
cfb1a033743668a192316f3c6d1d2671,147,12803.64,69.585,3.959016393442623,1,1.2771739130434783,SP,19,673.8757894736842,0.40326617801321946,0.19021739130434784,0.8938547486033519,11.871563599213738
cfd7ddab722b902f7ac5b5f3ba6d723d,12,3385.0299999999997,260.38692307692304,4.538461538461538,5,1.4615384615384615,MG,3,1128.3433333333332,0.3401400487756802,0.15384615384615385,1.0,6.172175035612535
cfe94489ddd337d1e29e12f2a7205d10,20,2376.0,99.0,4.125,1,4.0,SP,7,339.42857142857144,0.12492424242424242,0.08333333333333333,0.7916666666666666,7.769785397376544
d03698c2efd04a549382afa6623e27fb,18,8865.47,422.16523809523807,4.523809523809524,2,2.6666666666666665,BA,22,402.97590909090906,0.11636292102026317,0.047619047619047616,0.9523809523809523,15.604987323633157
d05ae8f7a5bd1d2a690a44cd079e4e27,78,13436.0,165.87654320987653,3.7875,1,1.0246913580246915,RJ,17,790.3529411764706,0.09323293385517369,0.2345679012345679,0.9125,11.235804832175926
d06d019f72a04e5497a0b64190af170c,17,2415.93,142.1135294117647,4.529411764705882,1,1.0,SP,6,402.655,0.13605450217874143,0.058823529411764705,0.9411764705882353,8.503113425925926
d0d70d21e2234dd7cd3cf63fe414148a,8,598.4,66.48888888888888,4.222222222222222,1,1.0,PB,3,199.46666666666667,0.7307538946222651,0.1111111111111111,1.0,8.988106995884774
d101c6da914ae3d53f7bee42283f2fe2,13,1297.4,81.0875,3.8125,3,2.9375,SP,8,162.175,0.24121655266827433,0.25,0.9375,13.837443576388889
d12c926d74ceff0a90a21184466ce161,78,3944.18,39.84020202020202,4.090909090909091,8,3.3535353535353534,SP,20,197.209,0.37334913617366056,0.1414141414141414,0.9896907216494846,8.551404519854906
d13e50eaa47b4cbe9eb81465865d8cfc,67,7155.05,103.6963768115942,4.811594202898551,2,1.0579710144927537,SP,1,7155.05,0.13936278835006058,0.028985507246376812,0.7941176470588235,4.972586465141612
d149de2f383552baea37a7198c2296ce,3,320.70000000000005,106.90000000000002,5.0,1,1.0,SP,1,320.70000000000005,0.10498908637355785,0.0,1.0,4.890138888888889
d1582f4043306e6b91afa6a8a884f898,9,990.0,110.0,4.111111111111111,1,5.0,SP,4,247.5,0.13325252525252526,0.1111111111111111,0.8888888888888888,12.108569958847736
d17f467e4bf608a510c20d82f4ba3b6b,12,3021.66,251.80499999999998,4.0,3,1.1666666666666667,RS,1,3021.66,0.3420930824737996,0.08333333333333333,0.8181818181818182,12.06053451178451
d180e07dc1e58c31c3f0cd599dc4d945,1,58.8,58.8,3.0,0,,MG,1,58.8,0.24081632653061225,0.0,1.0,7.997523148148148
d197aa8fbc64087f61984deef05f6227,6,519.09,74.1557142857143,4.714285714285714,2,3.0,SP,4,129.7725,0.2883634692879874,0.0,1.0,7.261005291005291
d1a1b40ec554c593a1a99366746289dd,1,49.7,49.7,2.0,1,1.0,PR,1,49.7,0.29215291750503014,1.0,,
d1a5cc844736958c11b8efab9a2b4c87,1,237.6,237.6,1.0,1,5.0,PR,1,237.6,0.06906565656565657,1.0,0.0,30.294270833333332
d1aa1ec0839dcab73a6161130eb1f94a,1,119.9,119.9,4.0,1,2.0,PR,1,119.9,0.13461217681401166,0.0,0.0,35.02212962962963
d1b65fc7debc3361ea86b5f14c68d2e2,40,11703.07,285.44073170731707,4.560975609756097,3,4.121951219512195,SP,16,731.441875,0.14207856477437103,0.04878048780487805,0.95,9.065716435185184
d1b9d4be4b6f9ebd85f8acd6745ba612,11,1154.35,104.94090909090909,4.181818181818182,1,2.5454545454545454,MG,11,104.94090909090909,0.17555975361083465,0.09090909090909091,1.0,10.813234427609428
d1c281d3ae149232351cd8c8cc885f0d,215,26942.6,112.26083333333332,3.7857142857142856,2,1.0166666666666666,SP,19,1418.0315789473684,0.25523865475430674,0.225,0.9121338912133892,12.459742610026344
d1c7fa84e48cfa21a0e595167c1c500e,12,1156.03,96.33583333333333,4.333333333333333,3,1.0,RS,5,231.206,0.3816821919937891,0.16666666666666666,1.0,11.879826388888889
d1e2fe627180431ffda076abb303c56f,1,289.0,289.0,1.0,1,2.0,RJ,1,289.0,0.031314878892733565,1.0,,
d1ef48b38baca7e831711c4a0aeb398f,29,1469.1200000000001,41.97485714285715,4.428571428571429,6,1.7714285714285714,PR,6,244.85333333333335,0.6402193451432435,0.02857142857142857,0.8823529411764706,9.788525326797386
d20b021d3efdf267a402c402a48ea64b,90,4140.17,39.058207547169815,3.638095238095238,3,2.669811320754717,SP,18,230.00944444444445,0.6351742203618803,0.24528301886792453,0.8235294117647058,16.661318877087872
d23019c84ffae2d5ef2270367b8605fc,39,29205.1,748.8487179487179,4.410256410256411,1,2.3333333333333335,PR,11,2655.009090909091,0.35367801014646577,0.05128205128205128,0.9743589743589743,11.277978395061728
d2374cbcbb3ca4ab1086534108cc3ab7,524,21223.92,33.63537242472266,3.6813804173354736,4,1.0475435816164818,SP,19,1117.0484210526315,0.579258109383173,0.22345483359746435,0.9467741935483871,14.297114882019116
d2572f31e9023e9850ef986a636ff9bf,1,279.0,279.0,5.0,1,1.0,MG,1,279.0,0.09566308243727599,0.0,1.0,10.130671296296295
d25aa0aaacb370e912f8cf6efeba38b3,17,2658.45,126.59285714285713,4.523809523809524,2,1.0476190476190477,SC,6,443.075,0.27957539263612324,0.047619047619047616,0.9523809523809523,8.97365520282187
d263fa444c1504a75cbca5cc465f592a,1,399.0,399.0,5.0,1,2.0,SP,1,399.0,0.11295739348370927,0.0,1.0,9.542453703703703
d26aa40b90272d4843d63be7c1462c8d,2,152.9,76.45,4.5,1,3.0,SP,2,76.45,0.15651566661000624,0.0,1.0,4.590243055555556
d297f1055de2956aedfd3b04113dce3e,1,54.3,54.3,4.0,1,3.0,SP,1,54.3,0.1406998158379374,0.0,1.0,3.8065277777777777
d29ba1220fb8634fa3a107e54497b8a4,9,724.94,80.5488888888889,3.2222222222222223,1,4.0,SP,5,144.988,0.35926303083705174,0.3333333333333333,1.0,6.488707561728395
d2df77822373f19934e87694d8640767,2,155.9,77.95,3.0,2,3.0,PR,1,155.9,0.272854911150166,0.5,1.0,22.154542824074074
d2e753bb80b7d4faa77483ed00edc8ca,14,1320.7,88.04666666666667,3.7,2,6.333333333333333,BA,8,165.0875,0.3468966777345519,0.06666666666666667,0.9333333333333333,12.741619598765432
d2f3e277560ed4c6361284429b00f037,7,320.55,45.792857142857144,4.714285714285714,1,1.0,SP,4,80.1375,1.144163076638245,0.0,1.0,8.06350033068783
d32e3909cfb714fb2a6cb092c85b9c5f,10,2827.9,257.08181818181816,3.6363636363636362,2,1.0,SP,9,314.2111111111111,0.15724067161222022,0.2727272727272727,0.7272727272727273,22.167388468013467
d354c38a7182125a748cb10474fe963b,18,1610.33,80.5165,4.315789473684211,1,3.473684210526316,RJ,11,146.39363636363635,0.46510924286344907,0.0,0.9473684210526315,13.120668859649124
d3674f271c91f824f82d24d92011f669,20,1718.3,85.91499999999999,4.1,2,1.95,DF,14,122.73571428571428,0.3043210745696298,0.15,0.9,13.77093576388889
d36b07fd3c5088e477a72d1fccfe29d4,1,328.9,328.9,5.0,1,1.0,SP,1,328.9,0.03332319854058985,0.0,1.0,13.235810185185185
d379f449f2a3b271bc01c0782020f705,28,4423.06,152.5193103448276,3.9310344827586206,3,2.896551724137931,MG,20,221.15300000000002,0.4096845120592427,0.20689655172413793,0.9655172413793104,13.576246008939975
d3891911c2feae53c52fea2bd14054e5,2,141.0,70.5,5.0,1,1.0,SP,1,141.0,0.18271739130434783,0.0,1.0,4.062760416666666
d3dcf0604eabf0224fbd5948b5e02f69,9,2902.2999999999997,322.47777777777776,3.888888888888889,4,2.2222222222222223,SP,6,483.71666666666664,0.09086179167356724,0.2222222222222222,0.6666666666666666,17.632256944444446
d3e7d37c0df9aef383f3f2a15b0dddfb,1,161.0,161.0,5.0,1,1.0,PR,1,161.0,0.25055900621118016,0.0,1.0,13.07738425925926
d3f39f05462b79a4562d35893a28f159,34,2411.3,63.45526315789474,3.3684210526315788,2,3.973684210526316,SP,13,185.4846153846154,0.25154965929503265,0.39473684210526316,0.8648648648648649,12.122399587087086
d4828feed4cda2cd9d6b37899a95a71e,1,39.9,39.9,2.0,1,5.0,CE,1,39.9,0.556641604010025,1.0,1.0,13.50712962962963
d4910f1cdcfdabd48d6b316e395d4a23,11,1146.88,95.57333333333334,4.916666666666667,1,3.9166666666666665,SP,2,573.44,0.18771235797949307,0.0,0.9166666666666666,6.035258487654321
d4a5e99e0dd915df64ba55a7fbd583fd,2,65.15,10.858333333333334,1.6666666666666667,1,2.0,SP,1,65.15,1.6614105987346948,0.8333333333333334,1.0,13.158838734567901
d4d99b60c4c94cd35acd502cec65dc8d,1,72.9,72.9,3.0,1,4.0,SP,1,72.9,0.19739368998628257,0.0,1.0,19.08181712962963
d4e12e7884759a14fa0f5f896c791cae,29,1400.0,43.75,4.625,1,1.78125,SP,11,127.27272727272727,0.3384445792878914,0.0625,0.9375,8.332578125
d4e4b5192cba4e0e66eb12a9d347239d,12,441.8,36.81666666666667,4.166666666666667,1,1.4166666666666667,PR,9,49.08888888888889,0.7638463679483177,0.16666666666666666,1.0,13.376001683501682
d4f117125b59ce73c3302f88ee40c458,17,783.29,46.07588235294117,4.823529411764706,1,3.0,SP,9,87.03222222222222,0.27659597222103677,0.0,1.0,7.728728894335511
d4f91e8be86b38da2ee35bc489645a9d,1,49.99,49.99,5.0,1,2.0,SP,1,49.99,0.22344468893778754,0.0,1.0,17.22824074074074
d4ffeb15b67e81ff9af2b4252d99fb7e,11,1400.4,116.7,4.3,3,3.5454545454545454,SP,4,350.1,0.256596882401196,0.0,1.0,8.978477044753086
d50d79cb34e38265a8649c383dcffd48,70,13012.42,185.8917142857143,4.246376811594203,5,2.757142857142857,SP,23,565.7573913043478,0.18639381087068063,0.08571428571428572,0.9285714285714286,13.15979861111111
d51e0a403fe2e689ece6c73359d96e12,19,7790.0,299.61538461538464,4.230769230769231,1,1.0,SP,12,649.1666666666666,0.09231939222900486,0.07692307692307693,0.92,12.963107407407408
d52cbce9845184537284a23c3bc3da0e,2,75.0,18.75,5.0,1,1.5,SC,2,37.5,1.2514212164750957,0.0,1.0,10.566354166666667
d558ebe531605a1285ab2b1bc3256dfb,3,709.0,236.33333333333334,4.666666666666667,1,6.0,MG,4,177.25,0.11014523118347429,0.0,1.0,9.418445216049383
d566c37fa119d5e66c4e9052e83ee4ea,65,5145.7,70.48904109589041,4.71830985915493,2,2.3835616438356166,SP,6,857.6166666666667,0.27359300329709507,0.0273972602739726,0.958904109589041,5.8279721588026385
d57e18d5f73c7ccb7f7339b61166898d,61,3187.7,50.598412698412695,4.444444444444445,3,3.0793650793650795,SP,12,265.64166666666665,0.33035813727248264,0.07936507936507936,0.9682539682539683,9.040871546149324
d58d521f3789def2e7a22715e0badd93,2,65.98,32.99,3.5,1,1.0,SP,5,13.196000000000002,0.27614428614731734,0.0,1.0,4.854195601851852
d594982fd877af63ace38ea1fca27c76,7,217.04,31.005714285714284,4.428571428571429,2,1.8571428571428572,SP,3,72.34666666666666,0.43872372045544955,0.14285714285714285,1.0,8.089442791005292
d598f929fc44e1e38678e7f47250ec04,1,69.9,69.9,5.0,1,4.0,GO,1,69.9,0.5350500715307581,0.0,1.0,11.235752314814814
d5b9a084373da994a6e37f732169a853,7,1769.0,252.71428571428572,3.5714285714285716,1,1.4285714285714286,SP,5,353.8,0.10701563853751517,0.2857142857142857,0.7142857142857143,17.875863095238095
d5ba419e26d246a0719437cf37d9b46d,34,4061.4,116.04,3.823529411764706,1,1.3428571428571427,SP,16,253.8375,0.1817224256174741,0.2,0.8823529411764706,9.784910811546842
d5c530f4884a75ae0dba9c148718d278,6,280.88,31.20888888888889,2.6666666666666665,1,1.5,MG,3,93.62666666666667,0.6550828647346211,0.5555555555555556,0.875,8.279427083333333
d624126b9206f595fb3fbb6ba03b28a8,23,7198.8,257.1,4.333333333333333,2,4.071428571428571,PR,16,449.925,0.24727286009494923,0.0,0.9642857142857143,10.129005042989418
d63c73efd41eb002280e7ec831424edb,2,5598.0,2799.0,4.0,1,2.0,SP,7,799.7142857142857,0.030731324353135785,0.0,1.0,6.290329861111111
d63f306de130e0391d38a792541723b8,1,49.0,49.0,5.0,1,2.0,SP,1,49.0,0.15510204081632653,0.0,1.0,3.3584722222222223
d650b663c3b5f6fb392b6326366efa9a,60,19242.9,320.71500000000003,4.2,2,1.65,SP,9,2138.1000000000004,0.05683509163951506,0.11666666666666667,0.9298245614035088,9.836265432098765
d65f31d2413268e671989503f6cf9993,2,488.8,162.93333333333334,1.0,1,3.0,SP,2,244.4,0.15250384859974633,1.0,,
d66c11a9572221d92fbb8c4897db5f9b,16,776.56,48.535,4.5625,3,3.875,RJ,3,258.8533333333333,0.6503542869914136,0.0,1.0,8.548737702546296
d66c305afaec317ebee552073a674429,41,4886.46,103.96723404255319,4.404255319148936,8,1.2903225806451613,MG,5,977.292,0.5829991383300823,0.0851063829787234,0.9772727272727273,10.057621001683502
d673a59aac7a70d8b01e6902bf090a11,79,3908.94,46.535000000000004,3.9642857142857144,2,1.1904761904761905,SP,11,355.35818181818183,0.5077571029490335,0.14285714285714285,0.9047619047619048,13.790570023148147
d6ab728cf30867cf3f1a2e216ae2f9b7,12,2002.0,143.0,4.428571428571429,2,4.642857142857143,SP,6,333.6666666666667,0.17963891651436098,0.07142857142857142,1.0,11.288458167989418
d6b1ce66b035a475f00c017792ff9769,92,12277.4,113.67962962962963,4.165048543689321,3,1.1481481481481481,SP,6,2046.2333333333333,0.20335184549841007,0.12037037037037036,0.9259259259259259,10.171494770233197
d6b664fa0667064c6d76394e7848d790,6,6080.0,1013.3333333333334,4.833333333333333,1,2.5,SP,13,467.6923076923077,0.05139830458687062,0.0,0.8333333333333334,17.545335648148146
d6cd01c59123df02fc226eadbadb5f89,2,244.9,81.63333333333334,2.3333333333333335,2,2.6666666666666665,SP,5,48.980000000000004,0.1344821309353498,0.6666666666666666,1.0,18.50306712962963
d71d863e5ef30d94e440c11be17dcd8f,29,11900.9,330.5805555555555,3.242424242424242,5,2.5555555555555554,SP,8,1487.6125,0.2917601453360498,0.3611111111111111,0.9,19.68345833333333
d73cbd89533ce8b041a9190241453ac8,4,368.6,92.15,3.5,1,4.25,MG,5,73.72,0.26666663460098594,0.25,1.0,12.21965663580247
d7485b33791774c36108f8c69602d48d,10,399.82,39.982,3.7,1,3.4,PR,4,99.955,0.6062430848979383,0.1,0.9,8.889136574074074
d7827b2af99326a03b0ed9c7a24db0d3,1,1455.0,1455.0,5.0,1,3.0,SP,1,1455.0,0.06989690721649484,0.0,1.0,13.849085648148149
d79e8478eed9999493990b44955fb22e,5,721.89,144.378,4.0,2,4.6,RJ,3,240.63,0.1872025629747925,0.2,0.8,8.199113425925926
d7ab82074b5f1dfba46db123df101bff,2,38.67,12.89,4.333333333333333,0,,SP,1,38.67,1.1714507370054306,0.0,1.0,5.662210648148148
d7b2377bae6ace1b11fc69a11900ac36,4,329.6,82.4,3.25,1,2.25,SP,4,82.4,0.16003087790221654,0.5,0.6666666666666666,19.543175154320988
d7d517afce974cd491b8d52bb5b5b1fc,1,89.99,89.99,4.0,1,4.0,SP,1,89.99,0.20813423713745974,0.0,1.0,13.544733796296295
d7f1cfc638473be93baedbfd02208016,1,30.0,30.0,5.0,1,3.0,RJ,1,30.0,0.5713333333333334,0.0,1.0,12.67605324074074
d85efbc8eff2b7adf524e2820569adc8,1,55.0,55.0,5.0,1,2.0,SP,1,55.0,0.1507272727272727,0.0,1.0,2.9467476851851853
d8b8f2cf9ff6ba0389072541cb42498c,1,149.0,149.0,5.0,1,1.0,GO,1,149.0,0.13429530201342282,0.0,1.0,12.159155092592593
d8bf0fc082fd4a77fc2e5679b6c00133,1,139.9,139.9,5.0,1,3.0,SP,1,139.9,0.0653323802716226,0.0,1.0,7.092939814814815
d8c7ba53e7e38711eaef8c2849d6d2e1,22,1190.87,54.13045454545454,4.5,3,1.5,PR,4,297.7175,0.6285095653136629,0.0,1.0,8.109704335016835
d8cf3b6a2151949f930d0252b180ec42,6,623.7,32.82631578947369,3.0,1,1.0,PR,3,207.9,0.7822369745379619,0.47368421052631576,1.0,7.284440789473684
d8d9567d0bfb0bc7eb845a205ba42657,4,74.6,18.65,3.5,2,1.0,SP,6,12.433333333333332,0.8464545883781323,0.25,0.5,13.52205150462963
d8dd176509baa37f359644d082bf7f7b,2,198.0,99.0,1.5,1,1.0,SP,1,198.0,0.1611111111111111,1.0,0.0,30.358559027777776
d90fe2229fee1a5da999ccd0c06c1667,3,450.0,150.0,4.666666666666667,1,1.0,SP,2,225.0,0.6814242424242424,0.0,1.0,9.816265432098765
d91fb3b7d041e83b64a00a3edfb37e4f,535,40889.74,76.28682835820895,4.092731829573935,6,1.6473880597014925,SP,19,2152.0915789473684,0.42362488892656636,0.1455223880597015,0.9371428571428572,11.286405930335096
d921b68bf747894be13a97ae52b0f386,77,15645.8,203.1922077922078,4.558441558441558,6,1.5454545454545454,MG,5,3129.16,0.12264518196513147,0.05194805194805195,0.987012987012987,9.97529761904762
d93844a9c55ba7ce353388bcf849ea56,12,2708.5,193.46428571428572,4.214285714285714,1,2.0714285714285716,PR,14,193.46428571428572,0.20750922051440535,0.07142857142857142,0.8571428571428571,16.205006613756613
d93919c944be9cff128f6c9cb899eacb,33,2666.7000000000003,80.80909090909091,4.0,2,1.0303030303030303,SP,9,296.3,0.36984106150467544,0.18181818181818182,0.8181818181818182,22.92127034231201
d93b8458c6fe139d85cfa5eadbf55bd2,1,19.9,19.9,5.0,1,3.0,SP,1,19.9,0.7085427135678393,0.0,1.0,5.977627314814815
d9442042130b7fe579d1295f9f4a248f,19,772.16,35.098181818181814,4.2272727272727275,4,1.2380952380952381,SP,6,128.69333333333333,0.45466870995089886,0.13636363636363635,0.9545454545454546,11.436601957070707
d94a40fd42351c259927028d163af842,101,13823.8,125.67090909090908,4.102803738317757,2,3.409090909090909,MG,14,987.4142857142857,0.25531681832575404,0.12727272727272726,0.963302752293578,13.691236196058444
d94ba08b99bedd6a5f6c875ecc4a6fac,9,599.0,59.9,4.8,1,5.0,PR,4,149.75,0.29928213689482475,0.0,1.0,11.722884516460905
d97df38225e5abadaff1e72cb72b823c,29,1846.0,63.6551724137931,3.925925925925926,1,1.0,SP,10,184.6,0.48882566078434725,0.20689655172413793,0.8214285714285714,12.152008101851852
d98eec89afa3380e14463da2aabaea72,168,6968.53,38.07939890710382,4.293956043956044,4,2.4098360655737703,RS,20,348.4265,0.515475273001429,0.09289617486338798,0.9781420765027322,8.535790325844971
d9a84e1403de8da0c3aa531d6d108ba6,54,1425.2,24.15593220338983,4.559322033898305,5,3.8813559322033897,SP,7,203.6,0.6767938182374176,0.06779661016949153,0.9482758620689655,7.471924489144317
d9b00a97818674c7f8d8b1ef0e689679,1,69.9,69.9,3.0,1,1.0,PR,1,69.9,0.13133047210300428,0.0,1.0,2.203148148148148
d9bd94811c3338dceb4181f3dbc0c73e,54,6911.02,113.29540983606559,4.819672131147541,5,1.0,SP,4,1727.755,0.12346402502589064,0.03278688524590164,0.8852459016393442,7.769682187310261
d9c349beabc06aa6ff1c6d68b5e9e22e,1,168.1,168.1,5.0,1,1.0,SP,1,168.1,0.22337894110648424,0.0,1.0,21.02513888888889
d9cb0052a666de5308b32f32ad5f1b1c,3,231.89999999999998,77.3,3.6666666666666665,1,1.0,SP,5,46.379999999999995,0.18088326970995736,0.3333333333333333,1.0,13.012816358024692
d9cd369bffa979d1634f8e1318bf2f1b,3,678.0,226.0,5.0,1,2.0,SP,4,169.5,0.10472552910052908,0.0,1.0,11.24925925925926
d9d43faf741ceaa8da52fdbb81d9e0e3,6,210.0,26.25,3.5,1,1.0,SP,5,42.0,1.0762164688042297,0.375,1.0,9.54569637345679
d9e7e7778b32987280a6f2cb9a39c57d,11,722.5,55.57692307692308,3.1538461538461537,1,1.0,SP,6,120.41666666666667,0.5192789148878494,0.38461538461538464,0.6923076923076923,18.99755965099715
d9e8c084b68fe958861d8f2c21202e6b,9,3050.0,254.16666666666666,4.166666666666667,2,2.6666666666666665,SP,10,305.0,0.29412486772486773,0.16666666666666666,1.0,11.166696566358025
da03c298e3999e9d828591fc2179d109,4,787.7,157.54000000000002,4.8,1,3.0,SP,3,262.56666666666666,0.06958503228919576,0.0,1.0,9.086875000000001
da20530872245d6cd9d2f5725613c430,2,314.96000000000004,104.98666666666668,4.666666666666667,1,1.3333333333333333,RS,1,314.96000000000004,0.2539703986729731,0.0,1.0,9.430412808641975
da2782c804606d2a5d8e1760dbb3e7ec,1,89.0,89.0,1.0,1,1.0,SP,1,89.0,0.16146067415730336,1.0,0.0,32.77846064814815
da3fede3469bf49b7293ce3fc45b294d,1,44.9,44.9,5.0,1,6.0,SP,1,44.9,0.28485523385300665,0.0,1.0,11.242916666666666
da4d149c0ddbac90557103ac0a0ec356,1,730.0,730.0,3.0,1,1.0,SP,1,730.0,0.06298630136986301,0.0,,
da6a60cc8cc724fe51be021ff8be779c,12,728.79,56.060769230769225,4.769230769230769,2,5.923076923076923,RJ,4,182.1975,0.3738179698213798,0.0,1.0,7.7056160968660965
da7039f29f90ce5b4846ffc0fcc93beb,17,1259.1,69.94999999999999,4.555555555555555,1,1.2222222222222223,SP,5,251.82,0.21264551907654636,0.05555555555555555,0.9444444444444444,8.862591306584362
da8622b14eb17ae2831f4ac5b9dab84a,1314,160236.57,103.31177949709866,4.063754045307443,4,1.005157962604771,SP,19,8433.503684210527,0.22723365563330575,0.15022566086395875,0.9270025839793282,11.169686722413628
dace965ca58120f92f8d742a9fa1864b,8,1442.0,180.25,4.625,1,1.0,SP,3,480.6666666666667,0.09259347060228146,0.125,1.0,8.051372974537037
dadc51ef321949ec9a3ab25cd902e23d,1,85.0,85.0,1.0,1,6.0,SP,1,85.0,0.16870588235294118,1.0,,
daeb5653dd96c1b11860f72209795012,40,2305.9,56.24146341463415,4.109756097560975,8,2.4390243902439024,MG,12,192.15833333333333,0.6849196948096259,0.14634146341463414,0.9230769230769231,11.44094076448243
daf565f087a52def0fd5c5825b3661bc,9,813.9000000000001,90.43333333333334,3.625,1,1.1111111111111112,SC,3,271.3,0.4591234297803942,0.3333333333333333,0.8888888888888888,9.307821502057614
db1f0f7c7e5e87f40b62226f020bb297,3,59.01,19.669999999999998,4.666666666666667,1,1.0,PR,2,29.505,2.302387772097864,0.0,1.0,9.605447530864199
db2956745b3a8e9f3785c99f34b5d25e,47,8599.0,179.14583333333334,3.7291666666666665,1,1.0,SP,5,1719.8,0.11494179645706572,0.22916666666666666,0.8913043478260869,14.345947061191625
db4350fd57ae30082dec7acbaacc17f9,137,3331.31,22.81719178082192,4.124137931034483,5,1.1369863013698631,SP,18,185.0727777777778,0.6839899742989562,0.13013698630136986,0.9586206896551724,10.869059067688378
db46ca7bce82b11f7e247539271fc390,16,933.97,58.373125,4.5625,1,1.9375,RJ,5,186.794,0.3692777173788712,0.0625,1.0,8.149848090277779
db6a4d4b5f1f5f98820ce6ce2619e2de,1,135.99,135.99,5.0,1,1.0,SP,1,135.99,0.08941833958379292,0.0,1.0,3.113460648148148
db7ed69a53aa9fb1c01930ba54a88bbe,1,109.0,109.0,5.0,1,1.0,SP,1,109.0,0.10807339449541284,0.0,1.0,3.9548032407407407
dbb9b48c841a0e39e21f98e1a6b2ec3e,108,7186.85,60.90550847457627,4.203389830508475,10,2.0847457627118646,SP,18,399.26944444444445,0.2812777704723985,0.1271186440677966,0.9576271186440678,9.954499470338984
dbbcfe2c8d026742134ac3e28ccde274,4,308.59000000000003,77.14750000000001,4.0,1,1.0,PR,12,25.715833333333336,0.3823692415684663,0.25,1.0,8.287314814814815
dbc22125167c298ef99da25668e1011f,406,33776.78,78.73375291375291,4.2266355140186915,4,1.0792540792540792,MG,17,1986.8694117647058,0.26774858577457883,0.10023310023310024,0.9760191846522782,11.405500294209078
dbc51f5e45d654ecc16cb68e6817ecea,1,199.99,199.99,4.0,1,1.0,SP,1,199.99,0.09070453522676133,0.0,1.0,17.74240740740741
dbd66278cbfe1aa1000f90a217ca4695,85,4928.9,49.78686868686869,4.454545454545454,5,1.3333333333333333,SP,10,492.89,0.3552596427364502,0.030303030303030304,0.9393939393939394,9.060559062850729
dbdd0ec73a4817971d962698f2fea022,16,6384.0,399.0,4.375,1,4.0625,CE,5,1276.8,0.2805137844611529,0.125,0.9375,12.651514756944445
dbec9a0a7efeff029d4d9dce7dc4cc95,3,1170.0,390.0,4.0,1,2.0,MG,3,390.0,0.1008222079589217,0.3333333333333333,1.0,11.927997685185185
dc120d932ddf9d4dfb6fd68beefda622,1,130.0,130.0,1.0,1,3.0,PR,1,130.0,0.11107692307692307,1.0,1.0,14.64236111111111
dc317f341ab0e22f39acbd9dbf9b4a1f,55,18988.4,327.38620689655176,4.120689655172414,3,2.7241379310344827,RS,19,999.3894736842107,0.22804645242779376,0.1724137931034483,0.9482758620689655,12.163011653895275
dc4a0fc896dc34b0d5bfec8438291c80,231,24180.77,97.11152610441768,3.7771084337349397,4,1.8273092369477912,SP,19,1272.6721052631578,0.24104641485651698,0.20883534136546184,0.9338842975206612,13.81114736378941
dc50afafdfa325eadc890c7fa42a8f4e,4,424.2,106.05,4.75,2,5.25,PR,3,141.4,0.17199472276107602,0.0,1.0,6.205685763888889
dc64d75cc406bb0697be983831430e60,4,813.0,203.25,4.75,1,2.0,MG,4,203.25,0.11150792847503373,0.0,1.0,10.212702546296295
dc7192adf8ba09569261f4a8d576afe0,7,917.0,114.625,3.625,3,1.0,SP,2,458.5,0.22232307467217421,0.375,1.0,6.325257523148148
dc8798cbf453b7e0f98745e396cc5616,41,2056.3,40.319607843137256,3.1470588235294117,2,2.0444444444444443,SP,14,146.87857142857143,0.3403068382073675,0.39215686274509803,0.9302325581395349,13.68819175279931
dcb7367a92f5ffb89f1e2152ed260285,1,79.9,79.9,5.0,1,2.0,SP,1,79.9,0.23078848560700876,0.0,1.0,10.07724537037037
dcf3755cefcdc158ad0b7bdde51e871b,3,269.70000000000005,89.90000000000002,4.0,2,1.0,RS,6,44.95000000000001,0.3312198739340007,0.0,1.0,13.252658179012348
dd264199fc8b687ad029de7de6d760e6,1,87.9,87.9,5.0,1,1.0,PR,1,87.9,0.23549488054607506,0.0,1.0,18.080567129629628
dd2bdf855a9172734fbc3744021ae9b9,108,10816.7,95.72300884955753,3.794392523364486,8,1.1858407079646018,MG,16,676.04375,0.2575182523081955,0.18584070796460178,0.9454545454545454,15.247500736531986
dd39ad39b5d3df33037e141c72497ba6,2,135.8,67.9,5.0,2,2.5,SP,2,67.9,0.35053559594554956,0.0,1.0,8.673096064814814
dd4d95ba2d15c071e6c695e2ef6ce169,4,1748.0,437.0,4.25,1,3.0,ES,2,874.0,0.12266018306636156,0.0,0.5,14.406846064814815
dd533b429f380718b70ad9922c294bae,41,2819.77,62.66155555555555,3.7333333333333334,2,3.4444444444444446,SP,13,216.9053846153846,0.7682157367798916,0.17777777777777778,0.8837209302325582,16.80776754952627
dd5450b022b2d00a2145a66331e1aef6,1,59.0,59.0,5.0,1,6.0,SC,1,59.0,0.37864406779661014,0.0,1.0,7.1822337962962965
dd55f1bb788714a40e7954c3be6df745,35,7041.759999999999,190.31783783783783,3.810810810810811,7,1.7567567567567568,SP,9,782.4177777777777,0.14934039557533038,0.1891891891891892,0.8378378378378378,18.751437374874875
dd58ee93286b0821565574c570e9e1dc,2,2948.0,1474.0,5.0,1,2.0,PR,5,589.6,0.034490512712373834,0.0,1.0,12.036979166666667
dd7ddc04e1b6c2c614352b383efe2d36,122,9178.51,64.18538461538462,3.76056338028169,1,2.7868852459016393,SP,16,573.656875,0.4220487648207952,0.20279720279720279,0.852112676056338,14.815091451486696
dd88d13bea9e4c2bf47daf224f8141e5,1,458.0,458.0,5.0,1,1.0,RS,1,458.0,0.06414847161572053,0.0,1.0,5.675613425925926
dd8a29ce82d5c705ba932d81494600a5,2,205.75,102.875,3.5,1,1.5,SP,5,41.15,0.13056049535603714,0.0,1.0,8.930642361111111
dd9661d3cda1e6feb237f0c4d8b26f2e,1,174.0,174.0,5.0,1,2.0,SC,1,174.0,0.09758620689655173,0.0,1.0,18.197858796296295
dda37071807e404c5bb2a1590c66326f,1,199.99,199.99,5.0,1,4.0,SP,1,199.99,0.09640482024101205,0.0,1.0,16.582835648148148
ddd51ae8cda92f3995a51fc0f0f3eec7,8,842.6999999999999,33.708,4.6,1,3.16,RJ,13,64.82307692307691,0.3267364334162668,0.0,1.0,7.034957407407408
dde698c6d0bd24834c586e5111c2bba7,1,155.9,155.9,5.0,1,3.0,RJ,1,155.9,0.1230917254650417,0.0,1.0,7.692013888888889
de09d00cfc265b8804c7df34075a68fa,3,784.0,261.3333333333333,3.3333333333333335,1,3.0,SP,8,98.0,0.06071570707615589,0.3333333333333333,1.0,6.152604166666666
de0c78824586e9a5f5f04fd84e25df39,14,2489.3,155.58125,4.4375,1,2.75,SP,5,497.86,0.0952463795047099,0.125,1.0,6.352893518518519
de23c3b98a88888289c6f5cc1209054a,164,26399.670000000002,145.85453038674035,4.281767955801105,6,3.0939226519337018,SP,16,1649.9793750000001,0.12411263719702698,0.11049723756906077,0.9101123595505618,10.772300834893883
de66a66f2dd06bb9ec37aa96987466a3,7,353.32,44.165,4.25,2,3.5,RJ,5,70.664,0.3290454453262597,0.125,1.0,14.724639756944445
de722cd6dad950a92b7d4f82673f8833,339,55426.1,146.2430079155673,4.159151193633952,2,1.0,PE,8,6928.2625,0.18892422659402017,0.12928759894459102,0.9602122015915119,12.76760370615974
de9727ca376d1be6ec121b110aa7954c,10,1058.7,88.22500000000001,3.75,1,1.0,PR,4,264.675,0.2278843940705765,0.3333333333333333,0.9090909090909091,11.274775883838384
deaadd805612bf94faaa9fa702516e11,1,50.0,50.0,1.0,1,2.0,SP,1,50.0,0.30219999999999997,1.0,,
debe6615cd90cc0c2eac2b8988e1f628,5,278.5,55.7,4.6,2,2.2,SP,3,92.83333333333333,0.40857228922914446,0.0,1.0,11.604266203703705
dedcab67899479e4ea5dcc4eba47f587,2,84.0,42.0,4.5,1,3.0,SC,3,28.0,0.25761904761904764,0.0,1.0,5.555057870370371
dee656f0f566ed1aa85bd137c943f08f,93,6271.9800000000005,66.02084210526316,4.382978723404255,12,4.515789473684211,SP,11,570.1800000000001,0.358070036806263,0.07368421052631578,0.9468085106382979,12.480772754137117
df0f42bc4c2142eacf0eaf2cffd0cfbb,14,1654.0,103.375,4.0625,1,3.0,SC,9,183.77777777777777,0.17668845911033412,0.125,1.0,14.285758101851851
df47da4ae86fa4db890d05aaf24e21d8,5,310.5,62.1,4.2,2,1.4,SP,2,155.25,0.25642801607576376,0.2,1.0,7.044877314814815
df560393f3a51e74553ab94004ba5c87,28,3661.1800000000003,126.24758620689656,3.7241379310344827,2,1.0,PR,18,203.3988888888889,0.21191296401212584,0.13793103448275862,0.9259259259259259,18.07669495884774
df56d7b40d437f88407c5f78b63bc328,22,2791.28,111.6512,3.88,1,1.0,PR,6,465.21333333333337,0.1763865945700597,0.2,0.96,12.269970833333334
df683dfda87bf71ac3fc63063fba369d,1,39.9,39.9,1.0,1,3.0,RS,1,39.9,0.40225563909774437,1.0,0.0,189.86315972222224
df91910b6a03bb2e3358fa6a35e32f6f,14,2312.1,165.15,4.357142857142857,1,2.9285714285714284,SP,3,770.6999999999999,0.18545577009552883,0.07142857142857142,1.0,9.194750712250713
dfa0c4c6229ab200a4a1336b4d7128ff,77,4777.1,55.54767441860466,4.011627906976744,11,4.465116279069767,SC,4,1194.275,0.49560851927065136,0.18604651162790697,0.9651162790697675,9.643763727390182
dfc475d54e1b6dbeeb7d7d9bdaa63827,19,1793.76,85.41714285714286,4.380952380952381,2,1.2857142857142858,PR,7,256.25142857142856,0.3591712601625695,0.14285714285714285,0.95,12.990609953703705
dfc5fb7259bb2b599ca565e6e9448f0f,33,6124.63,180.13617647058823,4.117647058823529,2,5.647058823529412,SP,14,437.47357142857146,0.1207184653575436,0.08823529411764706,0.9411764705882353,14.346329316448802
dff87e4de60c9736ce8df835951b09bc,2,998.0,499.0,2.5,1,4.5,SP,1,998.0,0.04552104208416834,0.5,,
e00d85ce20ea50c1224c66ca5050527d,1,149.0,149.0,4.0,1,3.0,SP,1,149.0,0.055704697986577185,0.0,1.0,2.049375
e0482f2c769468c3bbcd8a01e09d98c5,1,189.0,189.0,4.0,1,5.0,SP,1,189.0,0.2402116402116402,0.0,1.0,5.906377314814815
e0487761face83d64fcada2408959a36,2,49.25,24.625,4.5,2,3.5,SP,1,49.25,0.3023034055727554,0.0,1.0,3.5394791666666667
e067ad2c1c0b48758eb1b5228bcf7a68,54,5042.55,82.66475409836066,4.131147540983607,1,1.819672131147541,SP,19,265.39736842105265,0.2390216717114048,0.11475409836065574,0.9180327868852459,14.490808477534912
e06f09ec0a4aca210779cf1cfc63cf19,29,5279.49,170.30612903225807,4.016129032258065,11,1.1612903225806452,SP,7,754.2128571428572,0.2919705357707545,0.16129032258064516,0.9354838709677419,15.057558617084828
e0878efa0e0b7e5313ac0b43bc04c081,27,5065.299999999999,174.6655172413793,3.4482758620689653,2,2.793103448275862,PR,5,1013.0599999999998,0.1828162557215559,0.3103448275862069,0.8214285714285714,18.215729580026455
e09887ca8c7bf8a4621ce481820414ef,3,119.96000000000001,29.990000000000002,3.0,1,2.0,SP,3,39.98666666666667,0.587507119401161,0.5,0.6666666666666666,42.05988811728395
e0a366315b1b726b6c7832d664c0f530,43,7400.09,145.09980392156862,4.333333333333333,4,6.588235294117647,SP,15,493.33933333333334,0.12394981374839106,0.13725490196078433,0.9607843137254902,7.462383578431373
e0a3c37054ade6478d923a6efc10f308,2,219.8,109.9,5.0,1,6.0,SC,1,219.8,0.1600545950864422,0.0,1.0,7.835486111111111
e0b162a693bc7f9eab00f783a31d60ea,1,20.0,20.0,5.0,1,1.0,RS,1,20.0,1.4845000000000002,0.0,1.0,11.088877314814814
e0eabded302882513ced4ea3eb0c7059,8,978.4000000000001,122.30000000000001,4.625,2,1.125,SP,3,326.1333333333334,0.2038802655518472,0.0,1.0,11.449202835648148
e116c7455dd26a4d8c3e92532583905f,1,36.76,18.38,4.0,1,1.0,SP,1,36.76,0.4020674646354733,0.0,,
e1643dff33666ca629e3644c02738179,3,170.0,56.666666666666664,4.333333333333333,1,1.0,SP,1,170.0,0.20206973581973578,0.0,1.0,4.555775462962963
e174dc2de86d60fee178170a154c05e7,1,19.8,19.8,1.0,1,1.0,SP,1,19.8,0.712121212121212,1.0,,
e1a210d482714ce337763a19aef94ba4,1,49.9,49.9,1.0,1,1.0,PR,1,49.9,0.5332665330661323,1.0,,
e1b12447a7563944843191754aeb5562,9,472.46000000000004,47.246,4.5,4,3.8,SP,5,94.492,0.3273413011715166,0.1,0.7,16.06223726851852
e1bed63d68ac36fe1f3061befe196af5,1,199.0,199.0,5.0,1,4.0,SP,1,199.0,0.09045226130653267,0.0,1.0,8.606180555555556
e1c76f339ebd5460999f25a2aa8c92c5,1,899.9,899.9,5.0,1,5.0,SP,1,899.9,0.032003555950661185,0.0,1.0,29.84170138888889
e1dc0754bada9ee4cfe9713f22f61292,12,885.0,73.75,3.8333333333333335,4,1.1666666666666667,RJ,3,295.0,0.3126735287452199,0.25,1.0,8.281831597222222
e21a1e8be4715b0fcfd5385643bc49c4,21,703.5999999999999,29.316666666666663,3.6666666666666665,3,1.0,SC,11,63.963636363636354,0.7592631363142184,0.25,1.0,16.574562701288244
e24d3429d294b2eb200b064ebb035879,19,1878.58,85.39,4.136363636363637,1,1.0909090909090908,SP,3,626.1933333333333,0.27866892181464936,0.13636363636363635,0.9545454545454546,7.71035563973064
e24fc9fcd865784fb25705606fe3dfe7,52,12936.0,231.0,4.196428571428571,3,2.0714285714285716,SP,18,718.6666666666666,0.10429054635852016,0.10714285714285714,0.9272727272727272,12.645286826599326
e250d617a0ad591ba9bd663e584a895d,8,904.12,45.206,2.8,1,2.6,SP,7,129.16,0.60753833423969,0.6,1.0,8.09330787037037
e256a62e0ac58c0edfba09966142d561,12,1474.1100000000001,105.29357142857144,4.5,2,1.8571428571428572,PR,4,368.52750000000003,0.2660036004835683,0.07142857142857142,1.0,8.297404927248676
e26901d5ab434ce92fd9b5c256820a4e,202,11990.9,54.25746606334842,4.0588235294117645,6,2.0388349514563107,SP,9,1332.322222222222,0.31382496263022064,0.14027149321266968,0.9767441860465116,9.298153585271319
e2a1ac9bf33e5549a2a4f834e70df2f8,5,14999.449999999999,2999.89,4.8,1,4.0,SP,5,2999.89,0.013407824953581633,0.0,1.0,12.335252314814815
e2aee0892199b1d92530e371abd825bf,38,5662.57,138.11146341463413,3.8048780487804876,4,1.829268292682927,PR,19,298.03,0.527149533132239,0.24390243902439024,0.8717948717948718,14.986155033238365
e2c92f9c1c7746d899d18f2e158bbff7,14,1894.7,135.3357142857143,4.071428571428571,1,1.2857142857142858,SP,5,378.94,0.20666313618787993,0.14285714285714285,1.0,9.151562499999999
e333046ce6517bd8bb510291d44f0130,68,7268.0,98.21621621621621,4.391891891891892,6,1.135135135135135,SP,14,519.1428571428571,0.29308235303858066,0.08108108108108109,0.9459459459459459,10.002230355355355
e38db885400cd35c71dfd162f2c1dbcf,30,2066.8,64.5875,4.5,1,1.4375,DF,13,158.9846153846154,0.3251593719214933,0.0625,0.875,12.689117476851852
e3a386fc36e22064434e1fa256f6a9fa,16,793.9,46.699999999999996,4.235294117647059,1,1.0,SP,8,99.2375,0.3349465482100926,0.11764705882352941,0.8235294117647058,10.55469975490196
e3b4998c7a498169dc7bce44e6bb6277,3,6897.9,2299.2999999999997,2.6666666666666665,3,2.0,SP,2,3448.95,0.1501989544045176,0.6666666666666666,1.0,18.740069444444444
e3d3b3efac954a60d61be70b7e05b49b,3,1282.05,427.34999999999997,4.333333333333333,1,3.0,SP,1,1282.05,0.09398052347554009,0.0,1.0,11.115142746913582
e3dd723429d1b23614b7fa85e2c7a853,7,471.05,58.88125,3.375,2,1.0,SP,4,117.7625,0.3057289167995234,0.25,0.75,13.411779513888888
e3e15e2c0b9700561efac21c6be48066,3,97.24,24.31,2.5,1,2.5,SP,6,16.206666666666667,0.43916865856963705,0.5,,
e3e290b38963293022cdcd6db8328103,3,135.7,45.23333333333333,3.3333333333333335,1,3.0,SP,2,67.85,0.6488683095165597,0.3333333333333333,1.0,9.766523919753086
e4253cef933647000a82ff39c67b7bde,2,68.0,34.0,2.0,1,2.5,SP,1,68.0,0.6354862953138815,0.5,,
e433f5fd4050e3352b5d83522b7fe24b,1,548.06,548.06,4.0,1,3.0,PR,1,548.06,0.08887713024121448,0.0,1.0,7.448333333333333
e439f7176d763f92de325271111b2fd5,7,1348.4,192.62857142857143,5.0,1,1.5714285714285714,SC,4,337.1,0.27589373114596943,0.0,1.0,9.92680362654321
e45edf75f568ed2f93f78d060e246e25,6,164.29999999999998,23.471428571428568,4.142857142857143,1,1.7142857142857142,RJ,2,82.14999999999999,0.6938616599899285,0.0,0.8571428571428571,12.007012235449736
e46bc031f2c5bae4ccb40bb90712e9b4,1,277.3,277.3,1.0,1,1.0,SP,1,277.3,0.18063469166967183,1.0,,
e48b04bf1aa1ef711caebeb7aede6180,25,3187.1000000000004,127.48400000000001,4.48,2,1.380952380952381,PR,19,167.74210526315792,0.2258857176832608,0.08,1.0,10.544004166666666
e48cc16ab70bfa09e1401740dce0b3d7,14,1084.83,63.813529411764705,3.235294117647059,1,1.3529411764705883,SP,14,77.48785714285714,0.4496775130115679,0.35294117647058826,0.8823529411764706,14.658911356209149
e49c26c3edfa46d227d5121a6b6e4d37,35,3654.25,101.50694444444444,4.416666666666667,7,2.4722222222222223,PE,18,203.01388888888889,0.6669878198509014,0.08333333333333333,1.0,11.653800595238096
e4ebd3f87bf70440014f07ddda7fbe03,7,671.5,95.92857142857143,4.571428571428571,2,1.5,SP,4,167.875,0.18927852864147066,0.0,0.8571428571428571,17.889925595238093
e4f121bf6ef8b9a1d4d3e65dd0473fab,2,70.0,35.0,3.0,2,2.0,SP,2,35.0,0.5317083333333333,0.5,0.5,21.336834490740742
e4fc40017a6d22c46a14ac2e17f87c3e,3,387.0,129.0,2.3333333333333335,2,1.6666666666666667,PR,4,96.75,0.7107235142118863,0.6666666666666666,1.0,10.291921296296296
e503f22be6a4f456d9851920a5d9c670,2,198.9,99.45,4.0,1,1.0,SP,2,99.45,0.17103205582445563,0.0,1.0,5.669965277777777
e504a4e2efaa45cbff7e268a2c58c956,11,1188.8000000000002,99.06666666666668,3.6666666666666665,1,2.8333333333333335,SP,4,297.20000000000005,0.2312608678385467,0.3333333333333333,0.7272727272727273,12.567527356902358
e51f22821f0c12a16ad5c020cdcd55e9,4,898.71,224.6775,4.75,1,1.25,SP,4,224.6775,0.13271320026578087,0.0,1.0,10.324129050925926
e53d5b9b29d1218281f4a907ada18626,4,350.67,70.134,4.8,1,1.4,PR,2,175.335,0.6238379792006061,0.0,1.0,6.857546296296296
e546117ed9cafbc40239c0c78635c584,2,456.0,228.0,4.5,1,1.0,SP,5,91.2,0.06214912280701755,0.0,1.0,6.369074074074074
e5475dcab1e07b63d7f6e902d8f5eda8,19,2192.0,115.36842105263158,4.105263157894737,2,2.789473684210526,SP,12,182.66666666666666,0.32873039999893217,0.15789473684210525,0.9473684210526315,9.57444018031189
e5545d4d4473876ea78c5bcebca365c3,1,44.5,44.5,5.0,1,3.0,SP,1,44.5,0.29146067415730337,0.0,1.0,5.198229166666667
e560e4022d8f7aebf155db95946c5c0f,2,780.0,390.0,5.0,1,7.0,MG,2,390.0,0.11565384615384615,0.0,1.0,10.134334490740741
e5899683388855d3dabe8913bbe365de,3,452.88,150.96,4.0,1,2.0,SP,2,226.44,0.1785618990814745,0.0,1.0,7.7213618827160495
e58a5b390e28abc0b216cfb0e07d27d7,7,1022.6,146.0857142857143,4.857142857142857,2,3.2857142857142856,RJ,5,204.52,0.2076462416629439,0.0,1.0,7.598201058201058
e595809a6c31ec4314fd06ef198c244d,1,39.0,39.0,5.0,1,3.0,SC,1,39.0,0.4674358974358975,0.0,1.0,15.85357638888889
e59aa562b9f8076dd550fcddf0e73491,70,31574.3,375.8845238095238,4.25,1,1.7261904761904763,PR,12,2631.1916666666666,0.18315714373416933,0.10714285714285714,0.9146341463414634,13.709238510614272
e59e489e2ea74bd409b798b5daf49de3,3,495.0,99.0,2.2,1,2.0,PR,9,55.0,0.1752727272727273,0.4,1.0,14.799812500000002
e59e575a175fadcadf8479e191770425,1,199.9,199.9,5.0,1,5.0,RJ,1,199.9,0.25502751375687843,0.0,1.0,5.350474537037037
e5a3438891c0bfdb9394643f95273d8e,224,7738.349999999999,30.34647058823529,3.8293650793650795,1,1.1939393939393939,SP,12,644.8625,0.5130288057117822,0.21568627450980393,0.8178137651821862,15.375952401034638
e5a38146df062edaf55c38afa99e42dc,121,15360.07,122.88056,3.943548387096774,9,2.96,SP,23,667.8291304347825,0.16637687840667548,0.176,0.9112903225806451,12.23224602374552
e5bd51692380fd8cabb19b756b95e714,3,119.69999999999999,39.9,2.3333333333333335,0,,SP,6,19.95,0.2785296574770259,0.6666666666666666,0.0,33.66361689814815
e5c84227854980f1db19a58958c551d9,4,72.81,18.2025,4.75,2,4.75,PR,2,36.405,1.19357924676158,0.0,1.0,10.187983217592592
e5cbe890e679490127e9a390b46bbd20,2,908.99,454.495,4.5,1,1.0,SP,3,302.99666666666667,0.031037572395164952,0.0,1.0,5.923854166666667
e5d4b2b0c3bca22085f7a19a28de0c42,4,205.8,51.45,4.5,2,3.0,SC,4,51.45,0.35511556771152875,0.0,0.75,12.684464699074073
e5def42655b7490edac5a56fe8e9e603,1,129.9,129.9,5.0,1,1.0,SP,1,129.9,0.08868360277136259,0.0,1.0,5.83462962962963
e5e33c0d8e7e002f398f5dc4cbbb338f,28,6698.7,230.9896551724138,4.344827586206897,2,3.8620689655172415,SP,18,372.15,0.19917558825004636,0.10344827586206896,0.8888888888888888,11.95087791495199
e5f9e61ceb5f523cc966e0f34095032f,4,2238.0,559.5,4.0,2,4.5,SC,8,279.75,0.052191437024232956,0.25,0.75,20.252138310185185
e601b04acf48b4576e73ddca9481f0dc,15,491.94,30.74625,3.875,7,2.6875,SP,5,98.388,0.5535331861552294,0.25,1.0,7.197291666666667
e603cf3fec55f8697c9059638d6c8eb5,8,297.0,27.0,4.454545454545454,0,,RS,5,59.4,0.6244781144781144,0.09090909090909091,1.0,6.657634259259259
e627629ba868740e287800f1a9be81c2,13,504.5,38.80769230769231,4.461538461538462,2,1.5,SP,6,84.08333333333333,0.3457804157578928,0.07692307692307693,1.0,6.900215698653199
e628d4a53c109f09ca88098338b3a3f5,1,285.0,285.0,1.0,1,6.0,MG,1,285.0,0.20666666666666667,1.0,,
e62b2d6ac10570a035a30bafcf01d263,62,5340.39,75.21676056338029,3.8333333333333335,12,1.295774647887324,SP,12,445.0325,0.2508565522792203,0.18309859154929578,0.8450704225352113,14.706772463484612
e63e8bfa530fb16910dd6956e592bb81,42,1311.7,30.504651162790697,4.255813953488372,2,2.7209302325581395,SP,13,100.9,0.5090283678391456,0.11627906976744186,0.9523809523809523,9.344903273809523
e644cbadf7eeb30d0d29f335ce7d52ec,8,878.9,87.89,3.7,3,5.0,SP,2,439.45,0.2338763377638749,0.1,1.0,6.943683127572017
e64882b4ef12aee8d0faca4db5b681f4,1,230.0,115.0,4.0,1,2.0,GO,1,230.0,0.18791304347826088,0.0,1.0,25.008819444444445
e64d65bc8dbec2accda90c58de5d1246,12,1678.8000000000002,139.9,3.0833333333333335,1,3.75,SP,5,335.76000000000005,0.13368604319518537,0.4166666666666667,0.6666666666666666,13.493086419753086
e64ddbe1cbcf4f2fc3092b7c481f3f9d,1,20.9,20.9,5.0,1,1.0,SP,1,20.9,0.3535885167464115,0.0,1.0,5.512708333333333
e6a69c4a27dfdd98ffe5aa757ad744bc,24,2076.2,71.59310344827585,3.6206896551724137,4,1.2413793103448276,SP,17,122.12941176470588,0.7899236073740891,0.27586206896551724,1.0,10.26631793478261
e6ffc9ac6a7adc9d16a1cfc2286dd546,1,34.99,34.99,1.0,1,1.0,SP,1,34.99,0.2369248356673335,1.0,,
e70053bf73d1b5863932e53a9fa47496,7,4025.0,575.0,4.285714285714286,2,3.0,SP,7,575.0,0.04715761739308172,0.0,1.0,13.455330687830687
e72b4feb7abe210c52aa667abc25a3a2,1,38.2,19.1,5.0,1,1.0,SP,1,38.2,0.45654450261780105,0.0,1.0,4.149236111111111
e732329483fd5f27367dd997b47f598a,1,109.9,109.9,5.0,1,5.0,SC,1,109.9,0.3145586897179254,0.0,1.0,12.152314814814815
e73bf2cea7fe4b0b4d287a7568ed1099,4,737.6999999999999,147.54,5.0,2,1.6,SC,2,368.84999999999997,0.11117217038801894,0.0,1.0,4.831981481481481
e76ecc7e9a1a1e3c6df9d2a8261c423d,1,20.0,20.0,5.0,1,1.0,MG,1,20.0,0.705,0.0,1.0,12.457060185185185
e7d5b006eb624f13074497221eb37807,28,3478.93,55.22111111111111,3.111111111111111,2,1.0,SP,12,289.9108333333333,0.3033038172333003,0.36507936507936506,0.9682539682539683,10.946910089653144
e7df4cd29ab5abab70fb0783ddb53987,23,9608.699999999999,400.36249999999995,4.291666666666667,3,1.7916666666666667,SP,19,505.7210526315789,0.10376197585035306,0.08333333333333333,0.8333333333333334,10.348889371141976
e7f3bf1ecd8526eb7f3b18059e6716e5,18,1471.54,77.44947368421053,4.368421052631579,3,1.3571428571428572,SP,8,183.9425,0.2627444029741093,0.10526315789473684,1.0,8.862104552469136
e819bcfade7b5d88a27325eb6cfd62c5,5,202.89999999999998,18.44545454545454,3.5454545454545454,3,4.0,SP,2,101.44999999999999,0.6833708901294114,0.36363636363636365,0.9090909090909091,8.968803661616162
e81e1f9c3e762e620f3fb60a51499e16,17,4465.99,248.11055555555555,3.823529411764706,3,4.055555555555555,SC,12,372.1658333333333,0.1467956595974789,0.16666666666666666,0.8888888888888888,30.89604102366255
e82de6494d91d3c4c54450f59b227a94,3,118.9,39.63333333333333,5.0,2,1.0,SP,6,19.816666666666666,0.3284781008465219,0.0,0.6666666666666666,18.68153549382716
e83c76265fc54bf41eac728805e4da77,8,237.29999999999998,29.662499999999998,3.625,1,2.5,SP,4,59.324999999999996,0.44170895199422483,0.125,0.875,32.602546296296296
e83e93b71371817b11d78a63ff156aee,2,286.0,95.33333333333333,4.666666666666667,1,2.6666666666666665,SP,3,95.33333333333333,0.2997643097643098,0.0,1.0,18.48874614197531
e84ad2127668df3aafc6b73531a0beb8,19,987.0,42.91304347826087,4.391304347826087,2,1.7826086956521738,SP,9,109.66666666666667,0.5222408004403428,0.08695652173913043,0.9565217391304348,9.707826590177135
e88165a185134e13fdfc85d4fa654db8,2,108.0,54.0,3.0,1,3.0,SP,2,54.0,0.41322222222222216,0.5,0.5,9.153582175925926
e882b2a25a10b9c057cc49695f222c19,57,51057.54,880.3024137931035,4.586206896551724,8,1.206896551724138,RJ,8,6382.1925,0.09505775307116135,0.05172413793103448,1.0,9.458802681992339
e883aa812c37a7413226856f4579fe91,26,4097.1,141.2793103448276,3.896551724137931,5,5.551724137931035,SP,7,585.3000000000001,0.1712690805080688,0.1724137931034483,0.9655172413793104,9.995614224137931
e88c9b79e592e370d6bd852eeefbf057,8,251.87,27.985555555555557,4.777777777777778,1,2.375,PR,3,83.95666666666666,0.9401591668568212,0.0,1.0,8.4257137345679
e88f7a2995ba184710d339c5c4bf2e30,2,251.6,125.8,5.0,1,1.0,SP,2,125.8,0.14272655007949125,0.0,1.0,10.833229166666667
e89c4adbe7b1d0819dbb636e16461cf1,24,3181.3,127.25200000000001,3.88,1,2.0,SP,8,397.6625,0.16819791669970716,0.16,0.88,14.787526388888889
e8a85b5f3df47be0984c55fd4064dbb4,8,743.0,53.07142857142857,4.714285714285714,4,1.0714285714285714,DF,7,106.14285714285714,1.175452992600549,0.07142857142857142,0.8571428571428571,10.408761574074074
e8b3a3a38279a82f0e5d006d5e5b7d2c,87,13154.7,142.9858695652174,3.7282608695652173,6,2.532608695652174,PR,6,2192.4500000000003,0.2845337909252817,0.2391304347826087,0.9529411764705882,16.894898420479304
e8b4225284fbb02d16f200513f1f395d,31,5788.52,186.72645161290325,4.193548387096774,1,1.8387096774193548,SP,5,1157.7040000000002,0.23292283559930024,0.06451612903225806,0.9,10.22229050925926
e8dba4d70f7f2b20e775d09cae01142d,9,855.91,95.10111111111111,4.333333333333333,2,5.333333333333333,SP,4,213.9775,0.23687343363150154,0.1111111111111111,0.8888888888888888,8.808996913580247
e8f6dc8e6a1dcde89d20e3995c8d90b3,36,2256.34,47.007083333333334,3.3541666666666665,9,2.5625,SP,14,161.16714285714286,0.8847398008643362,0.3333333333333333,0.9318181818181818,12.729811395202022
e8ff5a6ceb895583033fc2a0f314e3c2,1,139.89,139.89,5.0,1,4.0,SC,1,139.89,0.13639288012009437,0.0,1.0,3.1886111111111113
e908c0f3646e8b60375734a350d95d71,1,2951.0,2951.0,4.0,1,2.0,SP,1,2951.0,0.019833954591663844,0.0,1.0,27.108946759259258
e94b64dc6979b302a5a5be1662c83bb6,2,306.89,153.445,5.0,1,1.0,SP,1,306.89,0.10982172501063805,0.0,1.0,9.009612268518518
e9511df20ccd82658a30c37b7fb343af,22,2096.6,69.88666666666667,4.466666666666667,2,1.2666666666666666,SP,10,209.66,0.5821793857954843,0.06666666666666667,1.0,9.655261188271604
e96498ed8daaa3e9c23f7a62da76591c,34,9619.09,282.9144117647059,3.9411764705882355,1,3.0294117647058822,SP,10,961.909,0.09460334175772844,0.20588235294117646,0.8529411764705882,15.198311887254901
e9729944ba65dc3ce425e0c5a22ae7b2,4,916.7,229.175,3.75,1,1.75,RJ,2,458.35,0.08892064234561464,0.0,0.75,10.13974247685185
e9779976487b77c6d4ac45f75ec7afe9,657,43162.95,57.550599999999996,4.166219839142091,8,2.924,SP,18,2397.9416666666666,0.3888229309105975,0.12933333333333333,0.9254742547425474,9.849296302569508
e9874ae10b2d60d43917b6bbfa13a599,1,199.0,199.0,5.0,1,2.0,PR,1,199.0,0.11608040201005025,0.0,1.0,6.675798611111111
e99e927c81e3f51739c94fcdfca9f10f,22,2702.83,108.11319999999999,3.56,3,1.08,MG,15,180.18866666666665,0.26658739141511967,0.24,0.8333333333333334,13.993323206018518
e9b6c33b71b67737693b4cfa68341c8d,1,119.9,119.9,4.0,1,1.0,SP,1,119.9,0.17923269391159297,0.0,1.0,11.771851851851851
e9bc59e7b60fc3063eb2290deda4cced,216,34343.06,127.66936802973977,3.9442379182156135,2,1.0,PR,18,1907.9477777777777,0.1684453405760057,0.18587360594795538,0.8730769230769231,14.569640357905982
e9c2dc0dd4ac38448289be644ac94f42,3,118.39,39.46333333333333,5.0,2,4.0,SC,2,59.195,0.6120355185498781,0.0,1.0,5.392226080246914
e9c6969d40e6a3d2d0f90013165c2b98,10,5239.98,523.9979999999999,4.4,1,2.4,SP,8,654.9975,0.06228079205193419,0.1,1.0,9.087366898148149
e9d99831abad74458942f21e16f33f92,130,4922.4800000000005,33.036778523489936,3.9054054054054053,4,2.6308724832214767,SP,20,246.12400000000002,0.5137608621913443,0.1610738255033557,0.8993288590604027,12.633741688416604
e9e446d01bd10a97a8ffcfc4a3a20cb2,4,60.05,15.0125,3.5,1,2.0,SP,2,30.025,0.5376473999006535,0.25,1.0,5.304830246913579
ea00f977a203ff88adf7057cb7806998,19,389.71999999999997,20.51157894736842,4.105263157894737,1,3.526315789473684,SP,2,194.85999999999999,0.6224091371621222,0.10526315789473684,0.8888888888888888,5.417617669753087
ea1776927851da2532aa70d6a32c095a,3,318.8,106.26666666666667,2.6666666666666665,2,1.6666666666666667,SP,2,159.4,0.3482405649340437,0.6666666666666666,1.0,8.655138888888889
ea3ebea5317b0efbc663ecc8ce5e9bc2,3,299.70000000000005,99.90000000000002,4.0,1,2.3333333333333335,SC,1,299.70000000000005,0.2246543987786234,0.0,1.0,9.390617283950617
ea4e9ce63a2134743b4a92777437fcdd,3,316.6,79.15,4.75,1,2.25,SC,5,63.32000000000001,0.2523618954445782,0.0,1.0,9.196814236111111
ea566164622c6b439516ab18062c42cd,50,10309.42,198.2580769230769,3.75,9,2.5961538461538463,SP,10,1030.942,0.26856197636516116,0.25,0.7692307692307693,14.229441773504274
ea65d8b58316a6f2362f2a9e4b3e86ad,9,2061.4,128.8375,3.1875,6,1.1875,SP,6,343.56666666666666,0.29591849456825325,0.4375,1.0,10.165203993055556
ea67327e24487bdfac5fbfa37ea124df,32,6250.18,183.82882352941178,3.5588235294117645,1,2.264705882352941,SP,8,781.2725,0.1679983773433383,0.23529411764705882,0.9705882352941176,8.646847766884532
ea6b12bf9ffe2bac34602ec631d97a47,11,2625.7999999999997,238.7090909090909,4.090909090909091,3,1.8,SP,8,328.22499999999997,0.13748722506831476,0.18181818181818182,1.0,16.563964763374486
ea846a0e7ad98a741783e886d89dfa44,2,137.0,45.666666666666664,5.0,1,3.6666666666666665,SP,1,137.0,0.44936629724353505,0.0,1.0,11.23332175925926
ea8482cd71df3c1969d7b9473ff13abc,1146,37177.52,30.90400665004156,3.952341137123746,2,4.530340814630091,SP,13,2859.8092307692305,0.5161815296846128,0.16541978387364922,0.8964646464646465,13.315562346068711
eaaa46e98c9e61f6764dd1d7a2ab8b3e,1,98.0,98.0,5.0,1,4.0,RN,1,98.0,0.2820408163265306,0.0,1.0,11.097199074074075
ead2bab70821ea148476ae9bc08548ac,9,412.1,45.78888888888889,4.5,1,2.3333333333333335,MG,11,37.46363636363637,0.31301145023539834,0.0,1.0,7.322022890946503
eae9af4811c294c56795d70e715b7337,1,15.9,15.9,5.0,0,,SP,1,15.9,0.6987421383647798,0.0,1.0,2.8439467592592593
eaf6d55068dea77334e8477d3878d89e,3,51.0,17.0,5.0,1,2.0,SP,2,25.5,0.6472549019607843,0.0,1.0,6.129313271604938
eb1bf309f4f6af9a97e9ddac3fdbeabe,1,22.3,22.3,5.0,1,3.0,SP,1,22.3,0.39820627802690584,0.0,1.0,8.489652777777778
eb3071b9f0b0ddaa2df5ea130f09f26b,9,6230.0,566.3636363636364,4.636363636363637,2,4.2727272727272725,SP,16,389.375,0.09279273896451858,0.0,0.9090909090909091,8.61685500841751
eb4a59a06b3948e851a7d7a830bcbc42,2,64.0,32.0,3.0,1,1.0,BA,4,16.0,0.6875,0.5,1.0,11.078020833333333
eb4df17aed01d918c65f0f8d650900c0,11,3739.87,339.98818181818183,3.909090909090909,1,4.1,SP,10,373.98699999999997,0.05071807861660855,0.18181818181818182,0.7272727272727273,12.899521254208754
eb5b6204dde3a6e03b5f1bb8479f055b,19,452.2,21.53333333333333,3.857142857142857,5,1.7142857142857142,SP,7,64.6,0.6932388924944247,0.14285714285714285,0.9523809523809523,10.567783289241623
eb72802c83dc7547529c9546d1a9b8ef,8,1063.92,132.99,4.625,6,1.875,SP,3,354.64000000000004,0.13651119786478444,0.125,1.0,6.2112832754629625
eb9267cccc90f1b49c8d2f9887c7dd97,1,319.9,319.9,5.0,1,3.0,PE,1,319.9,0.08243201000312599,0.0,1.0,7.810868055555556
eb9cd5b35d95206585e2185318cb5c61,2,550.0,183.33333333333334,2.3333333333333335,1,1.0,SP,2,275.0,0.11190196078431373,0.6666666666666666,0.6666666666666666,16.94048611111111
eba88037e1dca898cd02881f67ced679,6,838.1,139.68333333333334,4.333333333333333,1,3.1666666666666665,SP,12,69.84166666666667,0.12628716117612762,0.16666666666666666,0.8333333333333334,11.49054012345679
ebd1417732defaf66c50b5a800eb293e,1,309.0,309.0,5.0,1,1.0,PR,1,309.0,0.052847896440129445,0.0,1.0,6.121712962962963
ebd2d60905fb58271facef5596b620d3,84,7941.72,90.24681818181818,4.125,1,1.0,SP,19,417.98526315789474,0.2719984483501128,0.125,0.9647058823529412,12.877629221132898
ebe3dabc4955c9b0d695e7bda38bf5c3,1,55.0,55.0,3.0,1,4.0,SP,1,55.0,0.2161818181818182,0.0,0.0,23.45189814814815
ebef8d8c92b4fd3226e5d407bbff21ac,3,253.70000000000002,84.56666666666668,2.6666666666666665,2,4.666666666666667,SP,3,84.56666666666668,0.27913798803812545,0.3333333333333333,0.6666666666666666,40.11726851851852
ec21206b7894c503788a684a7bc822a6,3,247.8,82.60000000000001,2.6666666666666665,2,2.0,RJ,4,61.95,0.2694902291138144,0.3333333333333333,1.0,8.111898148148148
ec2e006556300a79a5a91e4876ab3a56,4,125.2,15.65,1.375,2,1.0,SP,7,17.885714285714286,0.585009217920526,1.0,0.5,13.50111689814815
ec4608a1f76453166bb312b2968aeaf4,18,1181.75,33.76428571428571,2.6857142857142855,1,1.0571428571428572,SP,19,62.19736842105263,0.8143874128370577,0.5142857142857142,0.7931034482758621,14.118924808429119
ec5c1d94df153d473b37f880977ae58e,2,199.67000000000002,66.55666666666667,1.6666666666666667,2,1.0,SP,2,99.83500000000001,0.46498611632575737,0.6666666666666666,1.0,11.67219135802469
ec80e49e69745ab6c14f984bf2149423,12,3709.0,309.0833333333333,4.0,1,1.0,SP,7,529.8571428571429,0.05108143173743277,0.08333333333333333,0.8333333333333334,12.847035108024691
ec8463980a4e0ea9f8517aea1ed0c419,2,239.2,29.9,5.0,1,4.0,SC,1,239.2,0.4964882943143813,0.0,0.25,13.354114583333335
ec8879960bd2221d5c32f8e12f7da711,36,4062.4,112.84444444444445,4.314285714285714,1,1.0,SP,12,338.53333333333336,0.2393685776460353,0.1111111111111111,0.8285714285714286,16.495119378306878
ec933281fb017b5020d06df29c3f77e8,8,1432.0,179.0,5.0,1,6.5,SP,10,143.2,0.1640046139334678,0.0,1.0,9.476841724537037
ecccfa2bb93b34a3bf033cc5d1dcdc69,15,1338.64,70.45473684210526,2.3333333333333335,1,1.0,PR,2,669.32,0.19576746491865799,0.5263157894736842,0.75,35.13316116898148
ececbfcff9804a2d6b40f589df8eef2b,98,6792.4,65.31153846153846,4.115384615384615,3,1.2980769230769231,SP,15,452.82666666666665,0.29471820936944687,0.1346153846153846,0.9029126213592233,13.07182926555196
ed4311e67debd72b8610a5347a743087,25,3636.0,139.84615384615384,4.48,1,2.3846153846153846,SP,9,404.0,0.2045361925452388,0.07692307692307693,0.9230769230769231,8.01346688034188
ed46f1eb4a638113deb2a1137b5f22e9,4,3470.0,867.5,4.0,1,1.0,SC,2,1735.0,0.06300245261984393,0.25,1.0,7.358561921296296
ed49da7cadefc454d6a67de249eab240,2,43.0,21.5,3.0,1,1.0,SP,1,43.0,0.5309302325581395,0.5,1.0,7.191886574074074
ed4acab38528488b65a9a9c603ff024a,32,12759.45,318.98625000000004,3.725,4,1.05,SP,17,750.5558823529412,0.18286073531776043,0.225,0.95,9.192540360873695
ed859002ad59dbf8cf3602696a6c3000,7,2421.7,186.28461538461536,4.0,3,1.3846153846153846,PR,4,605.425,0.11898734979262568,0.23076923076923078,1.0,22.084942129629628
ed8cb7b190ceb6067227478e48cf8dde,15,573.5,33.73529411764706,3.176470588235294,4,1.0588235294117647,SP,2,286.75,0.5324541425511823,0.4117647058823529,0.9411764705882353,7.246978485838779
ed9eef5be0992d413d251fadba1a410d,3,404.09999999999997,44.9,4.555555555555555,1,3.0,SP,3,134.7,0.3544667161593665,0.0,1.0,10.35042824074074
edb1ef5e36e0c8cd84eb3c9b003e486d,166,79284.55,453.0545714285714,4.434285714285714,1,1.7428571428571429,RJ,12,6607.045833333334,0.10015597908550196,0.08,0.9252873563218391,11.709806034482758
edb58a1390adf273840030a3d6253829,1,39.9,39.9,5.0,1,3.0,SP,1,39.9,0.4606516290726817,0.0,1.0,5.503541666666667
edb65fe661681b1c0de8bd47c8655855,1,69.0,69.0,3.0,1,1.0,SP,1,69.0,0.22086956521739132,0.0,1.0,14.114236111111111
edc518ba25576a0188a0e8f2c3af186f,6,1647.3899999999999,205.92374999999998,3.5,4,1.0,SP,3,549.13,0.28405871678615235,0.375,1.0,6.722728587962963
edd066cd02126d7800f9b66e980e9931,6,987.6999999999999,164.61666666666665,5.0,1,1.3333333333333333,DF,13,75.97692307692307,0.19764852513426465,0.0,0.8333333333333334,11.897121913580248
eddd1991bd6d9309995a480c39b95137,3,866.0,288.6666666666667,2.6666666666666665,0,,PR,2,433.0,0.16200831087151843,0.3333333333333333,1.0,14.754149305555556
ede0c03645598cdfc63ca8237acbe73d,46,2518.37,50.367399999999996,3.617021276595745,3,1.08,SP,5,503.674,0.44842980892499784,0.26,0.6595744680851063,18.401936071710008
ede2977fbaf3738583170735ca403f6c,1,289.9,289.9,5.0,1,1.0,PR,1,289.9,0.12883753018282168,0.0,1.0,14.979814814814814
edf3fabebcc20f7463cc9c53da932ea8,1,219.9,219.9,4.0,1,1.0,SP,1,219.9,0.10968622100954979,0.0,0.0,21.082037037037036
edf96ef93ed595084bbcbd9224bd2894,25,3757.0,134.17857142857142,3.7857142857142856,2,3.142857142857143,SP,19,197.73684210526315,0.22448657625601373,0.14285714285714285,0.8928571428571429,13.671427331349207
ee27a8f15b1dded4d213a468ba4eb391,1,6499.0,6499.0,5.0,1,2.0,GO,1,6499.0,0.03503000461609478,0.0,1.0,11.955023148148149
ee2fbacc2fc3794e656cc4d933d59ce7,2,464.97,154.99,4.333333333333333,1,2.3333333333333335,SP,1,464.97,0.11507811654785105,0.0,1.0,6.7134375
eeb6de78f79159600292e314a77cbd18,83,43739.84,520.712380952381,4.428571428571429,3,1.0,SC,19,2302.096842105263,0.10516091905998606,0.05952380952380952,0.963855421686747,12.113948153726016
eebb3372362aa9a46975164bed19a7e7,7,591.92,73.99,2.2857142857142856,1,2.0,SP,3,197.30666666666664,0.20171644816867146,0.5,0.5,52.582190393518516
eec3469d83e142f9a104886655338c37,4,185.7,46.425,4.5,2,1.25,SP,19,9.773684210526316,0.5749784626286316,0.0,1.0,9.977416087962963
eed78ac17f7f795a19a709745f00cd4e,22,4349.5,77.66964285714286,3.4107142857142856,1,2.0,SP,12,362.4583333333333,0.2350584966231113,0.35714285714285715,1.0,9.831139839616402
ef0ace09169ac090589d85746e3e036f,129,16223.300000000001,115.88071428571429,4.3428571428571425,2,1.0357142857142858,RJ,10,1622.3300000000002,0.14724228862882852,0.1,0.920863309352518,12.556171063149481
ef2fbc2b607d8492bcffe657a4645434,20,970.8,44.127272727272725,3.909090909090909,5,3.272727272727273,RJ,2,485.4,0.42228986494738324,0.22727272727272727,0.9047619047619048,6.999620260141094
ef30892870c278497523264be1be2241,9,783.2,87.02222222222223,4.555555555555555,1,1.0,SP,2,391.6,0.2137346803636408,0.1111111111111111,1.0,8.079983281893004
ef506c96320abeedfb894c34db06f478,324,9771.43,28.7395,3.9017857142857144,4,2.2323529411764707,SP,20,488.5715,0.5999212518746172,0.17647058823529413,0.9126506024096386,13.33943067408523
ef728fa1f17436c91ed1ccd03dcf9631,3,128.7,32.175,4.0,1,4.0,SP,2,64.35,0.6031757731726451,0.0,1.0,4.545859375
ef990a83bbea832f36ebe81376335aa8,43,4642.59,105.5134090909091,3.659090909090909,2,4.113636363636363,SC,10,464.259,0.2407892209522965,0.25,0.75,16.851660090488217
ef9952469137ff190bacafe117f51537,5,1002.66,200.53199999999998,4.8,1,1.0,MG,3,334.21999999999997,0.08385975079687047,0.0,1.0,10.250847222222223
efb628aa07c8ca93d7db0d85b91a4f5a,1,204.0,204.0,4.0,1,2.0,RJ,1,204.0,0.28480392156862744,0.0,0.0,25.588310185185186
efcd8d2104f1a05d028af7bad20d974b,47,2424.78,47.54470588235294,4.176470588235294,1,1.7843137254901962,SP,17,142.63411764705884,0.38583094311331656,0.0784313725490196,0.98,10.232507407407407
efff9341f3f8f5237b44ff67ed36a7bf,5,872.99,174.598,4.4,3,3.2,ES,4,218.2475,0.25109482215402623,0.0,1.0,11.931902777777777
f00e21b1e91a79653163b7fd8f293ff1,31,3900.09,125.80935483870968,4.1,5,1.4193548387096775,SP,10,390.009,0.2093314321941227,0.12903225806451613,0.967741935483871,12.971604316009559
f00f5b35d0abcacbdd863672f4bb2c1a,1,299.0,299.0,4.0,1,2.0,SP,1,299.0,0.04826086956521739,0.0,1.0,12.155833333333334
f021c962aaba8ef6eb527a9c2c8394d1,5,4398.5,879.7,4.2,1,2.2,SC,4,1099.625,0.03597750635434979,0.2,1.0,8.171310185185186
f049a72cf58fd31b11f8919cade515e7,3,138.75,34.6875,3.5,3,1.0,SP,2,69.375,0.39585540816326525,0.25,1.0,3.9809953703703704
f0563bacf40c311f1c4d3d6b67b8a7a7,1,1199.0,1199.0,1.0,1,4.0,SC,1,1199.0,0.024003336113427858,1.0,,
f0837c8d71434931d9e38e7b79234797,22,3446.9,149.86521739130436,4.608695652173913,1,1.0,RS,10,344.69,0.594970090671122,0.0,0.9565217391304348,11.724380032206119
f08a5b9dd6767129688d001acafc21e5,11,14069.630000000001,781.6461111111112,3.4444444444444446,3,2.4444444444444446,RS,4,3517.4075000000003,0.04251040070485834,0.3333333333333333,0.7777777777777778,19.10467399691358
f08c008c8a8d31417763738a1788a2a8,22,1291.72,56.16173913043478,3.090909090909091,1,2.739130434782609,PR,4,322.93,0.3361291335203229,0.34782608695652173,0.8571428571428571,19.12531525573192
f09b760d23495ac9a7e00d29b769007c,1,21.9,21.9,4.0,1,1.0,SP,1,21.9,0.7849315068493152,0.0,1.0,24.0575
f09e26011d833ddab11593c1a097a92a,1,79.9,79.9,1.0,1,1.0,SP,1,79.9,0.2777221526908636,1.0,,
f0b47fbbc6dee9aafe415a6e33051b3f,68,3795.91,44.13848837209302,4.232558139534884,4,2.0930232558139537,SP,14,271.13642857142855,0.4065165757778446,0.13953488372093023,0.9058823529411765,10.350161492374728
f0e103c63864d5405b958d984b6e94c9,11,951.7,86.51818181818182,4.7272727272727275,2,1.4,SP,5,190.34,0.2507991338309268,0.0,1.0,8.819280303030304
f0ec6a2adb05c62655a26dd347b8dede,1,72.0,36.0,1.0,1,1.0,SP,1,72.0,0.20527777777777778,1.0,,
f0ec78809fe0bc3edb11c9fe5b97b059,2,62.599999999999994,31.299999999999997,4.0,1,1.5,SP,2,31.299999999999997,0.37058421373099887,0.0,1.0,9.34699074074074
f114dca2828bf718548db175ebe2cfcd,1,139.0,139.0,1.0,1,1.0,PR,1,139.0,0.10064748201438849,1.0,1.0,10.483483796296296
f1198c871e0171278b63f40d112caeec,2,475.8,237.9,4.5,1,1.0,SP,4,118.95,0.1748707716818467,0.0,1.0,11.401388888888889
f125f3a310c2e5f822d116147de1e474,16,2761.4,125.51818181818182,4.363636363636363,2,1.5454545454545454,SP,8,345.175,0.11403023724618629,0.045454545454545456,0.9090909090909091,14.039162457912456
f12d3c2a14729ae461b920c11fe20fdc,9,364.45,33.13181818181818,4.2727272727272725,2,2.4545454545454546,SP,3,121.48333333333333,0.32542910984290296,0.0,1.0,4.866111111111111
f12ff17ad8bbf01ec5c33b17e506649b,29,6241.0,215.20689655172413,3.8275862068965516,1,3.310344827586207,SP,5,1248.2,0.14084166900143735,0.13793103448275862,0.8928571428571429,13.791368220899471
f18112da765e0971ca5d510dec322bdd,2,327.8,163.9,4.0,0,,SC,1,327.8,0.25653266369105837,0.0,1.0,17.898136574074073
f181738b150df1f37cb0bd72e705b193,36,5529.7,149.45135135135135,4.486486486486487,3,2.5135135135135136,SP,16,345.60625,0.3278073311208328,0.05405405405405406,0.8918918918918919,9.138639889889891
f19516b9ff26bfeb091b30108db4ddbd,5,727.6,145.52,2.6,2,1.6,SP,4,181.9,0.30059612859387785,0.6,1.0,10.648128858024691
f1b854361f4e15d5851b494df66f22b2,3,1168.8,292.2,2.75,2,2.5,RJ,4,292.2,0.2571822976156359,0.5,1.0,7.6084606481481485
f1b93673502375d491780bb49d615dbc,8,2638.9300000000003,263.89300000000003,2.7,3,2.1,SP,6,439.8216666666667,0.12435530485890367,0.5,0.8,12.992782407407407
f1c1ac3f3efc07e659c035008e615e66,4,2561.96,182.99714285714285,3.5714285714285716,1,1.0,SP,7,365.9942857142857,0.24353947107453386,0.2857142857142857,1.0,12.648045267489712
f1ce5fdecd64935c28b9ff932751d0dc,2,158.0,79.0,4.5,1,2.0,SP,4,39.5,0.14259493670886075,0.0,1.0,10.23626736111111
f1ed6bd0a9b11b581f16c851c6a5a527,17,1622.77,90.15388888888889,4.444444444444445,3,2.0,RS,15,108.18466666666667,0.24770397910284517,0.05555555555555555,0.9444444444444444,21.104895833333334
f1fd5ab1181f827ffad998c1a5de7d74,15,7045.99,469.73266666666666,4.666666666666667,2,4.333333333333333,PR,10,704.5989999999999,0.14548162671440362,0.0,1.0,9.45754938271605
f1fdf2d13186575751aa25876536d85c,1,26.3,26.3,5.0,1,1.0,SP,1,26.3,0.3152091254752851,0.0,1.0,6.141400462962963
f205b1a3ca9a34e0f8a228bae6e4c7b3,8,1088.0,136.0,4.875,1,3.75,RS,2,544.0,0.38340152537520955,0.0,1.0,8.596142939814815
f214d28e8d8e3ef068748498ccc2f813,54,2212.41,37.498474576271185,4.017241379310345,4,2.9152542372881354,SP,13,170.1853846153846,0.45032751045085484,0.1694915254237288,0.9298245614035088,10.173526843729695
f22a247b79dd22ecd91dc8e3b2a1b07c,8,439.94,54.9925,4.0,1,1.0,SP,4,109.985,0.40212307122520347,0.125,0.75,18.033972800925923
f2336e113377dd21c744d9c4fc8293a9,4,3563.0,890.75,4.25,2,2.0,SP,8,445.375,0.10205272007641628,0.0,1.0,20.24722511574074
f235413f677777a0738ff215d0184901,3,1696.7,565.5666666666667,3.6666666666666665,1,1.0,SP,2,848.35,0.054875432740270076,0.3333333333333333,1.0,6.278344907407408
f25e239052084705e17a982bc600ab2a,8,7380.0,922.5,4.25,4,6.25,SP,18,410.0,0.1855645264994928,0.125,1.0,12.39517505787037
f262cbc1c910c83959f849465454ddd3,192,10482.83,50.64169082125604,4.089805825242719,9,1.9275362318840579,SP,10,1048.283,0.4096504287170914,0.15942028985507245,0.9068627450980392,8.951072871278141
f266295f49a28eee21f413e0cbb0521d,2,149.8,74.9,4.5,2,3.0,PR,1,149.8,0.18419520112311766,0.0,1.0,12.08870949074074
f26d70155c2b6326fcfa1780c8c684e4,1,202.89,202.89,5.0,1,1.0,SC,1,202.89,0.07969835871654593,0.0,1.0,8.901666666666667
f27e33c6d29b5138fa9967bcd445b6d5,93,8888.3,90.69693877551019,4.091836734693878,11,5.612244897959184,SP,14,634.8785714285714,0.28259850637344974,0.16326530612244897,0.8979591836734694,12.444732024754346
f3041c2e75ec683697a6a5ea82192210,1,145.0,145.0,5.0,1,7.0,MG,1,145.0,0.16551724137931034,0.0,1.0,4.528425925925926
f3055483058c84d75ca2a3314fb4deef,1,67.5,67.5,1.0,1,1.0,BA,1,67.5,0.5302222222222223,1.0,,
f307937c1bb287c3efc2a514b94b0d1d,1,189.99,189.99,5.0,1,5.0,MG,1,189.99,0.14006000315806094,0.0,1.0,12.577673611111111
f326006815956455b2859abd58fe7e39,9,3147.16,104.90533333333333,4.7,3,2.1666666666666665,SP,10,314.716,0.24101776698794108,0.0,1.0,15.518171682098766
f3295428338a40977a03f555246a70f4,7,644.98,92.14,3.5714285714285716,1,1.0,ES,5,128.996,0.6429648325156777,0.2857142857142857,0.7142857142857143,14.829621362433864
f3511c85f59f8dec53d140501ee8e7a8,1,69.9,69.9,5.0,1,2.0,PR,1,69.9,0.11602288984263232,0.0,1.0,1.9164930555555555
f356c348fbc8df6a882823e21f5ce8b7,2,195.18,97.59,2.5,1,1.0,RS,1,195.18,0.15611230658878983,0.5,1.0,7.22974537037037
f35b3c613c4f7b2275f4185d0a3c59ec,9,4047.25,449.69444444444446,4.555555555555555,2,3.6666666666666665,SP,5,809.45,0.050419336435092416,0.1111111111111111,0.7777777777777778,12.80266975308642
f35becee938e982bd615edf8ef12bcfb,6,148.59,24.765,4.0,2,3.5,SP,6,24.765,0.7134637378487304,0.16666666666666666,1.0,7.9204591049382715
f3862c2188522d89860c38a3ea8b550d,1,15.5,15.5,5.0,1,1.0,SP,1,15.5,0.8251612903225806,0.0,1.0,5.868530092592593
f3975e8a41157005d4bcbb358678cd9b,2,178.8,89.4,5.0,2,2.0,SC,5,35.760000000000005,0.43816051195878924,0.0,1.0,8.65745949074074
f3b80352b986ab4d1057a4b724be19d0,87,10505.1,114.1858695652174,4.130434782608695,2,1.0,DF,18,583.6166666666667,0.24117875556863105,0.11956521739130435,1.0,10.605887896825397
f3c38ab652836d21de61fb8314b69182,15,1581.0,105.4,4.266666666666667,4,1.2,SP,5,316.2,0.38318657064068357,0.06666666666666667,0.9333333333333333,8.208585648148148
f3da5b2ff499efb8d4a6d371d175d7dd,79,3702.29,44.07488095238095,3.8493975903614457,11,1.0,SP,9,411.36555555555555,0.45177638914719553,0.17857142857142858,0.8658536585365854,11.274847702122855
f410c8873029fcc3809b9df6d0b28914,2,289.8,144.9,5.0,1,2.0,SP,1,289.8,0.12692618221261268,0.0,1.0,7.698258101851852
f419677537694f0462a91990df6ca44f,6,220.5,36.75,4.0,0,,SP,4,55.125,0.38486730603040925,0.16666666666666666,0.8333333333333334,14.250243055555556
f41ce2e25237f9092cd8e6e7516c7a2f,27,2030.9,72.53214285714286,4.321428571428571,5,1.3571428571428572,SP,15,135.39333333333335,0.18784290654735306,0.07142857142857142,1.0,8.657997685185185
f435898e493ba0356019a0b1cb8b55b1,10,649.76,54.14666666666667,4.333333333333333,1,1.75,PR,16,40.61,0.6630956643201796,0.08333333333333333,1.0,10.680035686728395
f43827dd686be3a4a80e00aa299990fb,1,95.54,47.77,2.0,1,1.0,SP,1,95.54,0.31609796943688506,1.0,1.0,21.39116898148148
f44b6f775a2b390380e0e30b5c9d3eee,10,2930.0,293.0,4.9,2,2.4,SP,15,195.33333333333334,0.10805386329002997,0.0,1.0,8.694234953703702
f44bdc12aa39f5271f0b95f66cd4c289,5,357.5,51.07142857142857,2.857142857142857,1,2.2857142857142856,SP,10,35.75,0.5010880488864053,0.5714285714285714,0.8571428571428571,10.519596560846562
f45122a9ab94eb4f3f8953578bc0c560,187,22078.29,110.39145,3.91,8,3.89,SP,19,1162.0152631578949,0.2586946681379174,0.195,0.9289340101522843,12.486274734442565
f457c46070d02cadd8a68551231220dd,199,19093.0,81.59401709401709,3.769396551724138,1,1.0,PR,7,2727.5714285714284,0.20212213840390944,0.23076923076923078,0.9347826086956522,14.452987067230273
f46490624488d3ff7ce78613913a7711,83,5802.85,63.767582417582425,3.4615384615384617,1,1.1318681318681318,SP,4,1450.7125,0.42005920713014533,0.31868131868131866,0.8850574712643678,10.08549622179651
f4a04f7be452aa3bb31760bf00055dd0,18,1312.1,72.89444444444445,4.666666666666667,1,1.3888888888888888,SP,11,119.28181818181817,0.22149796159588286,0.0,0.9444444444444444,9.141429398148148
f4aba7c0bca51484c30ab7bdc34bcdd1,110,3009.79,25.724700854700853,3.8956521739130436,2,3.8053097345132745,SP,10,300.979,0.5651725631828848,0.17094017094017094,0.9304347826086956,10.892263586956522
f4c4daa86e30c7e5a553a8d518ac03a5,20,6301.91,315.0955,3.7,2,1.6111111111111112,PR,9,700.2122222222222,0.07034801702170299,0.25,0.9444444444444444,16.640676440329216
f4ce8ca9fa7157e3b33f536ac9a4487d,4,409.6,102.4,4.75,2,3.5,SP,2,204.8,0.26385854674736675,0.0,1.0,6.975619212962963
f4db9b37944bcb8873e6b456ee190bbf,21,3409.78,154.99,4.545454545454546,2,1.7272727272727273,SP,17,200.57529411764708,0.14633773104004566,0.0,0.9090909090909091,13.29969539141414
f524ad65d7e0f1daab730ef2d2e86196,1,578.0,289.0,1.0,1,1.0,RS,1,578.0,0.054498269896193774,1.0,0.0,24.899224537037036
f52c2422904463fdd7741f99045fecb6,12,567.79,43.676153846153845,4.3076923076923075,3,2.230769230769231,SP,3,189.26333333333332,0.511107411060123,0.07692307692307693,0.9230769230769231,5.532022792022792
f5403d3f50089112c4eed37928b7f622,2,190.8,95.4,1.0,2,3.5,SP,1,190.8,0.16904057738784095,1.0,,
f543ba3c973276f519d89d59bd46cead,2,258.0,129.0,2.0,1,5.0,SP,5,51.6,0.6358139534883722,0.5,,
f593898ec748b7a8cb81fc04edafd98a,20,2813.04,122.30608695652174,3.4782608695652173,4,2.95,SP,6,468.84,0.4156870761779516,0.30434782608695654,0.8181818181818182,18.028862584175084
f5a590cf36251cf1162ea35bef76fe84,117,53201.78,436.0801639344262,4.237704918032787,3,1.7226890756302522,SP,18,2955.6544444444444,0.11761758670619098,0.12295081967213115,0.8983050847457628,11.821742879001883
f5b44895715ddfe3087dc414f30268f3,19,378.8,19.936842105263157,4.0,1,1.0,SP,11,34.43636363636364,0.7247889673249337,0.15789473684210525,0.9473684210526315,12.497305677387915
f5b84683a9bf9e1df748cf40f601b39c,1,83.9,83.9,5.0,1,4.0,SP,1,83.9,0.10810488676996424,0.0,1.0,6.706354166666666
f5f1f2c5f923f36ad79ea1d07185ddc9,12,1912.15,147.08846153846156,3.076923076923077,1,1.0,SP,3,637.3833333333333,0.1097135285664236,0.38461538461538464,0.9090909090909091,12.885341961279464
f5f2ab9bdb6b30c14c61be68c5ed37da,18,2134.6800000000003,118.59333333333335,4.277777777777778,3,3.388888888888889,SP,15,142.312,0.1877484511696739,0.1111111111111111,0.8888888888888888,13.4501858281893
f5f46307a4d15880ca14fab4ad9dfc9b,9,1422.94,142.294,4.0,3,3.2,SC,5,284.588,0.20882777849922313,0.1,0.9,12.918791666666667
f5fea3ffed6c2e889bab72705557c63a,3,1059.9,353.3,3.6666666666666665,1,2.3333333333333335,RJ,3,353.3,0.2514406023866215,0.3333333333333333,0.0,28.703055555555554
f6122bc84774df1b372bdb3bb88ddb9f,3,4799.87,1599.9566666666667,3.6666666666666665,1,1.0,SP,6,799.9783333333334,0.015732969517012075,0.3333333333333333,0.6666666666666666,15.619992283950618
f615fe7efbef0f4f08fd3086bc7a3e60,23,2359.27,98.30291666666666,4.375,4,2.0,SP,4,589.8175,0.22345385892411765,0.16666666666666666,0.9130434782608695,7.495673309178743
f61c63d13f7cd800549d5acdd390ae72,26,3072.3,118.16538461538462,4.0,4,1.8461538461538463,SP,12,256.02500000000003,0.25611469678615634,0.11538461538461539,0.9230769230769231,11.74718482905983
f626e15b7314c267e4429010866f70e9,5,193.54999999999998,27.65,4.142857142857143,3,1.0,SP,6,32.25833333333333,0.6869880890990965,0.14285714285714285,1.0,9.50479332010582
f62d7bb4a613ec758a03342d46b580b2,32,24665.0,770.78125,4.375,2,7.1875,MG,8,3083.125,0.0863599868112205,0.0625,0.875,13.872097077546297
f63d8f293af3a6454377546bd9dd19ff,17,1751.82,62.565,3.8214285714285716,2,2.5714285714285716,SP,10,175.182,0.35426069606672295,0.2857142857142857,0.7857142857142857,18.260358796296295
f650a9708fa1bab22bdd8d3a818cc415,5,507.75,101.55,3.4,1,1.0,SC,8,63.46875,0.17498314316432131,0.4,1.0,15.323486689814816
f664f98bfda2eaf266a23ff144e7a872,2,153.99,76.995,3.0,1,5.0,SP,5,30.798000000000002,0.11130067174054532,0.5,1.0,2.6854803240740743
f67efa3f0b6761102a7f8c6b7b571f5d,31,5188.68,162.14625,4.4375,4,3.6875,PR,19,273.0884210526316,0.19428577996347454,0.0625,1.0,9.829373191550927
f680f85bee2d253556ac91be391d2c82,45,5183.92,95.99851851851852,4.296296296296297,2,2.9814814814814814,SP,12,431.99333333333334,0.2799430874273581,0.09259259259259259,0.9814814814814815,10.347424554183814
f682e0f848abafc6f41e0d4e868c66ef,2,269.98,134.99,3.5,1,1.0,SP,8,33.7475,0.13214627539582008,0.0,0.5,19.699797453703702
f7315bb81aea4ddca2d39e249a801c98,2,379.8,189.9,4.5,1,3.0,SP,3,126.60000000000001,0.13238546603475512,0.0,0.5,10.214172453703704
f7496d659ca9fdaf323c0aae84176632,26,5087.57,188.4285185185185,4.592592592592593,2,7.5,SP,23,221.1986956521739,0.1805482287859138,0.07407407407407407,0.9230769230769231,12.465313835470086
f76a3b1349b6df1ee875d1f3fa4340f0,24,4160.79,173.36625,3.4583333333333335,1,1.0,SP,8,520.09875,0.1573120625982203,0.2916666666666667,0.625,17.02268036265432
f7720c4fa8e3aba4546301ab80ea1f1b,60,2083.45,26.710897435897433,4.198717948717949,3,1.435897435897436,PR,18,115.7472222222222,0.7328264724504197,0.0641025641025641,0.961038961038961,9.924344185906687
f783a638e9c6af4a7d0dbfde811e7a81,5,849.8,169.95999999999998,4.0,2,2.4,SP,3,283.26666666666665,0.19604196966262566,0.2,0.8,17.646319444444444
f789d2c4f2c2eb38fc4373e7a4b35264,44,4864.24,99.27020408163264,4.183673469387755,2,3.7551020408163267,MG,17,286.13176470588235,0.21246788814155182,0.14285714285714285,0.9591836734693877,10.903803854875285
f7ba60f8c3f99e7ee4042fdef03b70c4,219,68395.0,297.3695652173913,4.2043478260869565,2,5.482608695652174,SP,14,4885.357142857143,0.11735126388194507,0.10869565217391304,0.834061135371179,13.124415534530165
f7c31656c19db6275a8acadca289f426,1,61.56,61.56,3.0,0,,SP,1,61.56,0.2629954515919428,0.0,1.0,13.381388888888889
f7ccf836d21b2fb1de37564105216cc1,70,2787.4,37.667567567567566,3.8194444444444446,2,1.0405405405405406,SP,9,309.7111111111111,0.40748039585086815,0.20270270270270271,0.9041095890410958,11.043061897513951
f7df46c1e0ec44eed5c6726478da4a17,3,429.70000000000005,143.23333333333335,1.0,1,2.0,RS,2,214.85000000000002,0.13642685254786924,1.0,,
f805b96fa705ba7995a221f1749dc141,7,2744.44,392.0628571428571,4.428571428571429,1,4.428571428571429,PR,10,274.444,0.15467081065169008,0.0,1.0,12.984732142857142
f80edd2c5aaa505cc4b0a3b219abf4b8,119,9108.2,71.1578125,4.078740157480315,6,4.0703125,SP,17,535.7764705882354,0.38185852747893206,0.15625,0.936,12.15315824074074
f8201cab383e484733266d1906e2fdfa,10,889.0,88.9,4.1,1,3.0,SC,15,59.266666666666666,0.2860549727328536,0.1,0.8,13.045797453703704
f84a00e60c73a49e7e851c9bdca3a5bb,90,5949.9400000000005,60.100404040404044,3.6666666666666665,2,1.2121212121212122,RJ,18,330.55222222222227,0.6435354551629874,0.26262626262626265,0.8969072164948454,11.270389222985871
f84fa566034f5e8e880a07ec624c56af,91,5093.79,49.93911764705882,4.267326732673268,3,1.0196078431372548,SP,14,363.84214285714285,0.2467424542157196,0.11764705882352941,0.88,11.47134224537037
f88adb15807168d3c43d71021090ce4a,3,488.8,162.93333333333334,3.3333333333333335,2,1.0,SP,5,97.76,0.10728610372817622,0.3333333333333333,1.0,6.365833333333334
f8d5c7085db9a4ad2b8c1ffbeb2798c8,6,263.0,43.833333333333336,5.0,1,1.0,SP,12,21.916666666666668,0.46167012631054377,0.0,1.0,12.526377314814814
f8db351d8c4c4c22c6835c19a46f01b0,667,50525.6,69.78674033149171,4.220833333333333,19,3.5866851595006937,SP,20,2526.2799999999997,0.35912241931217387,0.106353591160221,0.9411764705882353,9.914259048526818
f8e2c1b59cd4225a3e4fd0d013a76b93,2,219.8,73.26666666666667,5.0,1,2.0,SP,4,54.95,0.22029245457916202,0.0,1.0,10.426342592592592
f8f35af4634605e6693c17cc3ffff5a8,1,90.0,90.0,5.0,1,2.0,MG,1,90.0,0.1821111111111111,0.0,1.0,10.140243055555555
f90f77ef2799a27f80d90c425ca944f7,1,70.0,70.0,5.0,1,4.0,PR,1,70.0,0.278,0.0,1.0,7.389560185185185
f918546be4bec7104d117789ba758b2b,20,1483.0,64.47826086956522,3.8260869565217392,1,2.3043478260869565,SP,7,211.85714285714286,0.24223325808809343,0.21739130434782608,0.8260869565217391,11.928280998389695
f9244d45189d3a3605499abddeade7d5,21,15731.43,749.1157142857143,4.285714285714286,3,2.761904761904762,SP,19,827.97,0.10387471739195922,0.047619047619047616,1.0,15.176920717592594
f92d8c817434bd2d84d4e9c61322b7fa,5,174.84,34.968,4.6,1,1.0,SP,7,24.97714285714286,0.2908279809115043,0.0,0.8,8.32550462962963
f97e2b0650c2068227e1d366140eb62f,16,3654.0,174.0,3.65,2,1.8095238095238095,SP,15,243.6,0.3562525169182801,0.2857142857142857,0.9523809523809523,14.118763227513227
f9903dd0f812c7e771fcad47b6fff231,10,1684.8500000000001,112.32333333333334,2.933333333333333,3,1.0,SC,10,168.485,0.3504424963639499,0.3333333333333333,1.0,13.250454475308642
f9a02f1922d1de564392e656d82b3fda,1,125.9,125.9,4.0,1,3.0,SP,1,125.9,0.09126290706910246,0.0,,
f9bbdd976532d50b7816d285a22bd01e,2,268.0,134.0,5.0,1,2.0,SP,5,53.6,0.1282477559475237,0.0,0.5,14.890231481481482
f9d010e39375d9c91dce3f40b73a2f84,4,1212.0,242.4,3.0,1,5.0,SP,6,202.0,0.12297824979205374,0.4,0.6,18.845645833333332
f9ec7093df3a7b346b7bcf7864069ca3,9,519.2,57.6888888888889,4.777777777777778,5,2.4444444444444446,SP,2,259.6,0.4090703614348667,0.0,0.8888888888888888,6.317723765432099
f9eda05b67bef472deaddbba84aca289,1,185.0,185.0,1.0,1,1.0,SC,1,185.0,0.27994594594594596,1.0,,
f9eedec3129e8cc6b6429c42d0808c5b,2,789.8,394.9,4.5,1,1.5,RJ,1,789.8,0.05825506716856033,0.0,1.0,6.757737268518518
f9f68daa2af419d38f745478bcb3da1a,2,22.4,11.2,3.0,1,4.0,SP,4,5.6,1.292857142857143,0.5,1.0,11.757013888888888
fa14641f57b655e933124a9ea49cd7a5,7,359.92999999999995,51.41857142857142,4.571428571428571,3,2.4285714285714284,SP,10,35.992999999999995,0.23634557949557305,0.0,1.0,6.980003306878308
fa18c782a4866d313cadab567097f8f1,1,58.99,58.99,1.0,1,3.0,MG,1,58.99,0.3331073063231056,1.0,,
fa1a9dec3a9940c072684a46728bf1fc,55,6674.0,111.23333333333333,3.983050847457627,1,2.6,SC,23,290.17391304347825,0.2222987803768974,0.16666666666666666,1.0,14.58622762345679
fa1c13f2614d7b5c4749cbc52fecda94,585,194042.03,331.12974402730373,4.34020618556701,5,1.848122866894198,SP,20,9702.1015,0.0729021245577973,0.10409556313993173,0.8981001727115717,13.341870562272117
fa3a0b5aabb344b9a92e3524b0202123,7,1789.0,255.57142857142858,4.142857142857143,1,2.4285714285714284,SP,6,298.1666666666667,0.09739895546765467,0.14285714285714285,0.8571428571428571,11.636570767195767
fa40cc5b934574b62717c68f3d678b6d,307,16055.87,47.22314705882353,4.437869822485207,3,3.985294117647059,SP,20,802.7935,0.29770545504368406,0.08235294117647059,0.9406528189910979,11.200961884547754
fa5fdc4e4bb6bd1009ad0e4ac4096562,1,161.99,161.99,5.0,1,2.0,SP,1,161.99,0.20285202790295695,0.0,1.0,7.057268518518518
fa74b2f3287d296e9fbd2cc80f2d1cf1,11,2459.89,223.62636363636364,2.3636363636363638,1,1.7272727272727273,SP,6,409.9816666666666,0.09157833985243814,0.6363636363636364,0.6,30.38007407407407
fa7ad8ae9bcb2c4493fdf38e96b1d74f,1,88.0,44.0,1.0,1,1.0,SP,1,88.0,0.2693181818181818,1.0,,
fa8d335d68129e464e60c1826a683e96,1,139.9,139.9,4.0,1,1.0,RS,1,139.9,0.24860614724803431,0.0,1.0,22.21934027777778
fac1a9017ade7bdc94058fc1c969f355,9,2010.84,201.084,4.7,2,1.0,SP,4,502.71,0.251920834377609,0.0,1.0,7.564819444444444
fac35d150712afb921ec59ac5f39bb11,5,696.0,116.0,4.166666666666667,2,1.0,MG,6,116.0,0.14973245614035088,0.0,1.0,10.682179783950616
fad44952713764836814be105382aee5,32,5129.0,160.28125,4.28125,1,4.0,RJ,8,641.125,0.1026974796037296,0.0625,0.96875,10.79425925925926
fadb07c842a2aef5d5a676b85f220e71,7,398.75,56.964285714285715,4.714285714285714,2,1.8571428571428572,SP,3,132.91666666666666,0.6400313064149502,0.0,1.0,6.430039682539683
fb3cfbc8a86f5d7fbb4d36b8df63f60d,10,1007.3000000000001,67.15333333333334,3.1333333333333333,1,1.2666666666666666,RJ,3,335.7666666666667,0.21706271019164353,0.4,1.0,7.461125
fb503a924a0b9db19d83dd0ac6dbef8c,1,13.9,13.9,5.0,1,1.0,RS,1,13.9,1.2892086330935253,0.0,1.0,6.547800925925926
fb8904a8ea99f8831b64ce27db2c1765,2,278.0,139.0,4.5,1,2.0,SP,1,278.0,0.08762589928057554,0.0,0.5,11.159346064814816
fb89df7f89fd1b8f03fa2acca1ba7364,22,2220.0,88.8,3.84,1,1.0,PR,11,201.8181818181818,0.2939959135570542,0.2,0.92,15.54835324074074
fbc14c0cf93505ef89f64665ffa4a7b5,18,12227.82,679.3233333333333,4.176470588235294,5,3.3333333333333335,SP,13,940.6015384615384,0.09890617266155528,0.1111111111111111,0.9444444444444444,12.070780606995886
fc0b214b59a83615fea981c6424a02ae,1,159.9,159.9,5.0,1,2.0,SP,1,159.9,0.07592245153220763,0.0,1.0,4.384398148148148
fc38b5dceee1a730fad8853453437fbd,5,119.2,23.84,4.6,2,1.4,SP,9,13.244444444444445,0.5358206927575349,0.0,1.0,7.9680231481481485
fc4751cfe3b279c419615b9b00c1abb4,1,453.7,453.7,5.0,1,4.0,PR,1,453.7,0.03824112849900816,0.0,1.0,8.010011574074074
fc59392d66ef99377e50356ee4f3b4e1,5,519.99,103.998,3.6,3,2.4,BA,4,129.9975,0.17018876405980365,0.4,1.0,7.950819444444446
fc5a0d7a310a7a41abf86a458585ff2b,2,162.8,81.4,2.5,1,2.0,SP,12,13.566666666666668,0.17318988006520947,0.5,1.0,13.929652777777777
fc6295add6f51a0936407ead70c1001d,1,160.0,40.0,1.0,1,1.0,SP,1,160.0,0.44075,1.0,1.0,13.800219907407408
fc906263ca5083d09dce42fe02247800,114,4497.7,37.79579831932773,4.369747899159663,3,1.9333333333333333,MG,9,499.7444444444444,0.42570942634062814,0.10084033613445378,1.0,9.348499525166192
fc908879b9ca1bd65419e54e50432d38,4,119.19999999999999,29.799999999999997,5.0,1,1.0,SP,8,14.899999999999999,0.4438674812030075,0.0,1.0,8.675014467592591
fc99f99385ae90f66f01733856fb88c9,1,89.9,89.9,1.0,1,1.0,SP,1,89.9,0.23492769744160177,1.0,,
fcb5ace8bcc92f75707dc0f01a27d269,62,8318.63,113.95383561643834,3.7916666666666665,11,2.287671232876712,SP,10,831.8629999999999,0.24891965335711713,0.1780821917808219,0.9714285714285714,10.425272817460316
fcba71d4d5db057f43249145e4eb1e27,3,494.55,164.85,4.666666666666667,1,1.3333333333333333,SP,5,98.91,0.1088586529776412,0.0,1.0,18.62317901234568
fcdd820084f17e9982427971e4e9d47f,16,4783.99,177.1848148148148,3.259259259259259,2,3.962962962962963,SP,6,797.3316666666666,0.18692807194983113,0.3333333333333333,0.9259259259259259,11.072314814814815
fce62094ffe6a4009188ec44e681dfdd,4,2969.7,269.97272727272724,3.1818181818181817,3,1.7272727272727273,SP,14,212.12142857142857,0.3123511481406218,0.45454545454545453,0.5454545454545454,18.97176872895623
fcf16b7a8697e559f0123190bb30177d,3,1052.8,150.4,3.142857142857143,1,1.0,SP,7,150.4,0.47470554711246205,0.42857142857142855,0.42857142857142855,15.83217757936508
fd312b6bf05efac6c3772d5b52205d8a,2,118.69999999999999,29.674999999999997,5.0,1,1.0,SP,4,29.674999999999997,0.3843703148425787,0.0,1.0,6.378287037037037
fd386aa7bed2af3c7035c65506c9b4a3,69,2304.15,30.31776315789474,4.355263157894737,14,1.486842105263158,SP,7,329.1642857142857,0.670170512393187,0.14473684210526316,0.8947368421052632,8.330300469054581
fd435faa3c0422b60440ea3480d0e77c,1,749.0,749.0,5.0,1,5.0,PB,1,749.0,0.17873164218958612,0.0,1.0,9.468483796296296
fdaaf5bfda82b7b80535610c831b8d09,10,2588.9,172.59333333333333,3.933333333333333,2,1.9333333333333333,SP,9,287.65555555555557,0.11962292456926887,0.26666666666666666,0.8,11.031408950617283
fdb9095204a334cd8872252ffec6f2db,46,8156.0,133.70491803278688,4.139344262295082,1,1.1639344262295082,SP,12,679.6666666666666,0.1394016974351428,0.14754098360655737,0.9508196721311475,8.870835610200364
fde0cc9ea29c8ccfc0a2c22256a58c71,35,3922.0,112.05714285714286,4.485714285714286,3,5.0,PR,11,356.54545454545456,0.25184742435041013,0.08571428571428572,0.9714285714285714,8.711281084656084
fdf736c18c589ed030e058312203e1b2,1,30.0,30.0,5.0,1,2.0,MG,1,30.0,0.48366666666666663,0.0,1.0,5.490983796296296
fe19dce63ae80346207c6c55713d1023,1,49.9,49.9,5.0,1,1.0,MG,1,49.9,0.4372745490981964,0.0,1.0,7.0012384259259255
fe1b067411b8c5066e962aa146ccee03,8,847.78,105.9725,4.625,2,1.0,SP,2,423.89,0.1817351386826658,0.0,1.0,8.78437210648148
fe1bbc5feda5c8979a8a1b3b2512d5a6,9,724.72,72.47200000000001,3.8,1,1.4444444444444444,MG,6,120.78666666666668,0.2382259202353047,0.0,0.9,11.625980324074074
fe2032dab1a61af8794248c8196565c9,294,65959.61,215.55428104575162,4.3841059602649,2,1.1339869281045751,SP,18,3664.422777777778,0.07753428918818565,0.09477124183006536,0.9147540983606557,10.600771782027929
fe26f3ecb51a15e6d8335cd92da42562,7,2708.96,386.9942857142857,4.428571428571429,1,1.0,SP,4,677.24,0.10142455845208025,0.0,0.8571428571428571,10.683282076719577
fe49ee029e61e789a1f3a5525f57ba8d,17,2527.5899999999997,148.68176470588233,4.0588235294117645,6,1.5294117647058822,SP,5,505.5179999999999,0.11193875432206671,0.17647058823529413,0.9375,10.416166811342592
fe4cd9461203cee790d36792420b310f,3,391.15,130.38333333333333,4.0,1,1.0,MG,7,55.878571428571426,0.13851311909343253,0.0,1.0,14.347658179012347
fe701d88b67eaca109dffd464d1be9f9,11,1548.9,140.8090909090909,4.0,1,4.090909090909091,RJ,9,172.10000000000002,0.2419771662221841,0.18181818181818182,0.9,12.424614583333334
fe8055980a4ff7f64ed889c2b5926929,3,196.70000000000002,65.56666666666668,4.666666666666667,2,2.6666666666666665,PR,2,98.35000000000001,0.4414771617817737,0.0,1.0,6.485983796296296
fe87f472055fbcf1d7e691c00b1560dc,6,1085.8,180.96666666666667,4.5,1,1.5,SP,4,271.45,0.14074888335667327,0.0,0.8333333333333334,6.001875000000001
fe9d9cf8631285d5982c6e2cf27fb114,1,69.9,69.9,4.0,1,2.0,MG,1,69.9,0.3381974248927038,0.0,1.0,4.90292824074074
feb793c88d836c3a75efa4b5a3465d70,1,466.0,466.0,5.0,1,4.0,SP,1,466.0,0.1377038626609442,0.0,1.0,5.986342592592592
febab0275244b9a49a623f0bd613ca2f,109,7272.42,56.3753488372093,4.263565891472868,3,1.0,SP,19,382.75894736842105,0.49280689601926664,0.13178294573643412,0.9603174603174603,8.174898589065256
fec6275253471ace26d209bbaa64cd0f,9,2840.0,284.0,4.6,1,1.0,RJ,7,405.7142857142857,0.12523591549295773,0.1,1.0,13.27862384259259
fec6912baad85d41729669edd6b4d3b8,1,210.0,210.0,1.0,1,1.0,SP,1,210.0,0.24747619047619046,1.0,,
fec8cd45395b3cb0c2b173d7739706a1,4,1280.0,320.0,3.75,1,4.0,SP,4,320.0,0.07573437499999999,0.0,1.0,10.44833912037037
fedaedd3ca31d56ab33e92035e4b361c,1,39.9,39.9,4.0,1,3.0,RJ,1,39.9,0.27468671679198,0.0,1.0,8.62082175925926
fedf2c1386e137f296b3bbf3b635e69d,2,131.74,26.348000000000003,3.2,2,1.0,SP,4,32.935,0.7439602868174298,0.6,1.0,10.687655092592593
ff063b022a9a0aab91bad2c9088760b7,94,12076.5,125.796875,4.28421052631579,3,5.270833333333333,SP,19,635.6052631578947,0.20159690491573698,0.09375,0.96875,9.401329571759259
ff1e15b778c700abdd4d239b81ac466d,7,414.3,59.18571428571429,4.571428571428571,2,2.142857142857143,PR,1,414.3,0.27895021496926314,0.0,1.0,7.551547619047619
ff1fb4c404b2efe68b03350a8dc24122,46,6771.0,138.18367346938774,4.061224489795919,6,1.653061224489796,SP,8,846.375,0.1629531896590183,0.16326530612244897,0.8571428571428571,9.905753023431595
ff314fa6033cc68ec451c47aee2d6ba4,2,537.9,268.95,5.0,0,,SP,5,107.58,0.06030866505479532,0.0,1.0,10.687337962962962
ff4e2d38692ce827b1a4f4b8196e680d,11,518.9,47.17272727272727,4.2727272727272725,2,1.0,SP,12,43.24166666666667,0.31155423495968815,0.09090909090909091,1.0,9.210698653198653
ff4ea69c2a729e83e63c7579e4ef8170,9,7017.0,779.6666666666666,4.5,1,1.6666666666666667,SP,6,1169.5,0.024691636342226583,0.1111111111111111,1.0,11.463975694444445
ff69aa92bb6b1bf9b8b7a51c2ed9cf8b,20,21940.8,1097.04,3.65,2,4.6,SP,7,3134.4,0.08264857654393046,0.3,0.75,11.462290509259258
ff82e8873fba613f2261a9acc896fd84,4,124.6,31.15,3.5,2,1.25,MG,3,41.53333333333333,0.6712908632513607,0.25,1.0,9.54111400462963
ffa6adafb71b807dc13159e26431354c,18,2669.9,148.32777777777778,3.7777777777777777,5,1.3333333333333333,PR,6,444.98333333333335,0.2102109364459797,0.16666666666666666,1.0,9.852557189542482
ffad1e7127fb622cb64a900751590acd,10,884.3,58.95333333333333,4.866666666666666,2,2.2666666666666666,SP,5,176.85999999999999,0.36075369355713555,0.0,1.0,8.469956790123456
ffc470761de7d0232558ba5e786e57b7,28,1649.01,53.19387096774194,4.3,8,1.5483870967741935,SP,7,235.57285714285715,0.35469202813341444,0.06451612903225806,0.9333333333333333,10.081843364197532
ffcfefa19b08742c5d315f2791395ee5,1,69.9,69.9,1.0,1,4.0,PR,1,69.9,0.13762517882689554,1.0,,
ffdd9f82b9a447f6f8d4b91554cc7dd3,18,2101.2,105.05999999999999,4.25,2,1.2,PR,18,116.73333333333332,0.3543476051482628,0.15,1.0,10.32411284722222
ffeee66ac5d5a62fe688b9d26f83f534,14,1839.8600000000001,131.41857142857143,4.214285714285714,1,4.928571428571429,SP,9,204.4288888888889,0.23237474305022973,0.14285714285714285,0.8571428571428571,18.07488095238095
fffd5413c0700ac820c7069d66d98c89,60,9062.3,148.5622950819672,3.8666666666666667,3,2.5737704918032787,SP,14,647.3071428571428,0.339313800092244,0.21311475409836064,0.8620689655172413,13.744652977330778
ffff564a4f9085cd26170f4732393726,20,1426.3,71.315,2.1,6,2.5,SP,7,203.75714285714284,0.397900492236161,0.65,1.0,12.49623263888889
